ID	Other_ID	Other_ID_2	Genus	Species	Material	Element	Site_Region	Site_updated	Site	Country	Lat	Long	Age_Name_BP	Age info	Date_Maximum_BP	Date_Minimum_BP	Accession	Age_note	Meta Population	mt Haplotype	Sex	Y_chr	Cov (reported)			Mean Depth	BoC %	Bam file location_NIH	Bam file location_LMU (OLD)	Bam file location_LMU (LATEST)	VCF-name-GLOBUS	BAM-directory-GLOBUS	BAM-name-GLOBUS	Notes	Reference	v1_148g	name_haplo_VCF	Spcode	Site_Region	Age_Mean_BP	analysis-ID	Wolf-Dog_PCA	Dog_PCA (European, Arctic+NA, East Asia, Near Eastern Africa)
LS0215	1972.856 (D50)		Canis	familiaris	bone	petrous	AfghanHound	AfghanHound1		Afghanistan			Hist_1903	1903					African_NearEast_India_Dogs							1.44	74			/dss/dssfs02/pn29qe/pn29qe-dss-0000/ancient_dogs_bam/bams2023/LS0215a/LS0215a_rmdup.bam					Lachie unpublished historic breed data		LS0215	D	AfghanHound1	Hist_1903	D_AfghanHound1_Hist_1903		
CANIS-ALAS-015	UAM:ES:28769	ALAS_015	Canis	familiaris			Teshekpuk	Teshekpuk1	Teshekpuk Lake	Alaska	70.44	-153.5	3763	3763					preContact_Dogs				1.27			1.33	70.49		/dss/dssfs03/pn29bi/pn29bi-dss-0002/canids_bam/ancient/ALAS_015.bam	/dss/dssfs02/pn29qe/pn29qe-dss-0000/ancient_dogs_bam/Other/ALAS_015.bam		Other	ALAS_015.bam		Unpublished data		CANIS-ALAS-015	D	Teshekpuk1	3763	D_Teshekpuk1_3763	Dogs	preContact_Dogs
SC1056	PTIL-ACROPOLIS		Canis	familiaris	Bone	Rib fragments	Tilcara	Tilcara1	Pucará de Tilcara	Argentina			950	950	400	1500										1.89	81.29		/dss/dssfs03/pn29bi/pn29bi-dss-0002/canids_bam/ancient_rehead/SC1056_rmdup.bam	/dss/dssfs02/pn29qe/pn29qe-dss-0000/ancient_dogs_bam/Unpub_Sophy/SC1056_rmdup.bam		Unpub_Sophy	SC1056_rmdup.bam		Sophy unpublished data		SC1056	D	Tilcara1	950	D_Tilcara1_950	Dogs	preContact_Dogs
HOV4			Cuon	alpinus			Hovk	Hovk1	Hovk 1 Cave	Armenia	40.79	45.04	70000	70000					Dhole		M		0.99			1.03	61.45		/dss/dssfs03/pn29bi/pn29bi-dss-0002/canids_bam/ancient/HOV4.bam	/dss/dssfs02/pn29qe/pn29qe-dss-0000/ancient_dogs_bam/Unpub_AB_wolf/HOV4.bam		Unpub_AB_wolf	HOV4.bam		Bergström et al. (2022) 'Grey wolf genomic history reveals a dual ancestry of dogs', Nature, 607: 313-320		Hov4	#N/A	Hovk1	70000	Dhole_Hovk1_70000	Dhole	Dhole
LS0001	UNE-2 (6N 1734)		Canis	familiaris	bone	petrous	NullarborPlain	NullarborPlain1	NullarborPlain	Australia	-31.16217	128.30161	603	603 calBP	654	551			Dingo							1.43	74.07			/dss/dssfs02/pn29qe/pn29qe-dss-0000/ancient_dogs_bam/bams2023/LS0001_A2/LS0001_A2_rmdup.bam					Lachie unpublished dingo data		LS0001	D	NullarborPlain1	603	D_NullarborPlain1_603	Dingo	Dingo
LS0004	UNE-5 (N 193)		Canis	familiaris	bone	petrous	NullarborPlain	NullarborPlain2	NullarborPlain	Australia	-31.49657	127.46714	216	216 calBP	303	150			Dingo							1.5	73.97			/dss/dssfs02/pn29qe/pn29qe-dss-0000/ancient_dogs_bam/bams2023/LS0004_A2/LS0004_A2_rmdup.bam					Lachie unpublished dingo data		LS0004	D	NullarborPlain2	216	D_NullarborPlain2_216	Dingo	Dingo
LS0012	UNE-13 (N 193)		Canis	familiaris	bone	petrous	NullarborPlain	NullarborPlain3	NullarborPlain	Australia	-31.49657	127.46714	119	119 calBP	264	0			Dingo							1.52	75.88			/dss/dssfs02/pn29qe/pn29qe-dss-0000/ancient_dogs_bam/bams2023/LS0012_A2/LS0012_A2_rmdup.bam					Lachie unpublished dingo data		LS0012	D	NullarborPlain3	119	D_NullarborPlain3_119	Dingo	Dingo
LS0013	UNE-14 (6N 1734)		Canis	familiaris	bone	petrous	NullarborPlain	NullarborPlain4	NullarborPlain	Australia	-31.16217	128.30161	95	95 calBP	252	0			Dingo							0.17	13.98			/dss/dssfs02/pn29qe/pn29qe-dss-0000/ancient_dogs_bam/bams2023/LS0013_A3/LS0013_A3_rmdup.bam					Lachie unpublished dingo data		LS0013	D	NullarborPlain4	95	D_NullarborPlain4_95	Dingo	Dingo
LS0016	UNE-17 (Tusk Cave)		Canis	familiaris	bone	petrous	NullarborPlain	NullarborPlain5	NullarborPlain	Australia	-31.49456	127.42084	104	104 calBP	253	0			Dingo							0.02	1.64			/dss/dssfs02/pn29qe/pn29qe-dss-0000/ancient_dogs_bam/bams2023/LS0016_A3/LS0016_A3_rmdup.bam					Lachie unpublished dingo data		LS0016	D	NullarborPlain5	104	D_NullarborPlain5_104	Dingo	Dingo
LS0018	UNE-19 (N200)		Canis	familiaris	bone	petrous	NullarborPlain	NullarborPlain6	NullarborPlain	Australia	-31.52869	127.23328	2243	2243 calBP	2350	2151			Dingo							0.1	8.98			/dss/dssfs02/pn29qe/pn29qe-dss-0000/ancient_dogs_bam/bams2023/LS0018_A3/LS0018_A3_rmdup.bam					Lachie unpublished dingo data		LS0018	D	NullarborPlain6	2243	D_NullarborPlain6_2243	Dingo	Dingo
LS0056	UNE-26 (6N 1734)		Canis	familiaris	bone	petrous	NullarborPlain	NullarborPlain7	NullarborPlain	Australia	-31.16217	128.30161	372	372 calBP	444	296			Dingo							0.09	7.28			/dss/dssfs02/pn29qe/pn29qe-dss-0000/ancient_dogs_bam/bams2023/LS0056_A3/LS0056_A3_rmdup.bam					Lachie unpublished dingo data		LS0056	D	NullarborPlain7	372	D_NullarborPlain7_372	Dingo	Dingo
LS0128	N5887		Canis	familiaris	Bone	Petrous	NullarborPlain	NullarborPlain8	NullarborPlain	Australia	-31	131	1180						Dingo		M					0.67	45.95			/dss/dssfs02/pn29qe/pn29qe-dss-0000/ancient_dogs_bam/bams2023/LS0128a/LS0128a_rmdup.bam					Lachie unpublished dingo data		LS0128	D	NullarborPlain8	1180	D_NullarborPlain8_1180	Dingo	Dingo
LS0131	N6880-15		Canis	familiaris			NullarborPlain	NullarborPlain9	NullarborPlain	Australia	-30.54	131.18	998	998 calBP					Dingo							0.48	35.62			/dss/dssfs02/pn29qe/pn29qe-dss-0000/ancient_dogs_bam/bams2023/LS0131_A2/LS0131_A2_rmdup.bam					Lachie unpublished dingo data		LS0131	D	NullarborPlain9	998	D_NullarborPlain9_998	Dingo	Dingo
LS0132	N6880-14		Canis	familiaris	Bone	Petrous	NullarborPlain	NullarborPlain10	NullarborPlain	Australia	-30.54	131.18	207						Dingo		M					1.06	62.08			/dss/dssfs02/pn29qe/pn29qe-dss-0000/ancient_dogs_bam/bams2023/LS0132a/LS0132a_rmdup.bam					Lachie unpublished dingo data		LS0132	D	NullarborPlain10	207	D_NullarborPlain10_207	Dingo	Dingo
LS0134	N6852-2		Canis	familiaris			NullarborPlain	NullarborPlain11	NullarborPlain	Australia	-31.03	131.07	627	627 calBP					Dingo							0.15	11.22			/dss/dssfs02/pn29qe/pn29qe-dss-0000/ancient_dogs_bam/bams2023/LS0134_A2/LS0134_A2_rmdup.bam					Lachie unpublished dingo data		LS0134	D	NullarborPlain11	627	D_NullarborPlain11_627	Dingo	Dingo
LS0136	N6880-10		Canis	familiaris	Bone	Petrous	NullarborPlain	NullarborPlain12	NullarborPlain	Australia	-30.54	131.18	541						Dingo		M					0.61	43.17			/dss/dssfs02/pn29qe/pn29qe-dss-0000/ancient_dogs_bam/bams2023/LS0136a/LS0136a_rmdup.bam					Lachie unpublished dingo data		LS0136	D	NullarborPlain12	541	D_NullarborPlain12_541	Dingo	Dingo
LS0137	N6880-13		Canis	familiaris	Bone	Petrous	NullarborPlain	NullarborPlain13	NullarborPlain	Australia	-30.54	131.18	372						Dingo		M					1.76	80.45			/dss/dssfs02/pn29qe/pn29qe-dss-0000/ancient_dogs_bam/bams2023/LS0137a/LS0137a_rmdup.bam					Lachie unpublished dingo data		LS0137	D	NullarborPlain13	372	D_NullarborPlain13_372	Dingo	Dingo
LS0138	N6880-6		Canis	familiaris	Bone	Petrous	NullarborPlain	NullarborPlain14	NullarborPlain	Australia	-30.54	131.18	295						Dingo		F					1.85	81.25			/dss/dssfs02/pn29qe/pn29qe-dss-0000/ancient_dogs_bam/bams2023/LS0138a/LS0138a_rmdup.bam					Lachie unpublished dingo data		LS0138	D	NullarborPlain14	295	D_NullarborPlain14_295	Dingo	Dingo
LS0139	N6880-19		Canis	familiaris			NullarborPlain	NullarborPlain15	NullarborPlain	Australia	-30.54	131.18	1227	1227 calBP					Dingo							0.87	53.71			/dss/dssfs02/pn29qe/pn29qe-dss-0000/ancient_dogs_bam/bams2023/LS0139_A2/LS0139_A2_rmdup.bam					Lachie unpublished dingo data		LS0139	D	NullarborPlain15	1227	D_NullarborPlain15_1227	Dingo	Dingo
LS0141	N6880-20		Canis	familiaris	Bone	Petrous	NullarborPlain	NullarborPlain16	NullarborPlain	Australia	-30.54	131.18	185						Dingo		F					0.82	53.57			/dss/dssfs02/pn29qe/pn29qe-dss-0000/ancient_dogs_bam/bams2023/LS0141a/LS0141a_rmdup.bam					Lachie unpublished dingo data		LS0141	D	NullarborPlain16	185	D_NullarborPlain16_185	Dingo	Dingo
LS0146	N6880-16		Canis	familiaris	Bone	Petrous	NullarborPlain	NullarborPlain17	NullarborPlain	Australia	-30.54	131.18	485						Dingo		M					1.9	81.63			/dss/dssfs02/pn29qe/pn29qe-dss-0000/ancient_dogs_bam/bams2023/LS0146a/LS0146a_rmdup.bam					Lachie unpublished dingo data		LS0146	D	NullarborPlain17	485	D_NullarborPlain17_485	Dingo	Dingo
LS0147	N6880-5		Canis	familiaris	Bone	Petrous	NullarborPlain	NullarborPlain18	NullarborPlain	Australia	-30.54	131.18	762	762 calBP					Dingo							2.28	85.66			/dss/dssfs02/pn29qe/pn29qe-dss-0000/ancient_dogs_bam/bams2023/LS0147a/LS0147a_rmdup.bam					Lachie unpublished dingo data		LS0147	D	NullarborPlain18	762	D_NullarborPlain18_762	Dingo	Dingo
LS0152	N6880-9		Canis	familiaris	Bone	Petrous	NullarborPlain	NullarborPlain19	NullarborPlain	Australia	-30.54	131.18	884						Dingo		M					1.04	59.8			/dss/dssfs02/pn29qe/pn29qe-dss-0000/ancient_dogs_bam/bams2023/LS0152a/LS0152a_rmdup.bam					Lachie unpublished dingo data		LS0152	D	NullarborPlain19	884	D_NullarborPlain19_884	Dingo	Dingo
AL2541	RBINS-GOY-2812-5		Canis	lupus			Goyet	Goyet1	Goyet	Belgium	50.44	5.01	34030	34030	34645	33415			Pleistocene_Wolves		F		0.79			1.07	62.37		/dss/dssfs03/pn29bi/pn29bi-dss-0002/canids_bam/ancient/AL2541_rmdup_chrn.bam	/dss/dssfs02/pn29qe/pn29qe-dss-0000/ancient_dogs_bam/Unpub_AB_wolf/AL2541_rmdup_chrn.bam		Unpub_AB_wolf	AL2541_rmdup_chrn.bam		Bergström et al. (2022) 'Grey wolf genomic history reveals a dual ancestry of dogs', Nature, 607: 313-320		AL2541	W	Goyet1	34030	W_Goyet1_34030	Pleistocene_Wolves	Wolves
SC1158_L1_b	UM495 CP F2052		Canis	sp	Tooth root	LLP4	CahalPech	CahalPech1	Cahal Pech	Belize	17.0845	-89.0425	Maya	Maya Late-Terminal Preclassic					Undet							0	0.15		/dss/dssfs03/pn29bi/pn29bi-dss-0002/canids_bam/ancient_rehead/SC1158_rmdup.bam 	/dss/dssfs02/pn29qe/pn29qe-dss-0000/ancient_dogs_bam/Unpub_Sophy/SC1158_rmdup.bam		Unpub_Sophy	SC1158_rmdup.bam		Sophy unpublished data		SC1158	U	CahalPech1	Maya	U_CahalPech1_Maya	Undet	Undet
SC1116	Muestra #2	AD2017	Canis	familiaris	Tooth root	Tooth	MolloKontuTihuanacu	MolloKontuTihuanacu1	Mollo Kontu-Tihuanacu	Bolivia			1250	1250	1600	900			preContact_Dogs	A1a						0.61	32.57		/dss/dssfs03/pn29bi/pn29bi-dss-0002/canids_bam/ancient/Bolivia_1250.mrg.rmdup.chrnmd.bam	/dss/dssfs02/pn29qe/pn29qe-dss-0000/ancient_dogs_bam/Unpub_Sophy/Bolivia_1250.mrg.rmdup.chrnmd.bam		Unpub_Sophy	Bolivia_1250.mrg.rmdup.chrnmd.bam	Same individual as AD2017	Sophy unpublished data		AD2017	D	MolloKontuTihuanacu1	1250	D_MolloKontuTihuanacu1_1250	Dogs	preContact_Dogs
NMNH_264482	SL404558	NMNH-264482 (extr. A)	Canis	lupus beothucus	Bone	Skull	Newfoundland	Newfoundland1	Newfoundland	Canada			NA	?	prior 1940				North_American_Wolves				2.7			3.44	88.15		/dss/dssfs03/pn29bi/pn29bi-dss-0002/canids_bam/ancient/NMNH_264482.final.bam	/dss/dssfs02/pn29qe/pn29qe-dss-0000/ancient_dogs_bam/Unpub_redwolf/NMNH_264482_reheader.bam		Unpub_redwolf	NMNH_264482_reheader.bam		Alberto unpublished data		NMNH_264482	W	Newfoundland1	NA	W_Newfoundland1_NA	North_American_Wolves	Wolves
ROM-15038			Canis	latrans	Bone	Turbinate	HaldimandNorfolk	HaldimandNorfolk1	Ontario, Haldimand-Norfolk	Canada			80	7 June 1941					Coyotes		M		1.24			0.94	33			/dss/dssfs02/pn29qe/pn29qe-dss-0000/ancient_dogs_bam/Cate_BAMs/ROM-15038.bam		Cate_BAMs	ROM-15038.bam		Alberto unpublished data		ROM-15038	C	HaldimandNorfolk1	80	C_HaldimandNorfolk1_80	Coyotes	Coyotes
ROM-2801260001			Canis	lupus lycaon	Bone	Turbinate	Algoma	Algoma1	Ontario, Algoma	Canada			90	10 Jan 1928					Red_Eastern_Wolves		F		0.93			0.71	34.32			/dss/dssfs02/pn29qe/pn29qe-dss-0000/ancient_dogs_bam/Cate_BAMs/ROM-2801260001.bam		Cate_BAMs	ROM-2801260001.bam		Alberto unpublished data		ROM-2801260001	W	Algoma1	90	W_Algoma1_90	Red_Eastern_Wolves	Wolves
ROM-2802160001			Canis	lupus lycaon	Tooth		Algoma	Algoma2	Ontario, Algoma	Canada			90	10 Feb 1928					Red_Eastern_Wolves		M		1.79			1.29	50.08			/dss/dssfs02/pn29qe/pn29qe-dss-0000/ancient_dogs_bam/Cate_BAMs/ROM-2802160001.bam		Cate_BAMs	ROM-2802160001.bam		Alberto unpublished data		ROM-2802160001	W	Algoma2	90	W_Algoma2_90	Red_Eastern_Wolves	Wolves
ROM-2805040002			Canis	lupus lycaon	claw, skin		Kenora	Kenora1	Ontario, Kenora	Canada			90	12 Nov 1930					Red_Eastern_Wolves		M		3.38			3.2	92.03			/dss/dssfs02/pn29qe/pn29qe-dss-0000/ancient_dogs_bam/Cate_BAMs/ROM-2805040002.bam		Cate_BAMs	ROM-2805040002.bam		Alberto unpublished data		ROM-2805040002	W	Kenora1	90	W_Kenora1_90	Red_Eastern_Wolves	Wolves
ROM-2806130001			Canis	lupus lycaon	Bone	Turbinate	Nipissing	Nipissing1	Ontario, Nipissing	Canada			100	Nov 1924					Red_Eastern_Wolves		M		1.48			1.46	74.72			/dss/dssfs02/pn29qe/pn29qe-dss-0000/ancient_dogs_bam/Cate_BAMs/ROM-2806130001.bam		Cate_BAMs	ROM-2806130001.bam		Alberto unpublished data		ROM-2806130001	W	Nipissing1	100	W_Nipissing1_100	Red_Eastern_Wolves	Wolves
ROM-3102240001			Canis	lupus lycaon	Bone	Turbinate	ThunderBay	ThunderBay1	Ontario, Thunder Bay	Canada			90	12 Nov 1930					Red_Eastern_Wolves		M		3.81			3.32	88.6			/dss/dssfs02/pn29qe/pn29qe-dss-0000/ancient_dogs_bam/Cate_BAMs/ROM-3102240001.bam		Cate_BAMs	ROM-3102240001.bam		Alberto unpublished data		ROM-3102240001	W	ThunderBay1	90	W_ThunderBay1_90	Red_Eastern_Wolves	Wolves
ROM-3103130002			Canis	lupus lycaon	Bone	Occipital	Quebec	Quebec1	Quebec	Canada			90	21 Dec 1930					Red_Eastern_Wolves		F		1.99			1.56	50.67			/dss/dssfs02/pn29qe/pn29qe-dss-0000/ancient_dogs_bam/Cate_BAMs/ROM-3103130002.bam		Cate_BAMs	ROM-3103130002.bam		Alberto unpublished data		ROM-3103130002	W	Quebec1	90	W_Quebec1_90	Red_Eastern_Wolves	Wolves
ROM-3212300002			Canis	latrans	Bone	Turbinate	HaldimandNorfolk	HaldimandNorfolk2	Ontario, Haldimand-Norfolk	Canada			90	13 Dec 1932					Coyotes		M		1.57			1.04	21.41			/dss/dssfs02/pn29qe/pn29qe-dss-0000/ancient_dogs_bam/Cate_BAMs/ROM-3212300002.bam		Cate_BAMs	ROM-3212300002.bam		Alberto unpublished data		ROM-3212300002	C	HaldimandNorfolk2	90	C_HaldimandNorfolk2_90	Coyotes	Coyotes
ROM-3302130001			Canis	latrans	Tooth		Algoma	Algoma3	Ontario, Algoma	Canada			90	17 Nov 1933					Coyotes		M		0.52			0.34	16.06			/dss/dssfs02/pn29qe/pn29qe-dss-0000/ancient_dogs_bam/Cate_BAMs/ROM-3302130001.bam		Cate_BAMs	ROM-3302130001.bam		Alberto unpublished data		ROM-3302130001	C	Algoma3	90	C_Algoma3_90	Coyotes	Coyotes
ROM-3302130002			Canis	latrans	Bone	Turbinate	Algoma	Algoma4	Ontario, Algoma	Canada			90	13 Feb 1933					Coyotes		F		2.53			1.93	36.49			/dss/dssfs02/pn29qe/pn29qe-dss-0000/ancient_dogs_bam/Cate_BAMs/ROM-3302130002.bam		Cate_BAMs	ROM-3302130002.bam		Alberto unpublished data		ROM-3302130002	C	Algoma4	90	C_Algoma4_90	Coyotes	Coyotes
ROM-3312050001			Canis	latrans	Tooth		HaldimandNorfolk	HaldimandNorfolk3	Ontario, Haldimand-Norfolk	Canada			90	17 Nov 1933					Coyotes		M		1.96			1.28	16.32			/dss/dssfs02/pn29qe/pn29qe-dss-0000/ancient_dogs_bam/Cate_BAMs/ROM-3312050001.bam		Cate_BAMs	ROM-3312050001.bam		Alberto unpublished data		ROM-3312050001	C	HaldimandNorfolk3	90	C_HaldimandNorfolk3_90	Coyotes	Coyotes
ROM-3401250001			Canis	latrans	Bone	Turbinate	Cochrane	Cochrane1	Ontario, Cochrane	Canada			90	22 Dec 1933					Coyotes		F		1.62			1.21	27.05			/dss/dssfs02/pn29qe/pn29qe-dss-0000/ancient_dogs_bam/Cate_BAMs/ROM-3401250001.bam		Cate_BAMs	ROM-3401250001.bam		Alberto unpublished data		ROM-3401250001	C	Cochrane1	90	C_Cochrane1_90	Coyotes	Coyotes
SC19.MCJ010	YG 489.668		Canis	lupus			QuartzCreek	QuartzCreek1	Quartz Creek, Yukon	Canada	60.99	-130.49	29943	29943	30381	29505			Pleistocene_Wolves		M		3.07			3.21	88.59		/dss/dssfs03/pn29bi/pn29bi-dss-0002/canids_bam/ancient/SC19.MCJ010.bam	/dss/dssfs02/pn29qe/pn29qe-dss-0000/ancient_dogs_bam/Unpub_AB_wolf/SC19.MCJ010.bam		Unpub_AB_wolf	SC19.MCJ010.bam		Bergström et al. (2022) 'Grey wolf genomic history reveals a dual ancestry of dogs', Nature, 607: 313-320		SC19.MCJ010	W	QuartzCreek1	29943	W_QuartzCreek1_29943	Pleistocene_Wolves	Wolves
SC19.MCJ014	YG 461.155		Canis	lupus			IndependenceCreek	IndependenceCreek1	Independence Creek, Yukon	Canada	63.36	-139.12	29143	29143	29465	28820			Pleistocene_Wolves		M		1.07			1.12	60.12		/dss/dssfs03/pn29bi/pn29bi-dss-0002/canids_bam/ancient/SC19.MCJ014.bam	/dss/dssfs02/pn29qe/pn29qe-dss-0000/ancient_dogs_bam/Unpub_AB_wolf/SC19.MCJ014.bam		Unpub_AB_wolf	SC19.MCJ014.bam		Bergström et al. (2022) 'Grey wolf genomic history reveals a dual ancestry of dogs', Nature, 607: 313-320		SC19.MCJ014	W	IndependenceCreek1	29143	W_IndependenceCreek1_29143	Pleistocene_Wolves	Wolves
SC19.MCJ015	YG 647.150		Canis	lupus			ParadiseHill	ParadiseHill1	Paradise Hill, Yukon	Canada	63.90	-139.37	43821	43821	44164	43477			Pleistocene_Wolves		M		2.32			2.43	84.14		/dss/dssfs03/pn29bi/pn29bi-dss-0002/canids_bam/ancient/SC19.MCJ015.bam	/dss/dssfs02/pn29qe/pn29qe-dss-0000/ancient_dogs_bam/Unpub_AB_wolf/SC19.MCJ015.bam		Unpub_AB_wolf	SC19.MCJ015.bam		Bergström et al. (2022) 'Grey wolf genomic history reveals a dual ancestry of dogs', Nature, 607: 313-320		SC19.MCJ015	W	ParadiseHill1	43821	W_ParadiseHill1_43821	Pleistocene_Wolves	Wolves
SC19.MCJ017	YG 74.2		Canis	lupus			HunkerCreek	HunkerCreek1	Hunker Creek, Yukon	Canada	64.03	-139.17	52745	52745					Pleistocene_Wolves		F		0.48			0.51	37.45		/dss/dssfs03/pn29bi/pn29bi-dss-0002/canids_bam/ancient/SC19.MCJ017.bam	/dss/dssfs02/pn29qe/pn29qe-dss-0000/ancient_dogs_bam/Unpub_AB_wolf/SC19.MCJ017.bam		Unpub_AB_wolf	SC19.MCJ017.bam		Bergström et al. (2022) 'Grey wolf genomic history reveals a dual ancestry of dogs', Nature, 607: 313-320		SC19.MCJ017	W	HunkerCreek1	52745	W_HunkerCreek1_52745	Pleistocene_Wolves	Wolves
TU144	UA70 206/386		Canis	lupus			Umingmak	Umingmak1	Umingmak (Banks Island)	Canada	73.38	-119.82	3200	3200					North_American_Wolves		M		1.02			0.97	59.06		/dss/dssfs03/pn29bi/pn29bi-dss-0002/canids_bam/ancient/TU144.bam	/dss/dssfs02/pn29qe/pn29qe-dss-0000/ancient_dogs_bam/Unpub_AB_wolf/TU144_reheader.bam		Unpub_AB_wolf	TU144_reheader.bam		Bergström et al. (2022) 'Grey wolf genomic history reveals a dual ancestry of dogs', Nature, 607: 313-320		TU144	W	Umingmak1	3200	W_Umingmak1_3200	North_American_Wolves	Wolves
TU148	UA70 205A/386		Canis	lupus			Umingmak	Umingmak2	Umingmak (Banks Island)	Canada	73.38	-119.82	3200	3200					North_American_Wolves		M		0.4			0.38	30.69		/dss/dssfs03/pn29bi/pn29bi-dss-0002/canids_bam/ancient/TU148.bam	/dss/dssfs02/pn29qe/pn29qe-dss-0000/ancient_dogs_bam/Unpub_AB_wolf/TU148_reheader.bam		Unpub_AB_wolf	TU148_reheader.bam		Bergström et al. (2022) 'Grey wolf genomic history reveals a dual ancestry of dogs', Nature, 607: 313-320		TU148	W	Umingmak2	3200	W_Umingmak2_3200	North_American_Wolves	Wolves
LS0225	166L.2		Canis	familiaris	bone	petrous	NootkaSoundDog	NootkaSoundDog1		Canada			Hist_1850						Arctic_Dogs							1.37	72.38			/dss/dssfs02/pn29qe/pn29qe-dss-0000/ancient_dogs_bam/bams2023/LS0225a/LS0225a_rmdup.bam					Lachie unpublished historic breed data		LS0225	D	NootkaSoundDog1	Hist_1850	D_NootkaSoundDog1_Hist_1850		
PortauChoix	MU_NP50A_1	AL3194	Canis	familiaris			PortauChoix	PortauChoix1	Port au Choix, Newfoundland	Canada	50.70	-57.35	4157	4157	4402	3912	SAMEA104190273		preContact_Dogs	A	M		19.64			19.65	99.27	/data/feuerborntr/Mapped/PortauChoix/PortauChoix.CanFam3.1Y.rmdup.bam		/dss/dssfs02/pn29qe/pn29qe-dss-0000/ancient_dogs_bam//PortauChoix/PortauChoix.CanFam3.1Y.rmdup.bam		PortauChoix	PortauChoix.CanFam3.1Y.rmdup.bam		Leathlobhair et al. (2018) 'The evolutionary history of dogs in the Americas', Science, 361: 81-85		PortauChoix	D	PortauChoix1	4157	D_PortauChoix1_4157	Dogs	preContact_Dogs
ANH-129_A2	MCZ44669		Canis	familiaris			Hopedale	Hopedale1	Hopedale	Canada	55.467372	-60.203189	156	Collected 1864					American_Dogs				1.71			#N/A	#N/A		/dss/dssfs03/pn29bi/pn29bi-dss-0002/canids_bam/ancient/ANH129.rmdup.chrnmd.bam			Unpub_Sophy			Sophy unpublished data		#N/A	D	Hopedale1	156	D_Hopedale1_156	Dogs	American_Dogs
Sort_GjoeaHavn			Canis	familiaris	Pelt		GjoaHavn	GjoaHavn1	Gjøa Havn	Canada	68.63	-95.85	Post	Collected 1906					Arctic_Dogs	A1a	F		2.9			3.14	65.7			/dss/dssfs02/pn29qe/pn29qe-dss-0000/ancient_dogs_bam/Unpub_TRF_GL/Sort.CanFam3.1Y.rmdup.bam		Unpub_TRF_CA	Sort.CanFam3.1Y.rmdup.bam		Tatiana unpublished Canada data		Sort	D	GjoaHavn1	Post	D_GjoaHavn1_Post	Dogs	Arctic_Dogs
TRF.01.32	P36/2017KMG	ZMK 25/2017	Canis	familiaris	Bone	Petrous	Kuk	Kuk1	Kuk	Canada	64.5	-84.5	Pre	Pre-contact					Arctic_Dogs	A2a	F		3.97			3.75	95.35	/data/feuerborntr/Bams/TRF.01.32_Merged.CanFam3.1Y.rmdup.bam		/dss/dssfs02/pn29qe/pn29qe-dss-0000/ancient_dogs_bam/Unpub_TRF_CA/TRF.01.32_Merged.CanFam3.1Y.rmdup.bam		Unpub_TRF_CA	TRF.01.32_Merged.CanFam3.1Y.rmdup.bam		Tatiana unpublished Canada data		TRF.01.32	D	Kuk1	Pre	D_Kuk1_Pre	Dogs	Arctic_Dogs
TRF.01.33	P37/2017KMG	ZMK 24/2017	Canis	familiaris	Bone	Petrous	Kuk	Kuk2	Kuk	Canada	64.5	-84.5	Pre	Pre-contact					Arctic_Dogs	A2a	F		2.04			1.99	81.83	/data/feuerborntr/Bams/TRF.01.33_Merged.CanFam3.1Y.rmdup.bam		/dss/dssfs02/pn29qe/pn29qe-dss-0000/ancient_dogs_bam/Unpub_TRF_CA/TRF.01.33_Merged.CanFam3.1Y.rmdup.bam		Unpub_TRF_CA	TRF.01.33_Merged.CanFam3.1Y.rmdup.bam		Tatiana unpublished Canada data		TRF.01.33	D	Kuk2	Pre	D_Kuk2_Pre	Dogs	Arctic_Dogs
TRF.01.34	P38/2017KMG	ZMK23/2017	Canis	familiaris	Bone	Petrous	Qilalukan	Qilalukan1	Qilalukan, Cockburn	Canada	72.7	-77.96	Pre	Pre-contact					Arctic_Dogs	A1b	M		15.14			15.04	99.33	/data/feuerborntr/Bams/TRF.01.34_Merged.CanFam3.1Y.rmdup.bam		/dss/dssfs02/pn29qe/pn29qe-dss-0000/ancient_dogs_bam/Unpub_TRF_CA/TRF.01.34_Merged.CanFam3.1Y.rmdup.bam		Unpub_TRF_CA	TRF.01.34_Merged.CanFam3.1Y.rmdup.bam		Tatiana unpublished Canada data		TRF.01.34	D	Qilalukan1	Pre	D_Qilalukan1_Pre	Dogs	Arctic_Dogs
TRF.01.39	P43/2017KMG	ZMK 22/2017	Canis	familiaris	Bone	Petrous	Qilalukan	Qilalukan2	Qilalukan, Cockburn	Canada	72.7	-77.96	Pre	Pre-contact					Arctic_Dogs	A2a	M		2.42			2.41	88.44	/data/feuerborntr/Bams/TRF.01.39_Merged.CanFam3.1Y.rmdup.bam		/dss/dssfs02/pn29qe/pn29qe-dss-0000/ancient_dogs_bam/Unpub_TRF_CA/TRF.01.39_Merged.CanFam3.1Y.rmdup.bam		Unpub_TRF_CA	TRF.01.39_Merged.CanFam3.1Y.rmdup.bam		Tatiana unpublished Canada data		TRF.01.39	D	Qilalukan2	Pre	D_Qilalukan2_Pre	Dogs	Arctic_Dogs
TRF.01.43	P47/2017KMG	MK 1046	Canis	familiaris			DanskeOeen	DanskeOeen1	(Danske Øen) Danish Island, Lyon Inlet, Melville Pen.	Canada	66.52	-83.90	Post						Arctic_Dogs	A2a	M		8.18			7.81	98.84	/data/feuerborntr/Bams/TRF.01.43_Merged.CanFam3.1Y.rmdup.bam		/dss/dssfs02/pn29qe/pn29qe-dss-0000/ancient_dogs_bam/Unpub_TRF_CA/TRF.01.43_Merged.CanFam3.1Y.rmdup.bam		Unpub_TRF_CA	TRF.01.43_Merged.CanFam3.1Y.rmdup.bam		Tatiana unpublished Canada data		TRF.01.43	D	DanskeOeen1	Post	D_DanskeOeen1_Post	Dogs	Arctic_Dogs
TRF.01.59	P75/2017KMG	ZMK 27/2017	Canis	familiaris			FortChurchill	FortChurchill1	Fort Churchill, Manitoba	Canada	58.74	-94.07	Post						Arctic_Dogs	C	M		0.03			0.03	2.52	/data/feuerborntr/Bams/TRF.01.59_Merged.CanFam3.1Y.rmdup.bam		/dss/dssfs02/pn29qe/pn29qe-dss-0000/ancient_dogs_bam/Unpub_TRF_CA/TRF.01.59_Merged.CanFam3.1Y.rmdup.bam		Unpub_TRF_CA	TRF.01.59_Merged.CanFam3.1Y.rmdup.bam		Tatiana unpublished Canada data		TRF.01.59	D	FortChurchill1	Post	D_FortChurchill1_Post	Dogs	Arctic_Dogs
TRF.08.01	NgHd-1:01084	Bin a, F0003	Canis	familiaris			Pingiqqalik	Pingiqqalik1	Pingiqqalik	Canada	69.09	-81.26	Pre						Arctic_Dogs	A2a	M		0.04			0.04	3.83	/data/feuerborntr/Bams/TRF.08.01_Merged.CanFam3.1Y.rmdup.bam		/dss/dssfs02/pn29qe/pn29qe-dss-0000/ancient_dogs_bam/Unpub_TRF_CA/TRF.08.01_Merged.CanFam3.1Y.rmdup.bam		Unpub_TRF_CA	TRF.08.01_Merged.CanFam3.1Y.rmdup.bam		Tatiana unpublished Canada data		TRF.08.01	D	Pingiqqalik1	Pre	D_Pingiqqalik1_Pre	Dogs	Arctic_Dogs
TRF.08.02	NgHd-1:01088	Bin a, F0003	Canis	familiaris			Pingiqqalik	Pingiqqalik2	Pingiqqalik	Canada	69.09	-81.26	Pre						Arctic_Dogs	A2a	M		0.01			0.01	0.85	/data/feuerborntr/Bams/TRF.08.02_Merged.CanFam3.1Y.rmdup.bam		/dss/dssfs02/pn29qe/pn29qe-dss-0000/ancient_dogs_bam/Unpub_TRF_CA/TRF.08.02_Merged.CanFam3.1Y.rmdup.bam		Unpub_TRF_CA	TRF.08.02_Merged.CanFam3.1Y.rmdup.bam		Tatiana unpublished Canada data		TRF.08.02	D	Pingiqqalik2	Pre	D_Pingiqqalik2_Pre	Dogs	Arctic_Dogs
TRF.08.04	NgHd-1:01144	Bin a, F0006	Canis	familiaris			Pingiqqalik	Pingiqqalik3	Pingiqqalik	Canada	69.09	-81.26	Pre						Arctic_Dogs	A2a	F		3.61			3.53	94.84	/data/feuerborntr/Bams/TRF.08.04_Merged.CanFam3.1Y.rmdup.bam		/dss/dssfs02/pn29qe/pn29qe-dss-0000/ancient_dogs_bam/Unpub_TRF_CA/TRF.08.04_Merged.CanFam3.1Y.rmdup.bam		Unpub_TRF_CA	TRF.08.04_Merged.CanFam3.1Y.rmdup.bam		Tatiana unpublished Canada data		TRF.08.04	D	Pingiqqalik3	Pre	D_Pingiqqalik3_Pre	Dogs	Arctic_Dogs
TRF.08.05	NgHd-1:01735	Bin r, F0054	Canis	familiaris			Pingiqqalik	Pingiqqalik4	Pingiqqalik	Canada	69.09	-81.26	Pre						Arctic_Dogs	A2a	M		0.55			0.51	28.17	/data/feuerborntr/Bams/TRF.08.05_Merged.CanFam3.1Y.rmdup.bam		/dss/dssfs02/pn29qe/pn29qe-dss-0000/ancient_dogs_bam/Unpub_TRF_CA/TRF.08.05_Merged.CanFam3.1Y.rmdup.bam		Unpub_TRF_CA	TRF.08.05_Merged.CanFam3.1Y.rmdup.bam		Tatiana unpublished Canada data		TRF.08.05	D	Pingiqqalik4	Pre	D_Pingiqqalik4_Pre	Dogs	Arctic_Dogs
TRF.08.06	NgHd-1:01777	Bin r, F0055	Canis	familiaris			Pingiqqalik	Pingiqqalik5	Pingiqqalik	Canada	69.09	-81.26	Pre						Arctic_Dogs	A2a	M		0.08			0.08	7.57	/data/feuerborntr/Bams/TRF.08.06_Merged.CanFam3.1Y.rmdup.bam		/dss/dssfs02/pn29qe/pn29qe-dss-0000/ancient_dogs_bam/Unpub_TRF_CA/TRF.08.06_Merged.CanFam3.1Y.rmdup.bam		Unpub_TRF_CA	TRF.08.06_Merged.CanFam3.1Y.rmdup.bam		Tatiana unpublished Canada data		TRF.08.06	D	Pingiqqalik5	Pre	D_Pingiqqalik5_Pre	Dogs	Arctic_Dogs
TRF.08.07	NgHd-1:04202	Bin c, F0145	Canis	familiaris			Pingiqqalik	Pingiqqalik6	Pingiqqalik	Canada	69.09	-81.26	Pre						Arctic_Dogs	A2a	M		1.37			1.29	58.21	/data/feuerborntr/Bams/TRF.08.07_Merged.CanFam3.1Y.rmdup.bam		/dss/dssfs02/pn29qe/pn29qe-dss-0000/ancient_dogs_bam/Unpub_TRF_CA/TRF.08.07_Merged.CanFam3.1Y.rmdup.bam		Unpub_TRF_CA	TRF.08.07_Merged.CanFam3.1Y.rmdup.bam		Tatiana unpublished Canada data		TRF.08.07	D	Pingiqqalik6	Pre	D_Pingiqqalik6_Pre	Dogs	Arctic_Dogs
TRF.08.08	NgHd-1:04289	Bin b, F0171	Canis	familiaris			Pingiqqalik	Pingiqqalik7	Pingiqqalik	Canada	69.09	-81.26	Pre						Arctic_Dogs	A2a	F		0.01			0.01	0.93	/data/feuerborntr/Bams/TRF.08.08_Merged.CanFam3.1Y.rmdup.bam		/dss/dssfs02/pn29qe/pn29qe-dss-0000/ancient_dogs_bam/Unpub_TRF_CA/TRF.08.08_Merged.CanFam3.1Y.rmdup.bam		Unpub_TRF_CA	TRF.08.08_Merged.CanFam3.1Y.rmdup.bam		Tatiana unpublished Canada data		TRF.08.08	D	Pingiqqalik7	Pre	D_Pingiqqalik7_Pre	Dogs	Arctic_Dogs
TRF.08.09	NgHd-1:04563	Bin b, F0163	Canis	familiaris			Pingiqqalik	Pingiqqalik8	Pingiqqalik	Canada	69.09	-81.26	Pre						Arctic_Dogs	A2a	M		0.14			0.1	8.49	/data/feuerborntr/Bams/TRF.08.09_Merged.CanFam3.1Y.rmdup.bam		/dss/dssfs02/pn29qe/pn29qe-dss-0000/ancient_dogs_bam/Unpub_TRF_CA/TRF.08.09_Merged.CanFam3.1Y.rmdup.bam		Unpub_TRF_CA	TRF.08.09_Merged.CanFam3.1Y.rmdup.bam		Tatiana unpublished Canada data		TRF.08.09	D	Pingiqqalik8	Pre	D_Pingiqqalik8_Pre	Dogs	Arctic_Dogs
TRF.08.10	NgHd-1:04869	Bin c, F0152	Canis	familiaris			Pingiqqalik	Pingiqqalik9	Pingiqqalik	Canada	69.09	-81.26	Pre						Arctic_Dogs	NA	F		0.01			0.01	0.49	/data/feuerborntr/Bams/TRF.08.10_Merged.CanFam3.1Y.rmdup.bam		/dss/dssfs02/pn29qe/pn29qe-dss-0000/ancient_dogs_bam/Unpub_TRF_CA/TRF.08.10_Merged.CanFam3.1Y.rmdup.bam		Unpub_TRF_CA	TRF.08.10_Merged.CanFam3.1Y.rmdup.bam		Tatiana unpublished Canada data		TRF.08.10	D	Pingiqqalik9	Pre	D_Pingiqqalik9_Pre	Dogs	Arctic_Dogs
TRF.08.12	NgHd-1:06266	Bin e, F0219	Canis	familiaris			Pingiqqalik	Pingiqqalik10	Pingiqqalik	Canada	69.09	-81.26	Pre						Arctic_Dogs	NA	F		0.04			0.03	1.76	/data/feuerborntr/Bams/TRF.08.12_Merged.CanFam3.1Y.rmdup.bam		/dss/dssfs02/pn29qe/pn29qe-dss-0000/ancient_dogs_bam/Unpub_TRF_CA/TRF.08.12_Merged.CanFam3.1Y.rmdup.bam		Unpub_TRF_CA	TRF.08.12_Merged.CanFam3.1Y.rmdup.bam		Tatiana unpublished Canada data		TRF.08.12	D	Pingiqqalik10	Pre	D_Pingiqqalik10_Pre	Dogs	Arctic_Dogs
TRF.08.15	NgHd-1:07605	Bin j, F0259	Canis	familiaris			Pingiqqalik	Pingiqqalik11	Pingiqqalik	Canada	69.09	-81.26	Pre						Arctic_Dogs	A2a	F		1.38			1.33	66.85	/data/feuerborntr/Bams/TRF.08.15_Merged.CanFam3.1Y.rmdup.bam		/dss/dssfs02/pn29qe/pn29qe-dss-0000/ancient_dogs_bam/Unpub_TRF_CA/TRF.08.15_Merged.CanFam3.1Y.rmdup.bam		Unpub_TRF_CA	TRF.08.15_Merged.CanFam3.1Y.rmdup.bam		Tatiana unpublished Canada data		TRF.08.15	D	Pingiqqalik11	Pre	D_Pingiqqalik11_Pre	Dogs	Arctic_Dogs
TRF.08.18	NgHd-1:10017	Bin p, F0335	Canis	familiaris			Pingiqqalik	Pingiqqalik12	Pingiqqalik	Canada	69.09	-81.26	Pre						Arctic_Dogs	NA	F		0.01			0	0.23	/data/feuerborntr/Bams/TRF.08.18_Merged.CanFam3.1Y.rmdup.bam		/dss/dssfs02/pn29qe/pn29qe-dss-0000/ancient_dogs_bam/Unpub_TRF_CA/TRF.08.18_Merged.CanFam3.1Y.rmdup.bam		Unpub_TRF_CA	TRF.08.18_Merged.CanFam3.1Y.rmdup.bam		Tatiana unpublished Canada data		TRF.08.18	D	Pingiqqalik12	Pre	D_Pingiqqalik12_Pre	Dogs	Arctic_Dogs
TRF.08.19	NgHd-1:11116	Bin aa, F0378	Canis	familiaris			Pingiqqalik	Pingiqqalik13	Pingiqqalik	Canada	69.09	-81.26	Pre						Arctic_Dogs	NA	F		0.13			0.13	9.11	/data/feuerborntr/Bams/TRF.08.19_Merged.CanFam3.1Y.rmdup.bam		/dss/dssfs02/pn29qe/pn29qe-dss-0000/ancient_dogs_bam/Unpub_TRF_CA/TRF.08.19_Merged.CanFam3.1Y.rmdup.bam		Unpub_TRF_CA	TRF.08.19_Merged.CanFam3.1Y.rmdup.bam		Tatiana unpublished Canada data		TRF.08.19	D	Pingiqqalik13	Pre	D_Pingiqqalik13_Pre	Dogs	Arctic_Dogs
TRF.08.20	NgHd-1:11518	Bin cc, F0401	Canis	familiaris			Pingiqqalik	Pingiqqalik14	Pingiqqalik	Canada	69.09	-81.26	Pre						Arctic_Dogs	A2a	M		0.02			0.02	2.18	/data/feuerborntr/Bams/TRF.08.20_Merged.CanFam3.1Y.rmdup.bam		/dss/dssfs02/pn29qe/pn29qe-dss-0000/ancient_dogs_bam/Unpub_TRF_CA/TRF.08.20_Merged.CanFam3.1Y.rmdup.bam		Unpub_TRF_CA	TRF.08.20_Merged.CanFam3.1Y.rmdup.bam		Tatiana unpublished Canada data		TRF.08.20	D	Pingiqqalik14	Pre	D_Pingiqqalik14_Pre	Dogs	Arctic_Dogs
2040_Iglulik	2040		Canis	familiaris	Tissue	Skin	Iglulik	Iglulik1	Iglulik	Canada	69.38	-81.8	Post	Collected 1922/23					Arctic_Dogs	A2a	F		3.31			4.37	86.75	/data/feuerborntr/Mapped/CGG/2040.CanFam3.1Y.rmdup.bam		/dss/dssfs02/pn29qe/pn29qe-dss-0000/ancient_dogs_bam/Unpub_TRF_GL/2040.CanFam3.1Y.rmdup.bam		Unpub_TRF_GL	2040.CanFam3.1Y.rmdup.bam		Tatiana unpublished Greenland data		2040	D	Iglulik1	Post	D_Iglulik1_Post	Dogs	Arctic_Dogs
2041_DanskeOeen	2041		Canis	familiaris	Tissue	Skin	DanskeOeen	DanskeOeen2	Danske Øen	Canada	65.88	-83.61	Post	Collected 1923					Arctic_Dogs	A2a	F		3.9			5.02	87.8	/data/feuerborntr/Mapped/CGG/2041.CanFam3.1Y.rmdup.bam		/dss/dssfs02/pn29qe/pn29qe-dss-0000/ancient_dogs_bam/Unpub_TRF_GL/2041.CanFam3.1Y.rmdup.bam		Unpub_TRF_GL	2041.CanFam3.1Y.rmdup.bam		Tatiana unpublished Greenland data		2041	D	DanskeOeen2	Post	D_DanskeOeen2_Post	Dogs	Arctic_Dogs
TRF.01.31	P35/2017KMG	ZMK 28/2017	Canis	familiaris	Bone	Petrous	FortChurchill	FortChurchill2	Fort Churchill	Canada	58.74	-94.07	Post	Surface					Arctic_Dogs	A1a	M		1.42			1.42	71.82	/data/feuerborntr/Bams/TRF.01.31_Merged.CanFam3.1Y.rmdup.bam		/dss/dssfs02/pn29qe/pn29qe-dss-0000/ancient_dogs_bam/Unpub_TRF_GL/TRF.01.31_Merged.CanFam3.1Y.rmdup.bam		Unpub_TRF_GL	TRF.01.31_Merged.CanFam3.1Y.rmdup.bam		Tatiana unpublished Greenland data		TRF.01.31	D	FortChurchill2	Post	D_FortChurchill2_Post	Dogs	Arctic_Dogs
TRF.07.03	DMP04	16116:1	Canis	familiaris	Bone	L. Mandible	DoubleMer-01	DoubleMer-011	Double Mer Point	Canada	54.29	-57.9	Pre	18th Cent.					Arctic_Dogs	A2a	M		1.84			1.79	65.9	/data/feuerborntr/Bams/TRF.07.03_Merged.CanFam3.1Y.rmdup.bam		/dss/dssfs02/pn29qe/pn29qe-dss-0000/ancient_dogs_bam/Unpub_TRF_GL/TRF.07.03_Merged.CanFam3.1Y.rmdup.bam		Unpub_TRF_GL	TRF.07.03_Merged.CanFam3.1Y.rmdup.bam		Tatiana unpublished Greenland data		TRF.07.03	D	DoubleMer-011	Pre	D_DoubleMer-011_Pre	Dogs	Arctic_Dogs
TRF.07.17	HI16	3875	Canis	familiaris	Bone	L. Mandible	Huntingdon	Huntingdon1	Huntingdon Island	Canada	53.78	-56.92	Pre	18th Cent.?					Arctic_Dogs	A2a	M		0.02			0.02	1.28	/data/feuerborntr/Bams/TRF.07.17_Merged.CanFam3.1Y.rmdup.bam		/dss/dssfs02/pn29qe/pn29qe-dss-0000/ancient_dogs_bam/Unpub_TRF_GL/TRF.07.17_Merged.CanFam3.1Y.rmdup.bam		Unpub_TRF_GL	TRF.07.17_Merged.CanFam3.1Y.rmdup.bam		Tatiana unpublished Greenland data		TRF.07.17	D	Huntingdon1	Pre	D_Huntingdon1_Pre	Dogs	Arctic_Dogs
TRF.01.22	P26/2017KMG	7K-123c/1955	Canis	lupus	Bone	Petrous	Kaleruserk	Kaleruserk1	Kaleruserk, Igloolik, Foxe Basin	Canada			3000	Saqqaq					North_American_Wolves	NA	F		0.02			0.02	1.71	/data/feuerborntr/Bams/TRF.01.22_Merged.CanFam3.1Y.rmdup.bam		/dss/dssfs02/pn29qe/pn29qe-dss-0000/ancient_dogs_bam/Unpub_TRF_NA/TRF.01.22_Merged.CanFam3.1Y.rmdup.bam		Unpub_TRF_NA	TRF.01.22_Merged.CanFam3.1Y.rmdup.bam		Tatiana unpublished North America data		TRF.01.22	W	Kaleruserk1	3000	W_Kaleruserk1_3000	North_American_Wolves	Wolves
TRF.02.65	P.9597	95758	Canis	familiaris			Netsilik	Netsilik1	Netsilik Inuit, Nunavut	Canada	68.79	-92.87	Post						Arctic_Dogs	NA	F		0.03			0.03	1.74	/data/feuerborntr/Bams/TRF.02.65_Merged.CanFam3.1Y.rmdup.bam		/dss/dssfs02/pn29qe/pn29qe-dss-0000/ancient_dogs_bam/Unpub_TRF_NA/TRF.02.65_Merged.CanFam3.1Y.rmdup.bam		Unpub_TRF_NA	TRF.02.65_Merged.CanFam3.1Y.rmdup.bam		Tatiana unpublished North America data		TRF.02.65	D	Netsilik1	Post	D_Netsilik1_Post	Dogs	Arctic_Dogs
TRF.08.11	NgHd-1:05803	Bin d, F0203	Canis	familiaris					Pingiqqalik	Canada	69.09	-81.26	Pre						Arctic_Dogs	NA			0.00			0	0.1			/dss/dssfs02/pn29qe/pn29qe-dss-0000//ancient_dogs_bam/Unpub_TRF_CA/TRF.08.11_Merged.CanFam3.1Y.rmdup.bam							TRF.08.11	D	Pingiqqalik15	Pre	D_Pingiqqalik15_Pre	Dogs	Arctic_Dogs
TRF.08.13	NgHd-1:06757	Bin l (?), F0234	Canis	familiaris					Pingiqqalik	Canada	69.09	-81.26	Pre						Arctic_Dogs	NA			0.00			0	0.23			/dss/dssfs02/pn29qe/pn29qe-dss-0000//ancient_dogs_bam/Unpub_TRF_CA/TRF.08.13_Merged.CanFam3.1Y.rmdup.bam							TRF.08.13	D	Pingiqqalik16	Pre	D_Pingiqqalik16_Pre	Dogs	Arctic_Dogs
TRF.08.14	NgHd-1:07132	Bin i, F0244	Canis	familiaris					Pingiqqalik	Canada	69.09	-81.26	Pre						Arctic_Dogs	NA			0.00			0	0.06			/dss/dssfs02/pn29qe/pn29qe-dss-0000//ancient_dogs_bam/Unpub_TRF_CA/TRF.08.14_Merged.CanFam3.1Y.rmdup.bam							TRF.08.14	D	Pingiqqalik17	Pre	D_Pingiqqalik17_Pre	Dogs	Arctic_Dogs
TRF.08.17	NgHd-1:08618	Bin o, F0283	Canis	familiaris					Pingiqqalik	Canada	69.09	-81.26	Pre						Arctic_Dogs	NA			0.00			0	0.2			/dss/dssfs02/pn29qe/pn29qe-dss-0000//ancient_dogs_bam/Unpub_TRF_CA/TRF.08.17_Merged.CanFam3.1Y.rmdup.bam							TRF.08.17	D	Pingiqqalik18	Pre	D_Pingiqqalik18_Pre	Dogs	Arctic_Dogs
LS0224	1858.5.4.91		Canis	familiaris	bone	petrous	ChowChow	ChowChow1		China			Hist_1858	1858					East_Asian_Dogs							2.13	86.13			/dss/dssfs02/pn29qe/pn29qe-dss-0000/ancient_dogs_bam/bams2023/LS0224/LS0224_rmdup.bam					Lachie unpublished historic breed data		LS0224	D	ChowChow1	Hist_1858	D_ChowChow1_Hist_1858		
LZA10			Canis	familiaris	Bone		Jinta	Jinta1	Jinta, Gansu	China	39.99	98.908	3850		4000	3700			Chinese_Dogs	A2a1			1.06			0.91	43.09			/dss/dssfs02/pn29qe/pn29qe-dss-0000//ancient_dogs_bam/Unpub_KIZ/LZA10-02.newsorted.rmdup.newhead.bam		Unpub_KIZ	LZA10-02.newsorted.rmdup.newhead.bam				LZA10	D	Jinta1	3850	D_Jinta1_3850	Dogs	East_Asian_Dogs
LZA11			Canis	familiaris	Bone		Jinta	Jinta2	Jinta, Gansu	China	39.99	98.908	3850		4000	3700			Chinese_Dogs	A2a1			4.9			4.16	65.83			/dss/dssfs02/pn29qe/pn29qe-dss-0000//ancient_dogs_bam/Unpub_KIZ/LZA11-02.newsorted.rmdup.newhead.bam		Unpub_KIZ	LZA11-02.newsorted.rmdup.newhead.bam				LZA11	D	Jinta2	3850	D_Jinta2_3850	Dogs	East_Asian_Dogs
LZA3	LZA03		Canis	familiaris	Bone		Huzhu	Huzhu1	Huzhu, Qinghai	China	36.65	101.36	4050		4500	3600			Chinese_Dogs	A2a1			1.5			1.29	56.39			/dss/dssfs02/pn29qe/pn29qe-dss-0000//ancient_dogs_bam/Unpub_KIZ/LZA3-02.newsorted.rmdup.newhead.bam		Unpub_KIZ	LZA3-02.newsorted.rmdup.newhead.bam				LZA3	D	Huzhu1	4050	D_Huzhu1_4050	Dogs	East_Asian_Dogs
LZA5	LZA05		Canis	familiaris	Bone		Wuwei	Wuwei1	Wuwei, Gansu	China	37.93	102.64	3775		4000	3550			Chinese_Dogs	C			0.96			0.82	43.24			/dss/dssfs02/pn29qe/pn29qe-dss-0000//ancient_dogs_bam/Unpub_KIZ/LZA5-01.newsorted.rmdup.newhead.bam		Unpub_KIZ	LZA5-01.newsorted.rmdup.newhead.bam				LZA5	D	Wuwei1	3775	D_Wuwei1_3775	Dogs	East_Asian_Dogs
LZA6	LZA06		Canis	familiaris	Bone		Wuwei	Wuwei2	Wuwei, Gansu	China	37.93	102.64	3775		4000	3550			Chinese_Dogs	A4'5			0.73			0.62	37.25			/dss/dssfs02/pn29qe/pn29qe-dss-0000//ancient_dogs_bam/Unpub_KIZ/LZA6-01.newsorted.rmdup.newhead.bam		Unpub_KIZ	LZA6-01.newsorted.rmdup.newhead.bam				LZA6	D	Wuwei2	3775	D_Wuwei2_3775	Dogs	East_Asian_Dogs
LZA9	LZA09		Canis	familiaris	Bone		Jinta	Jinta3	Jinta, Gansu	China	39.99	98.908	3850		4000	3700			Chinese_Dogs	A2a1			1.59			1.37	55.35			/dss/dssfs02/pn29qe/pn29qe-dss-0000//ancient_dogs_bam/Unpub_KIZ/LZA9-02.newsorted.rmdup.newhead.bam		Unpub_KIZ	LZA9-02.newsorted.rmdup.newhead.bam				LZA9	D	Jinta3	3850	D_Jinta3_3850	Dogs	East_Asian_Dogs
ALPO01_02	ALPO01		Canis	familiaris	Bone	Petrous	AlymasPodunavlje	AlymasPodunavlje1	Alymas-Podunavlje	Croatia	45.53	18.95	4500	4500			#N/A		European_Dogs	A	M		1.6			1.62	78.31		/dss/dssfs03/pn29bi/pn29bi-dss-0002/canids_bam/ancient/ALPO01_02_P8903_1001_S1_L001_seqprep.canFam3.fa.srt.rmdup.80perc.bam	/dss/dssfs02/pn29qe/pn29qe-dss-0000/ancient_dogs_bam/Bergstrom2020/ALPO01_02_P8903_1001_S1_L001_seqprep_reheader.bam		Bergstrom2020	ALPO01_02_P8903_1001_S1_L001_seqprep_reheader.bam		Bergström et al. (2020) 'Origins and genetic legacy of prehistoric dogs', Science, 370: 557-564		ALPO01_02	D	AlymasPodunavlje1	4500	D_AlymasPodunavlje1_4500	Dogs	European_Dogs
SOTN01_merged	SOTN01		Canis	familiaris	Bone	Petrous	Sotin	Sotin1	Sotin	Croatia	45.30	19.10	4900	4900			#N/A		European_Dogs	D	M		11.2			11.46	99.32		/dss/dssfs03/pn29bi/pn29bi-dss-0002/canids_bam/ancient/SOTN01_merged_P8903_1005_S5_L005_1006_S6_L006_seqprep.canFam3.fa.srt.rmdup.bam	/dss/dssfs02/pn29qe/pn29qe-dss-0000/ancient_dogs_bam/Bergstrom2020/SOTN01_merged_P8903_1005_S5_L005_1006_S6_L006_seqprep_reheader.bam		Bergstrom2020	SOTN01_merged_P8903_1005_S5_L005_1006_S6_L006_seqprep_reheader.bam		Bergström et al. (2020) 'Origins and genetic legacy of prehistoric dogs', Science, 370: 557-564		SOTN01_merged	D	Sotin1	4900	D_Sotin1_4900	Dogs	European_Dogs
PDM100			Canis	lupus			Predmosti	Predmosti1	Predmosti	Czech Republic	49.27	17.26	28541	28541	28754	28328			Western_Eurasian_Wolves		M		0.09			0.09	8.77		/dss/dssfs03/pn29bi/pn29bi-dss-0002/canids_bam/ancient/PDM100.bam	/dss/dssfs02/pn29qe/pn29qe-dss-0000/ancient_dogs_bam/Unpub_AB_wolf/PDM100_reheader.bam		Unpub_AB_wolf	PDM100_reheader.bam		Bergström et al. (2022) 'Grey wolf genomic history reveals a dual ancestry of dogs', Nature, 607: 313-320		PDM100	W	Predmosti1	28541	W_Predmosti1_28541	Western_Eurasian_Wolves	Wolves
SC1022	HMCZ_34698	AL3203	Canis	familiaris	Bone		Homolka	Homolka1	Homolka	Czech Republic	50.177255	14.20065	Meso						European_Dogs							0.08	7.02			/dss/dssfs02/pn29qe/pn29qe-dss-0000/ancient_dogs_bam/Unpub_Oxford/SC1022_rmdup.bam		Unpub_Oxford	SC1022_rmdup.bam		Sophy unpublished data		SC1022	D	Homolka1	Meso	D_Homolka1_Meso	Dogs	European_Dogs
TRF.01.28	P32/2017KMG	MK 1052	Canis	familiaris	Bone	Petrous	CopenhagenZoo	CopenhagenZoo1	Copenhagen Zoo	Denmark	55.68	12.57	130						Arctic_Dogs	A1a	F		0.05			0.05	4.54	/data/feuerborntr/Bams/TRF.01.28_Merged.CanFam3.1Y.rmdup.bam		/dss/dssfs02/pn29qe/pn29qe-dss-0000/ancient_dogs_bam/Unpub_TRF_GL/TRF.01.28_Merged.CanFam3.1Y.rmdup.bam		Unpub_TRF_GL	TRF.01.28_Merged.CanFam3.1Y.rmdup.bam		Tatiana unpublished Greenland data		TRF.01.28	D	CopenhagenZoo1	130	D_CopenhagenZoo1_130	Dogs	Arctic_Dogs
TRF.01.29	P33/2017KMG	MK 1053	Canis	familiaris	Bone	Petrous	CopenhagenZoo	CopenhagenZoo2	Copenhagen Zoo	Denmark	55.68	12.57	130						Arctic_Dogs	A1a	F		0.03			0.03	2.8	/data/feuerborntr/Bams/TRF.01.29_Merged.CanFam3.1Y.rmdup.bam		/dss/dssfs02/pn29qe/pn29qe-dss-0000/ancient_dogs_bam/Unpub_TRF_GL/TRF.01.29_Merged.CanFam3.1Y.rmdup.bam		Unpub_TRF_GL	TRF.01.29_Merged.CanFam3.1Y.rmdup.bam		Tatiana unpublished Greenland data		TRF.01.29	D	CopenhagenZoo2	130	D_CopenhagenZoo2_130	Dogs	Arctic_Dogs
SC1061	700,0		Canis	familiaris	Bone	Petrous	Chondorko	Chondorko1	Chondorko	Ecuador			833	833	871	796			preContact_Dogs				15			17.76	99.42		/dss/dssfs03/pn29bi/pn29bi-dss-0002/canids_bam/ancient/SC1061_rmdup.bam	/dss/dssfs02/pn29qe/pn29qe-dss-0000/ancient_dogs_bam/Unpub_Sophy/SC1061_rmdup.bam		Unpub_Sophy	SC1061_rmdup.bam		Sophy unpublished data		SC1061	D	Chondorko1	833	D_Chondorko1_833	Dogs	preContact_Dogs
LS0216	1972.876 (D92)		Canis	familiaris	bone	petrous	Saluki	Saluki1		Egypt			Hist_1907	1907					African_NearEast_India_Dogs							1.68	76.98			/dss/dssfs02/pn29qe/pn29qe-dss-0000/ancient_dogs_bam/bams2023/LS0216a/LS0216a_rmdup.bam					Lachie unpublished historic breed data		LS0216	D	Saluki1	Hist_1907	D_Saluki1_Hist_1907		
CH1109_Noyen	CH1109	OL2157	Canis	lupus			NoyenSurSeine	NoyenSurSeine1	Noyen-Sur-Seine	France	48.46	3.33	8629	8629	8721	8537			Western_Eurasian_Wolves		F		0.03			0.03	2.88		/dss/dssfs03/pn29bi/pn29bi-dss-0002/canids_bam/ancient/CH1109_Noyen_rmdup.bam	/dss/dssfs02/pn29qe/pn29qe-dss-0000/ancient_dogs_bam/Unpub_AB_wolf/CH1109_Noyen_rmdup.bam		Unpub_AB_wolf	CH1109_Noyen_rmdup.bam		Bergström et al. (2022) 'Grey wolf genomic history reveals a dual ancestry of dogs', Nature, 607: 313-320		CH1109_Noyen	W	NoyenSurSeine1	8629	W_NoyenSurSeine1_8629	Western_Eurasian_Wolves	Wolves
TU839	APC-19		Canis	lupus			Auneau	Auneau1	Le Parc du Château, Auneau, Eure-et-Loir	France	48.46	1.78	10055	10055	10219	9891			Western_Eurasian_Wolves		F		0.52			0.53	39.96		/dss/dssfs03/pn29bi/pn29bi-dss-0002/canids_bam/ancient/TU839.bam	/dss/dssfs02/pn29qe/pn29qe-dss-0000/ancient_dogs_bam/Unpub_AB_wolf/TU839_reheader.bam		Unpub_AB_wolf	TU839_reheader.bam		Bergström et al. (2022) 'Grey wolf genomic history reveals a dual ancestry of dogs', Nature, 607: 313-320		TU839	W	Auneau1	10055	W_Auneau1_10055	Western_Eurasian_Wolves	Wolves
TU840	APC-20		Canis	lupus			Auneau	Auneau2	Le Parc du Château, Auneau, Eure-et-Loir	France	48.46	1.78	9716	9716	9887	9544			Western_Eurasian_Wolves		F		1.04			1.07	63.87		/dss/dssfs03/pn29bi/pn29bi-dss-0002/canids_bam/ancient/TU840.bam	/dss/dssfs02/pn29qe/pn29qe-dss-0000/ancient_dogs_bam/Unpub_AB_wolf/TU840_reheader.bam		Unpub_AB_wolf	TU840_reheader.bam		Bergström et al. (2022) 'Grey wolf genomic history reveals a dual ancestry of dogs', Nature, 607: 313-320		TU840	W	Auneau2	9716	W_Auneau2_9716	Western_Eurasian_Wolves	Wolves
LS0221	1972.853 (D36)		Canis	familiaris	bone	petrous	ChowChow	ChowChow2		France			Hist_1902	1902					East_Asian_Dogs							1.78	79.36			/dss/dssfs02/pn29qe/pn29qe-dss-0000/ancient_dogs_bam/bams2023/LS0221/LS0221_rmdup.bam					Lachie unpublished historic breed data		LS0221	D	ChowChow2	Hist_1902	D_ChowChow2_Hist_1902		
AH574	32659-574		Canis	lupus			AufhausenerHoehle	AufhausenerHoehle1	Aufhausener Höhle	Germany	48.59	9.76	58002	58002					Pleistocene_Wolves		M		0.46			0.36	29.36		/dss/dssfs03/pn29bi/pn29bi-dss-0002/canids_bam/ancient/AH574.bam	/dss/dssfs02/pn29qe/pn29qe-dss-0000/ancient_dogs_bam/Unpub_AB_wolf/AH574_reheader.bam		Unpub_AB_wolf	AH574_reheader.bam		Bergström et al. (2022) 'Grey wolf genomic history reveals a dual ancestry of dogs', Nature, 607: 313-320		AH574	W	AufhausenerHoehle1	58002	W_AufhausenerHoehle1_58002	Pleistocene_Wolves	Wolves
AH575	32659-575		Canis	lupus			AufhausenerHoehle	AufhausenerHoehle2	Aufhausener Höhle	Germany	48.59	9.76	57233	57233					Pleistocene_Wolves		M		1.53			1.14	64.07		/dss/dssfs03/pn29bi/pn29bi-dss-0002/canids_bam/ancient/AH575.bam	/dss/dssfs02/pn29qe/pn29qe-dss-0000/ancient_dogs_bam/Unpub_AB_wolf/AH575_reheader.bam		Unpub_AB_wolf	AH575_reheader.bam		Bergström et al. (2022) 'Grey wolf genomic history reveals a dual ancestry of dogs', Nature, 607: 313-320		AH575	W	AufhausenerHoehle2	57233	W_AufhausenerHoehle2_57233	Pleistocene_Wolves	Wolves
AH577	32659-577		Canis	lupus			AufhausenerHoehle	AufhausenerHoehle3	Aufhausener Höhle	Germany	48.59	9.76	50238	50238					Pleistocene_Wolves		F		0.85			0.56	40.41		/dss/dssfs03/pn29bi/pn29bi-dss-0002/canids_bam/ancient/AH577.bam	/dss/dssfs02/pn29qe/pn29qe-dss-0000/ancient_dogs_bam/Unpub_AB_wolf/AH577_reheader.bam		Unpub_AB_wolf	AH577_reheader.bam		Bergström et al. (2022) 'Grey wolf genomic history reveals a dual ancestry of dogs', Nature, 607: 313-320		AH577	W	AufhausenerHoehle3	50238	W_AufhausenerHoehle3_50238	Pleistocene_Wolves	Wolves
JK2174	HF 56/1965		Canis	lupus			HoehleFels	HoehleFels1	Höhle Fels	Germany	48.2	9.45	31364	31364	31546	31181			Pleistocene_Wolves		M		4.7			4.55	94.21		/dss/dssfs03/pn29bi/pn29bi-dss-0002/canids_bam/ancient/JK2174.bam	/dss/dssfs02/pn29qe/pn29qe-dss-0000/ancient_dogs_bam/Unpub_AB_wolf/JK2174_reheader.bam		Unpub_AB_wolf	JK2174_reheader.bam		Bergström et al. (2022) 'Grey wolf genomic history reveals a dual ancestry of dogs', Nature, 607: 313-320		JK2174	W	HoehleFels1	31364	W_HoehleFels1_31364	Pleistocene_Wolves	Wolves
JK2175	HF 24/1035		Canis	lupus			HoehleFels	HoehleFels2	Höhle Fels	Germany	48.2	9.45	33163	33163	33486	32840			Pleistocene_Wolves		M		1.36			1.3	69.07		/dss/dssfs03/pn29bi/pn29bi-dss-0002/canids_bam/ancient/JK2175.bam	/dss/dssfs02/pn29qe/pn29qe-dss-0000/ancient_dogs_bam/Unpub_AB_wolf/JK2175_reheader.bam		Unpub_AB_wolf	JK2175_reheader.bam		Bergström et al. (2022) 'Grey wolf genomic history reveals a dual ancestry of dogs', Nature, 607: 313-320		JK2175	W	HoehleFels2	33163	W_HoehleFels2_33163	Pleistocene_Wolves	Wolves
JK2179	HF 55/1250.2		Canis	lupus			HoehleFels	HoehleFels3	Höhle Fels	Germany	48.2	9.45	13229	13229	13308	13150			Pleistocene_Wolves		M		3.18			3.04	90.19		/dss/dssfs03/pn29bi/pn29bi-dss-0002/canids_bam/ancient/JK2179.bam	/dss/dssfs02/pn29qe/pn29qe-dss-0000/ancient_dogs_bam/Unpub_AB_wolf/JK2179_reheader.bam		Unpub_AB_wolf	JK2179_reheader.bam		Bergström et al. (2022) 'Grey wolf genomic history reveals a dual ancestry of dogs', Nature, 607: 313-320		JK2179	W	HoehleFels3	13229	W_HoehleFels3_13229	Pleistocene_Wolves	Wolves
JK2181	HF 100/530		Canis	lupus			HoehleFels	HoehleFels4	Höhle Fels	Germany	48.2	9.45	15447	15447	15631	15262			Western_Eurasian_Wolves		M		0.71			0.67	47.32		/dss/dssfs03/pn29bi/pn29bi-dss-0002/canids_bam/ancient/JK2181.bam	/dss/dssfs02/pn29qe/pn29qe-dss-0000/ancient_dogs_bam/Unpub_AB_wolf/JK2181_reheader.bam		Unpub_AB_wolf	JK2181_reheader.bam		Bergström et al. (2022) 'Grey wolf genomic history reveals a dual ancestry of dogs', Nature, 607: 313-320		JK2181	W	HoehleFels4	15447	W_HoehleFels4_15447	Western_Eurasian_Wolves	Wolves
JK2183	HF 59/1390		Canis	lupus			HoehleFels	HoehleFels5	Höhle Fels	Germany	48.2	9.45	32366	32366	32826	31906			Pleistocene_Wolves		M		7.76			7.62	95.87		/dss/dssfs03/pn29bi/pn29bi-dss-0002/canids_bam/ancient/JK2183.bam	/dss/dssfs02/pn29qe/pn29qe-dss-0000/ancient_dogs_bam/Unpub_AB_wolf/JK2183_reheader.bam		Unpub_AB_wolf	JK2183_reheader.bam		Bergström et al. (2022) 'Grey wolf genomic history reveals a dual ancestry of dogs', Nature, 607: 313-320		JK2183	W	HoehleFels5	32366	W_HoehleFels5_32366	Pleistocene_Wolves	Wolves
CTC	CTC_Germany2	SRS14077451	Canis	familiaris	Bone	Petrous	CherryTreeCave	CherryTreeCave1	Cherry Tree Cave (Kirschbaumhöhle)	Germany	49.80	10.80	4716	4716	4850	4582	SAMN04884534		European_Dogs	C	M		9.2			9.04	98.6		/dss/dssfs03/pn29bi/pn29bi-dss-0002/canids_bam/ancient/CTC_SRR3417116_rmdup.bam	/dss/dssfs02/pn29qe/pn29qe-dss-0000/ancient_dogs_bam/Pub_before_2020/CTC_SRR3417116_rmdup.bam		Pub_before_2020	CTC_SRR3417116_rmdup.bam		Botigue et al. (2017) 'Ancient European dog genomes reveal continuity since the Early Neolithic', Nature Communications, 8: 16082		CTC	D	CherryTreeCave1	4716	D_CherryTreeCave1_4716	Dogs	European_Dogs
HXH	HXH_Germany1	SRS1407453	Canis	familiaris	Bone	Petrous	Herxheim	Herxheim1	Herxheim	Germany	49.15	8.22	7081	7081	7173	6990	SAMN04884535		European_Dogs	C	M		9.4			9.15	99.22		/dss/dssfs03/pn29bi/pn29bi-dss-0002/canids_bam/ancient/HXH_SRR3417117_rmdup.bam	/dss/dssfs02/pn29qe/pn29qe-dss-0000/ancient_dogs_bam/Pub_before_2020/HXH_SRR3417117_rmdup.bam		Pub_before_2020	HXH_SRR3417117_rmdup.bam		Botigue et al. (2017) 'Ancient European dog genomes reveal continuity since the Early Neolithic', Nature Communications, 8: 16082		HXH	D	Herxheim1	7081	D_Herxheim1_7081	Dogs	European_Dogs
Bettenroder	LKG_BBIX_Canid_1	SC1222	Canis	familiaris	Bone	Tooth	Bettenroder	Bettenroder1	Bettenroder Berg IX	Germany	51.467755	9.982463	10200	c.8200 BC					European_Dogs							2.45	86.65			/dss/dssfs02/pn29qe/pn29qe-dss-0000/ancient_dogs_bam/bams2023/initial/Bettenroder_udgnone_libmerged_rmdup.bam							Bettenroder	D	Bettenroder1	10200	D_Bettenroder1_10200	Dogs	European_Dogs
OL4222_Greece	OL4222		Canis	familiaris	Bone	Mandible	Skoteini	Skoteini1	Skoteini cave, Tharrounia, Euboea Island	Greece	38.51	23.98	6544	6544			#N/A		European_Dogs	D	M		4.5			4.73	96.85		/dss/dssfs03/pn29bi/pn29bi-dss-0002/canids_bam/ancient/OL4222_Greece_rmdup.bam	/dss/dssfs02/pn29qe/pn29qe-dss-0000/ancient_dogs_bam/Bergstrom2020/OL4222_Greece_rmdup.bam		Bergstrom2020	OL4222_Greece_rmdup.bam		Bergström et al. (2020) 'Origins and genetic legacy of prehistoric dogs', Science, 370: 557-564		OL4222_Greece	D	Skoteini1	6544	D_Skoteini1_6544	Dogs	European_Dogs
PAT1	PAT1		Canis	familiaris	Bone		GreeceEM	GreeceEM1	GreeceEM	Greece			2200					Piraeus, Attica, deposit B (Η2, depth 3.57-3.91m) /06.06.16 - end of the 4th to the middle of the 3rd century BC	European_Dogs							0.92	58.03			/dss/dssfs02/pn29qe/pn29qe-dss-0000/ancient_dogs_bam/bams2023/initial/PAT1_udgnone_libmerged_rmdup.bam							PAT1	D	GreeceEM1	2200	D_GreeceEM1_2200	Dogs	European_Dogs
2587_Angmagsalik	2587		Canis	familiaris	Tissue	Skin	Tasiilaq	Tasiilaq1	Tasiilaq	Greenland	65.61	-37.65	Post	Collected 1934					Arctic_Dogs	A1a	?		3.32			4.26	88.34	/data/feuerborntr/Mapped/CGG/2587.CanFam3.1Y.rmdup.bam		/dss/dssfs02/pn29qe/pn29qe-dss-0000/ancient_dogs_bam/Unpub_TRF_GL/2587.CanFam3.1Y.rmdup.bam		Unpub_TRF_GLSD	2587.CanFam3.1Y.rmdup.bam		Tatiana unpublished GLSD data		2587	D	Tasiilaq1	Post	D_Tasiilaq1_Post	Dogs	Arctic_Dogs
32987_Uummannaq	32987		Canis	familiaris	Tissue	Skin	Uummannaq	Uummannaq1	Uummannaq	Greenland	70.67	-52.13	Post	Collected 1926					Arctic_Dogs	A2a	M?		6.82			7.23	98.15	/data/feuerborntr/Mapped/CGG/32987.CanFam3.1Y.rmdup.bam		/dss/dssfs02/pn29qe/pn29qe-dss-0000/ancient_dogs_bam/Unpub_TRF_GL/32987.CanFam3.1Y.rmdup.bam		Unpub_TRF_GLSD	32987.CanFam3.1Y.rmdup.bam		Tatiana unpublished GLSD data		32987	D	Uummannaq1	Post	D_Uummannaq1_Post	Dogs	Arctic_Dogs
35561_Tasiilaq	35561		Canis	familiaris	Tissue	Skin	Tasiilaq	Tasiilaq2	Tasiilaq	Greenland	65.61	-37.65	Post	Collected 1932					Arctic_Dogs	A1b	M?		4.53			4.76	90.69	/data/feuerborntr/Mapped/CGG/35561.CanFam3.1Y.rmdup.bam		/dss/dssfs02/pn29qe/pn29qe-dss-0000/ancient_dogs_bam/Unpub_TRF_GL/35561.CanFam3.1Y.rmdup.bam		Unpub_TRF_GLSD	35561.CanFam3.1Y.rmdup.bam		Tatiana unpublished GLSD data		35561	D	Tasiilaq2	Post	D_Tasiilaq2_Post	Dogs	Arctic_Dogs
TRF.01.01	P60/2016KMG	ZMK 13w/1909	Canis	familiaris	Bone	Petrous	StormbugtI	StormbugtI1	Stormbugt I	Greenland	76.79	-19.34	Pre	Pre-contact					Arctic_Dogs	A2a	M		3.1			3.01	89.69	/data/feuerborntr/Bams/TRF.01.01_Merged.CanFam3.1Y.rmdup.bam		/dss/dssfs02/pn29qe/pn29qe-dss-0000/ancient_dogs_bam/Unpub_TRF_GL/TRF.01.01_Merged.CanFam3.1Y.rmdup.bam		Unpub_TRF_GLSD	TRF.01.01_Merged.CanFam3.1Y.rmdup.bam		Tatiana unpublished GLSD data		TRF.01.01	D	StormbugtI1	Pre	D_StormbugtI1_Pre	Dogs	Arctic_Dogs
TRF.01.03	P62/2016KMG	ZMK 23/1932	Canis	familiaris	Bone	Petrous	Sukersit	Sukersit1	Sukersit	Greenland	65.98	-37.95	Pre	Pre-contact					Arctic_Dogs	A2a	M		3.38			3.35	89.44	/data/feuerborntr/Bams/TRF.01.03_Merged.CanFam3.1Y.rmdup.bam		/dss/dssfs02/pn29qe/pn29qe-dss-0000/ancient_dogs_bam/Unpub_TRF_GL/TRF.01.03_Merged.CanFam3.1Y.rmdup.bam		Unpub_TRF_GLSD	TRF.01.03_Merged.CanFam3.1Y.rmdup.bam		Tatiana unpublished GLSD data		TRF.01.03	D	Sukersit1	Pre	D_Sukersit1_Pre	Dogs	Arctic_Dogs
TRF.01.04	P63/2016KMG	ZMK 6/1895	Canis	familiaris	Bone	Petrous	HeklaHavn	HeklaHavn1	Hekla Havn	Greenland	70.47	-26.18	Pre	Collected 1895					Arctic_Dogs	A2a	M		4.76			4.78	97.24	/data/feuerborntr/Bams/TRF.01.04_Merged.CanFam3.1Y.rmdup.bam		/dss/dssfs02/pn29qe/pn29qe-dss-0000/ancient_dogs_bam/Unpub_TRF_GL/TRF.01.04_Merged.CanFam3.1Y.rmdup.bam		Unpub_TRF_GLSD	TRF.01.04_Merged.CanFam3.1Y.rmdup.bam		Tatiana unpublished GLSD data		TRF.01.04	D	HeklaHavn1	Pre	D_HeklaHavn1_Pre	Dogs	Arctic_Dogs
TRF.01.05	P64/2016KMG	ZMK 6/1895	Canis	familiaris	Bone	Petrous	HeklaHavn	HeklaHavn2	Hekla Havn	Greenland	70.47	-26.18	Pre	Collected 1895					Arctic_Dogs	A2a	M		5.4			5.36	96.52	/data/feuerborntr/Bams/TRF.01.05_Merged.CanFam3.1Y.rmdup.bam		/dss/dssfs02/pn29qe/pn29qe-dss-0000/ancient_dogs_bam/Unpub_TRF_GL/TRF.01.05_Merged.CanFam3.1Y.rmdup.bam		Unpub_TRF_GLSD	TRF.01.05_Merged.CanFam3.1Y.rmdup.bam		Tatiana unpublished GLSD data		TRF.01.05	D	HeklaHavn2	Pre	D_HeklaHavn2_Pre	Dogs	Arctic_Dogs
TRF.01.06	P65/2016KMG	ZMK 6/1895	Canis	familiaris	Bone	Petrous	HeklaHavn	HeklaHavn3	Hekla Havn	Greenland	70.47	-26.18	Pre	Collected 1895					Arctic_Dogs	A2a	M		4.91			4.93	97.41	/data/feuerborntr/Bams/TRF.01.06_Merged.CanFam3.1Y.rmdup.bam		/dss/dssfs02/pn29qe/pn29qe-dss-0000/ancient_dogs_bam/Unpub_TRF_GL/TRF.01.06_Merged.CanFam3.1Y.rmdup.bam		Unpub_TRF_GLSD	TRF.01.06_Merged.CanFam3.1Y.rmdup.bam		Tatiana unpublished GLSD data		TRF.01.06	D	HeklaHavn3	Pre	D_HeklaHavn3_Pre	Dogs	Arctic_Dogs
TRF.01.07	P66/2016KMG	ZMK 58/1985	Canis	familiaris	Bone	Petrous	HallLand	HallLand1	”Monumentet”, Hall Land	Greenland	81.33	-58.00	Post	Collected 1985					Arctic_Dogs	A2a	M		4.73			4.76	97.43	/data/feuerborntr/Bams/TRF.01.07_Merged.CanFam3.1Y.rmdup.bam		/dss/dssfs02/pn29qe/pn29qe-dss-0000/ancient_dogs_bam/Unpub_TRF_GL/TRF.01.07_Merged.CanFam3.1Y.rmdup.bam		Unpub_TRF_GLSD	TRF.01.07_Merged.CanFam3.1Y.rmdup.bam		Tatiana unpublished GLSD data		TRF.01.07	D	HallLand1	Post	D_HallLand1_Post	Dogs	Arctic_Dogs
TRF.01.08	P67/2016KMG	ZMK 18/1932	Canis	familiaris	Bone	Petrous	Misigtoq	Misigtoq1	Misigtoq	Greenland	65.81	-37	Pre	1350-1500AD					Arctic_Dogs	A1b	M		7.76			7.67	98.67	/data/feuerborntr/Bams/TRF.01.08_Merged.CanFam3.1Y.rmdup.bam		/dss/dssfs02/pn29qe/pn29qe-dss-0000/ancient_dogs_bam/Unpub_TRF_GL/TRF.01.08_Merged.CanFam3.1Y.rmdup.bam		Unpub_TRF_GLSD	TRF.01.08_Merged.CanFam3.1Y.rmdup.bam		Tatiana unpublished GLSD data		TRF.01.08	D	Misigtoq1	Pre	D_Misigtoq1_Pre	Dogs	Arctic_Dogs
TRF.01.09	P68/2016KMG	ZMK 28/1932	Canis	familiaris	Bone	Petrous	Dodemandsbugten	Dodemandsbugten1	Dødemandsbugten	Greenland	74.27	-21	Pre	Pre-contact					Arctic_Dogs	A1a	M		18.92			18.74	99.14	/data/feuerborntr/Bams/TRF.01.09_Merged.CanFam3.1Y.rmdup.bam		/dss/dssfs02/pn29qe/pn29qe-dss-0000/ancient_dogs_bam/Unpub_TRF_GL/TRF.01.09_Merged.CanFam3.1Y.rmdup.bam		Unpub_TRF_GLSD	TRF.01.09_Merged.CanFam3.1Y.rmdup.bam		Tatiana unpublished GLSD data		TRF.01.09	D	Dodemandsbugten1	Pre	D_Dodemandsbugten1_Pre	Dogs	Arctic_Dogs
TRF.01.46	P50/2017KMG	ZMK 30/2017	Canis	familiaris	Bone	Petrous	SaundersIsland	SaundersIsland1	Saunders Island	Greenland	76.57	-69.83	Post	Collected 1903/4					Arctic_Dogs	A1a	M		4.29			4.07	88.29	/data/feuerborntr/Bams/TRF.01.46_Merged.CanFam3.1Y.rmdup.bam		/dss/dssfs02/pn29qe/pn29qe-dss-0000/ancient_dogs_bam/Unpub_TRF_GL/TRF.01.46_Merged.CanFam3.1Y.rmdup.bam		Unpub_TRF_GLSD	TRF.01.46_Merged.CanFam3.1Y.rmdup.bam		Tatiana unpublished GLSD data		TRF.01.46	D	SaundersIsland1	Post	D_SaundersIsland1_Post	Dogs	Arctic_Dogs
TRF.01.49	P53/2017KMG	MK 1057	Canis	familiaris	Bone	Petrous	EastGL	EastGL1	East	Greenland	65.85	-40.76	Post	Collected 1885					Arctic_Dogs	A1a	F		3.36			2.85	83.44	/data/feuerborntr/Bams/TRF.01.49_Merged.CanFam3.1Y.rmdup.bam		/dss/dssfs02/pn29qe/pn29qe-dss-0000/ancient_dogs_bam/Unpub_TRF_GL/TRF.01.49_Merged.CanFam3.1Y.rmdup.bam		Unpub_TRF_GLSD	TRF.01.49_Merged.CanFam3.1Y.rmdup.bam		Tatiana unpublished GLSD data		TRF.01.49	D	EastGL1	Post	D_EastGL1_Post	Dogs	Arctic_Dogs
TRF.01.57	P61/2017KMG	ZMK 31/2017	Canis	familiaris	Bone	Petrous	Siorapaluk	Siorapaluk1	Siorapaluk	Greenland	77.79	-70.63	Post	Collected Before 1977					Arctic_Dogs	A2a	M		8.42			8.1	91.51	/data/feuerborntr/Bams/TRF.01.57_Merged.CanFam3.1Y.rmdup.bam		/dss/dssfs02/pn29qe/pn29qe-dss-0000/ancient_dogs_bam/Unpub_TRF_GL/TRF.01.57_Merged.CanFam3.1Y.rmdup.bam		Unpub_TRF_GLSD	TRF.01.57_Merged.CanFam3.1Y.rmdup.bam		Tatiana unpublished GLSD data		TRF.01.57	D	Siorapaluk1	Post	D_Siorapaluk1_Post	Dogs	Arctic_Dogs
TRF.01.61	P59/2014KMG		Canis	familiaris	Bone		Sukkertoppen	Sukkertoppen1	Sukkertoppen	Greenland	65.83	-53.34	Post	Collected 1958					Arctic_Dogs	A1a	F		4.55			4.1	93.77	/data/feuerborntr/Bams/TRF.01.61_Merged.CanFam3.1Y.rmdup.bam		/dss/dssfs02/pn29qe/pn29qe-dss-0000/ancient_dogs_bam/Unpub_TRF_GL/TRF.01.61_Merged.CanFam3.1Y.rmdup.bam		Unpub_TRF_GLSD	TRF.01.61_Merged.CanFam3.1Y.rmdup.bam		Tatiana unpublished GLSD data		TRF.01.61	D	Sukkertoppen1	Post	D_Sukkertoppen1_Post	Dogs	Arctic_Dogs
3294_Scoresbysund	3294		Canis	familiaris	Tissue	Skin	Scoresbysund	Scoresbysund1	Scoresbysund	Greenland	70.49	-21.99	Post	Collected 1928					Arctic_Dogs	A1b	?		0.25			0.47	25.02	/data/feuerborntr/Mapped/CGG/3294.CanFam3.1Y.rmdup.bam		/dss/dssfs02/pn29qe/pn29qe-dss-0000/ancient_dogs_bam/Unpub_TRF_GL/3294.CanFam3.1Y.rmdup.bam		Unpub_TRF_GL	3294.CanFam3.1Y.rmdup.bam		Tatiana unpublished Greenland data		3294	D	Scoresbysund1	Post	D_Scoresbysund1_Post	Dogs	Arctic_Dogs
31867_NorthStarBay	31867		Canis	familiaris	Tissue	Skin	NorthStarBay	NorthStarBay1	North Star Bay	Greenland	76.56	-68.83	Post	Collected 1909					Arctic_Dogs	A2a	F		0.44			0.45	20.38	/data/feuerborntr/Mapped/CGG/31867.CanFam3.1Y.rmdup.bam		/dss/dssfs02/pn29qe/pn29qe-dss-0000/ancient_dogs_bam/Unpub_TRF_GL/31867.CanFam3.1Y.rmdup.bam		Unpub_TRF_GL	31867.CanFam3.1Y.rmdup.bam		Tatiana unpublished Greenland data		31867	D	NorthStarBay1	Post	D_NorthStarBay1_Post	Dogs	Arctic_Dogs
32135_Tasiilaq	32135		Canis	familiaris	Tissue	Skin	Tasiilaq	Tasiilaq3	Tasiilaq	Greenland	65.61	-37.65	Post	Collected 1911					Arctic_Dogs	A1b	F		0.84			0.87	35.74	/data/feuerborntr/Mapped/CGG/32135.CanFam3.1Y.rmdup.bam		/dss/dssfs02/pn29qe/pn29qe-dss-0000/ancient_dogs_bam/Unpub_TRF_GL/32135.CanFam3.1Y.rmdup.bam		Unpub_TRF_GL	32135.CanFam3.1Y.rmdup.bam		Tatiana unpublished Greenland data		32135	D	Tasiilaq3	Post	D_Tasiilaq3_Post	Dogs	Arctic_Dogs
67941_Qeqertarssuatsiaq	67941		Canis	familiaris	Tissue	Skin	Qeqertarssuatsiaq	Qeqertarssuatsiaq1	Qeqertarssuatsiaq	Greenland	70.42	-54.88	Post	Collected 1918					Arctic_Dogs	A1a	?		0.47			0.41	25.29	/data/feuerborntr/Mapped/CGG/67941.CanFam3.1Y.rmdup.bam		/dss/dssfs02/pn29qe/pn29qe-dss-0000/ancient_dogs_bam/Unpub_TRF_GL/67941.CanFam3.1Y.rmdup.bam		Unpub_TRF_GL	67941.CanFam3.1Y.rmdup.bam		Tatiana unpublished Greenland data		67941	D	Qeqertarssuatsiaq1	Post	D_Qeqertarssuatsiaq1_Post	Dogs	Arctic_Dogs
Obersten_Greenland	Obersten		Canis	familiaris	Pelt		Obersten	Obersten1	Greenland	Greenland	70.93	-39.26	110	Collected 1911					Arctic_Dogs	A1a	F		0.88			1.47	44.08			/dss/dssfs02/pn29qe/pn29qe-dss-0000/ancient_dogs_bam/Unpub_TRF_GL/Obersten.CanFam3.1Y.rmdup.bam		Unpub_TRF_GL	Obersten.CanFam3.1Y.rmdup.bam		Tatiana unpublished Greenland data		Obersten	D	Obersten1	110	D_Obersten1_110	Dogs	Arctic_Dogs
TRF.01.11	P70/2016KMG	ZMK 139/1967	Canis	familiaris	Bone	Petrous	Nugarsuk	Nugarsuk1	Nugarsuk	Greenland	61.1	-45.5	Pre	1650-1850AD					Arctic_Dogs	A2a	F		1.13			1.09	64.35	/data/feuerborntr/Bams/TRF.01.11_Merged.CanFam3.1Y.rmdup.bam		/dss/dssfs02/pn29qe/pn29qe-dss-0000/ancient_dogs_bam/Unpub_TRF_GL/TRF.01.11_Merged.CanFam3.1Y.rmdup.bam		Unpub_TRF_GL	TRF.01.11_Merged.CanFam3.1Y.rmdup.bam		Tatiana unpublished Greenland data		TRF.01.11	D	Nugarsuk1	Pre	D_Nugarsuk1_Pre	Dogs	Arctic_Dogs
TRF.01.13	P72/2016KMG	ZMK 122/1956	Canis	familiaris	Bone	Petrous	Herlufsholm	Herlufsholm1	Herlufsholm Strand	Greenland	82.50	-21.77	Pre						Arctic_Dogs	NA	M		0.04			0.04	3.57	/data/feuerborntr/Bams/TRF.01.13_Merged.CanFam3.1Y.rmdup.bam		/dss/dssfs02/pn29qe/pn29qe-dss-0000/ancient_dogs_bam/Unpub_TRF_NA/TRF.01.13_Merged.CanFam3.1Y.rmdup.bam		Unpub_TRF_NA	TRF.01.13_Merged.CanFam3.1Y.rmdup.bam		Tatiana unpublished Greenland data		TRF.01.13	D	Herlufsholm1	Pre	D_Herlufsholm1_Pre	Dogs	Arctic_Dogs
TRF.01.21	P25/2017KMG	ZMK 17/2014	Canis	lupus	Bone	Petrous	VardeX	VardeX1	Varde 10, Upernivik	Greenland			Pre						North_American_Wolves	North American Wolf	M		0.04			0.04	4.02	/data/feuerborntr/Bams/TRF.01.21_Merged.CanFam3.1Y.rmdup.bam		/dss/dssfs02/pn29qe/pn29qe-dss-0000/ancient_dogs_bam/Unpub_TRF_GL/TRF.01.21_Merged.CanFam3.1Y.rmdup.bam		Unpub_TRF_GL	TRF.01.21_Merged.CanFam3.1Y.rmdup.bam		Tatiana unpublished Greenland data		TRF.01.21	W	VardeX1	Pre	W_VardeX_Pre	North_American_Wolves	Wolves
TRF.01.25	P29/2017KMG	ZMK 53b/1966	Canis	familiaris	Bone	Petrous	Inugsuk	Inugsuk1	Inugsuk	Greenland	72.95	-56.12	Pre						Arctic_Dogs	NA	F		0.01			0.01	0.45	/data/feuerborntr/Bams/TRF.01.25_Merged.CanFam3.1Y.rmdup.bam		/dss/dssfs02/pn29qe/pn29qe-dss-0000/ancient_dogs_bam/Unpub_TRF_GL/TRF.01.25_Merged.CanFam3.1Y.rmdup.bam		Unpub_TRF_GL	TRF.01.25_Merged.CanFam3.1Y.rmdup.bam		Tatiana unpublished Greenland data		TRF.01.25	D	Inugsuk1	Pre	D_Inugsuk1_Pre	Dogs	Arctic_Dogs
TRF.01.26	P30/2017KMG	ZMK 53a/1966	Canis	familiaris	Bone	Petrous	Inugsuk	Inugsuk2	Inugsuk	Greenland	72.95	-56.12	Pre						Arctic_Dogs	A2a	M		0.02			0.02	2.1	/data/feuerborntr/Bams/TRF.01.26_Merged.CanFam3.1Y.rmdup.bam		/dss/dssfs02/pn29qe/pn29qe-dss-0000/ancient_dogs_bam/Unpub_TRF_GL/TRF.01.26_Merged.CanFam3.1Y.rmdup.bam		Unpub_TRF_GL	TRF.01.26_Merged.CanFam3.1Y.rmdup.bam		Tatiana unpublished Greenland data		TRF.01.26	D	Inugsuk2	Pre	D_Inugsuk2_Pre	Dogs	Arctic_Dogs
TRF.01.30	P34/2017KMG	MK 1059	Canis	familiaris	Bone	Petrous	Qeqertarsuagg	Qeqertarsuagg1	Qeqertarsuagg	Greenland	69.25	-53.53	Post	Collected 1950					Arctic_Dogs	A1a	M		7.33			6.81	98.24	/data/feuerborntr/Bams/TRF.01.30_Merged.CanFam3.1Y.rmdup.bam		/dss/dssfs02/pn29qe/pn29qe-dss-0000/ancient_dogs_bam/Unpub_TRF_GL/TRF.01.30_Merged.CanFam3.1Y.rmdup.bam		Unpub_TRF_GLSD	TRF.01.30_Merged.CanFam3.1Y.rmdup.bam		Tatiana unpublished Greenland data		TRF.01.30	D	Qeqertarsuagg1	Post	D_Qeqertarsuagg1_Post	Dogs	Arctic_Dogs
TRF.01.35	P39/2017KMG	ZMK 31/2017	Canis	familiaris	Bone	Petrous	Siorapaluk	Siorapaluk2	Siorapaluk, Qaanaaq	Greenland	77.79	-70.63	Post	Collected Before 1977					Arctic_Dogs	A2a	M		5.62			5.33	94.77	/data/feuerborntr/Bams/TRF.01.35_Merged.CanFam3.1Y.rmdup.bam		/dss/dssfs02/pn29qe/pn29qe-dss-0000/ancient_dogs_bam/Unpub_TRF_GL/TRF.01.35_Merged.CanFam3.1Y.rmdup.bam		Unpub_TRF_GLSD	TRF.01.35_Merged.CanFam3.1Y.rmdup.bam		Tatiana unpublished Greenland data		TRF.01.35	D	Siorapaluk2	Post	D_Siorapaluk2_Post	Dogs	Arctic_Dogs
TRF.01.36	P40/2017KMG	ZMK 19/2017	Canis	familiaris			Ittoqqortoomiit	Ittoqqortoomiit1	Scorsbysund, Ittoqqortoomiit	Greenland	70.49	-21.99	Post						Arctic_Dogs	NA	M		0.01			0.01	1.27	/data/feuerborntr/Bams/TRF.01.36_Merged.CanFam3.1Y.rmdup.bam		/dss/dssfs02/pn29qe/pn29qe-dss-0000/ancient_dogs_bam/Unpub_TRF_GL/TRF.01.36_Merged.CanFam3.1Y.rmdup.bam		Unpub_TRF_GL	TRF.01.36_Merged.CanFam3.1Y.rmdup.bam		Tatiana unpublished Greenland data		TRF.01.36	D	Ittoqqortoomiit1	Post	D_Ittoqqortoomiit1_Post	Dogs	Arctic_Dogs
TRF.01.37	P41/2017KMG	MK1049	Canis	familiaris			Tasiilaq	Tasiilaq4	Angmagsilik (Tasiilaq)	Greenland	65.61	-37.63	Post						Arctic_Dogs	A1b	F		0.02			0.02	1.94	/data/feuerborntr/Bams/TRF.01.37_Merged.CanFam3.1Y.rmdup.bam		/dss/dssfs02/pn29qe/pn29qe-dss-0000/ancient_dogs_bam/Unpub_TRF_GL/TRF.01.37_Merged.CanFam3.1Y.rmdup.bam		Unpub_TRF_GL	TRF.01.37_Merged.CanFam3.1Y.rmdup.bam		Tatiana unpublished Greenland data		TRF.01.37	D	Tasiilaq4	Post	D_Tasiilaq4_Post	Dogs	Arctic_Dogs
TRF.01.41	P45/2017KMG	MK 1050	Canis	familiaris			Hvidovre	Hvidovre1	Hvidovre	Greenland	70.50	-25.00	Post						Arctic_Dogs	A1b	M		0.05			0.05	4.68	/data/feuerborntr/Bams/TRF.01.41_Merged.CanFam3.1Y.rmdup.bam		/dss/dssfs02/pn29qe/pn29qe-dss-0000/ancient_dogs_bam/Unpub_TRF_GL/TRF.01.41_Merged.CanFam3.1Y.rmdup.bam		Unpub_TRF_GL	TRF.01.41_Merged.CanFam3.1Y.rmdup.bam		Tatiana unpublished Greenland data		TRF.01.41	D	Hvidovre1	Post	D_Hvidovre1_Post	Dogs	Arctic_Dogs
TRF.01.42	P46/2017KMG	ZMK 21/2017	Canis	familiaris			Scoresbysund	Scoresbysund2	Scorsbysund	Greenland	70.49	-21.99	Post						Arctic_Dogs	A1b	F		0.06			0.06	5.38	/data/feuerborntr/Bams/TRF.01.42_Merged.CanFam3.1Y.rmdup.bam		/dss/dssfs02/pn29qe/pn29qe-dss-0000/ancient_dogs_bam/Unpub_TRF_GL/TRF.01.42_Merged.CanFam3.1Y.rmdup.bam		Unpub_TRF_GL	TRF.01.42_Merged.CanFam3.1Y.rmdup.bam		Tatiana unpublished Greenland data		TRF.01.42	D	Scoresbysund2	Post	D_Scoresbysund2_Post	Dogs	Arctic_Dogs
TRF.01.45	P49/2017KMG	ZMK 20/2017	Canis	familiaris	Bone	Petrous	Inugsuk	Inugsuk3	Inugsuk	Greenland	72.79	-56.15	Pre	1300-1400 AD					Arctic_Dogs	A2a	F		0.98			0.93	56.9	/data/feuerborntr/Bams/TRF.01.45_Merged.CanFam3.1Y.rmdup.bam		/dss/dssfs02/pn29qe/pn29qe-dss-0000/ancient_dogs_bam/Unpub_TRF_GL/TRF.01.45_Merged.CanFam3.1Y.rmdup.bam		Unpub_TRF_GL	TRF.01.45_Merged.CanFam3.1Y.rmdup.bam		Tatiana unpublished Greenland data		TRF.01.45	D	Inugsuk3	Pre	D_Inugsuk3_Pre	Dogs	Arctic_Dogs
TRF.01.52	P56/2017KMG	ZMK 29/2017	Canis	familiaris			Godthab	Godthab1	Nuuk (Godthåb)	Greenland	64.18	-51.74	Post						Arctic_Dogs	A1a	M		0.02			0.01	1.44	/data/feuerborntr/Bams/TRF.01.52_Merged.CanFam3.1Y.rmdup.bam		/dss/dssfs02/pn29qe/pn29qe-dss-0000/ancient_dogs_bam/Unpub_TRF_GL/TRF.01.52_Merged.CanFam3.1Y.rmdup.bam		Unpub_TRF_GL	TRF.01.52_Merged.CanFam3.1Y.rmdup.bam		Tatiana unpublished Greenland data		TRF.01.52	D	Godthab1	Post	D_Godthab1_Post	Dogs	Arctic_Dogs
TRF.01.53	P57/2017KMG	MK1055	Canis	familiaris			Ittoqqortoomiit	Ittoqqortoomiit2	Scorsbysund, Ittoqqortoomiit	Greenland	70.49	-21.99	Post						Arctic_Dogs	A1b	F		0.02			0.02	1.89	/data/feuerborntr/Bams/TRF.01.53_Merged.CanFam3.1Y.rmdup.bam		/dss/dssfs02/pn29qe/pn29qe-dss-0000/ancient_dogs_bam/Unpub_TRF_GL/TRF.01.53_Merged.CanFam3.1Y.rmdup.bam		Unpub_TRF_GL	TRF.01.53_Merged.CanFam3.1Y.rmdup.bam		Tatiana unpublished Greenland data		TRF.01.53	D	Ittoqqortoomiit2	Post	D_Ittoqqortoomiit2_Post	Dogs	Arctic_Dogs
TRF.01.54	P58/2017KMG	ZMK 31/2017	Canis	familiaris			Siorapaluk	Siorapaluk3	Siorapaluk, Qaanaaq	Greenland	77.79	-70.63	Post						Arctic_Dogs	A2a	F		0.1			0.1	9.06	/data/feuerborntr/Bams/TRF.01.54_Merged.CanFam3.1Y.rmdup.bam		/dss/dssfs02/pn29qe/pn29qe-dss-0000/ancient_dogs_bam/Unpub_TRF_GL/TRF.01.54_Merged.CanFam3.1Y.rmdup.bam		Unpub_TRF_GL	TRF.01.54_Merged.CanFam3.1Y.rmdup.bam		Tatiana unpublished Greenland data		TRF.01.54	D	Siorapaluk3	Post	D_Siorapaluk3_Post	Dogs	Arctic_Dogs
TRF.01.55	P59/2017KMG	ZMK 31/2017	Canis	familiaris			Siorapaluk	Siorapaluk4	Siorapaluk, Qaanaaq	Greenland	77.79	-70.63	Post						Arctic_Dogs	A1a	M		0.07			0.07	6.62	/data/feuerborntr/Bams/TRF.01.55_Merged.CanFam3.1Y.rmdup.bam		/dss/dssfs02/pn29qe/pn29qe-dss-0000/ancient_dogs_bam/Unpub_TRF_GL/TRF.01.55_Merged.CanFam3.1Y.rmdup.bam		Unpub_TRF_GL	TRF.01.55_Merged.CanFam3.1Y.rmdup.bam		Tatiana unpublished Greenland data		TRF.01.55	D	Siorapaluk4	Post	D_Siorapaluk4_Post	Dogs	Arctic_Dogs
TRF.01.56	P60/2017KMG	ZMK 31/2017	Canis	familiaris	Bone	Petrous	Siorapaluk	Siorapaluk5	Siorapaluk	Greenland	77.79	-70.63	Post	Collected Before 1977					Arctic_Dogs	A2a	F		1.36			1.33	69.77	/data/feuerborntr/Bams/TRF.01.56_Merged.CanFam3.1Y.rmdup.bam		/dss/dssfs02/pn29qe/pn29qe-dss-0000/ancient_dogs_bam/Unpub_TRF_GL/TRF.01.56_Merged.CanFam3.1Y.rmdup.bam		Unpub_TRF_GL	TRF.01.56_Merged.CanFam3.1Y.rmdup.bam		Tatiana unpublished Greenland data		TRF.01.56	D	Siorapaluk5	Post	D_Siorapaluk5_Post	Dogs	Arctic_Dogs
TRF.01.58	P62/2017KMG	ZMK 31/2018	Canis	familiaris			Siorapaluk	Siorapaluk6	Siorapaluk, Qaanaaq	Greenland	77.79	-70.63	Post						Arctic_Dogs	A2a	M		0.07			0.07	6.6	/data/feuerborntr/Bams/TRF.01.58_Merged.CanFam3.1Y.rmdup.bam		/dss/dssfs02/pn29qe/pn29qe-dss-0000/ancient_dogs_bam/Unpub_TRF_GL/TRF.01.58_Merged.CanFam3.1Y.rmdup.bam		Unpub_TRF_GL	TRF.01.58_Merged.CanFam3.1Y.rmdup.bam		Tatiana unpublished Greenland data		TRF.01.58	D	Siorapaluk6	Post	D_Siorapaluk6_Post	Dogs	Arctic_Dogs
TRF.02.04	-	31369	Canis	familiaris	Skin		Godthab	Godthab2	Godthåb distrikt	Greenland	64.18	-51.74	Post	Collected 1892					Arctic_Dogs	A1a	F		1.05			0.96	40.86	/data/feuerborntr/Bams/TRF.02.04_Merged.CanFam3.1Y.rmdup.bam		/dss/dssfs02/pn29qe/pn29qe-dss-0000/ancient_dogs_bam/Unpub_TRF_GL/TRF.02.04_Merged.CanFam3.1Y.rmdup.bam		Unpub_TRF_GL	TRF.02.04_Merged.CanFam3.1Y.rmdup.bam		Tatiana unpublished Greenland data		TRF.02.04	D	Godthab2	Post	D_Godthab2_Post	Dogs	Arctic_Dogs
TRF.02.19	Lu.788	94071	Canis	familiaris			NorthGL	NorthGL1	North	Greenland			Post						Arctic_Dogs	A1a	M		0.09			0.09	8.76	/data/feuerborntr/Bams/TRF.02.19_Merged.CanFam3.1Y.rmdup.bam		/dss/dssfs02/pn29qe/pn29qe-dss-0000/ancient_dogs_bam/Unpub_TRF_GL/TRF.02.19_Merged.CanFam3.1Y.rmdup.bam		Unpub_TRF_GL	TRF.02.19_Merged.CanFam3.1Y.rmdup.bam		Tatiana unpublished Greenland data		TRF.02.19	D	NorthGL1	Post	D_NorthGL1_Post	Dogs	Arctic_Dogs
TRF.02.37	L.5083	32180	Canis	familiaris			Tasiilaq	Tasiilaq5	Tasiilaq	Greenland	65.61	-37.63	Post						Arctic_Dogs	A1b	M		0.05			0.05	4.44	/data/feuerborntr/Bams/TRF.02.37_Merged.CanFam3.1Y.rmdup.bam		/dss/dssfs02/pn29qe/pn29qe-dss-0000/ancient_dogs_bam/Unpub_TRF_GL/TRF.02.37_Merged.CanFam3.1Y.rmdup.bam		Unpub_TRF_GL	TRF.02.37_Merged.CanFam3.1Y.rmdup.bam		Tatiana unpublished Greenland data		TRF.02.37	D	Tasiilaq5	Post	D_Tasiilaq5_Post	Dogs	Arctic_Dogs
TRF.02.38	L19.3	33560	Canis	familiaris			Tasiilaq	Tasiilaq6	Tasiilaq	Greenland	65.61	-37.63	Post						Arctic_Dogs	A1b	M		0.08			0.07	7.07	/data/feuerborntr/Bams/TRF.02.38_Merged.CanFam3.1Y.rmdup.bam		/dss/dssfs02/pn29qe/pn29qe-dss-0000/ancient_dogs_bam/Unpub_TRF_GL/TRF.02.38_Merged.CanFam3.1Y.rmdup.bam		Unpub_TRF_GL	TRF.02.38_Merged.CanFam3.1Y.rmdup.bam		Tatiana unpublished Greenland data		TRF.02.38	D	Tasiilaq6	Post	D_Tasiilaq6_Post	Dogs	Arctic_Dogs
TRF.02.40	Lu.979	95904	Canis	familiaris			WestGL	WestGL1	West	Greenland	70.82	-48.41	Post						Arctic_Dogs	A1a	M		0.08			0.08	7.54	/data/feuerborntr/Bams/TRF.02.40_Merged.CanFam3.1Y.rmdup.bam		/dss/dssfs02/pn29qe/pn29qe-dss-0000/ancient_dogs_bam/Unpub_TRF_GL/TRF.02.40_Merged.CanFam3.1Y.rmdup.bam		Unpub_TRF_GL	TRF.02.40_Merged.CanFam3.1Y.rmdup.bam		Tatiana unpublished Greenland data		TRF.02.40	D	WestGL1	Post	D_WestGL1_Post	Dogs	Arctic_Dogs
TRF.02.41	L.18.194	33486	Canis	familiaris			WestGL	WestGL2	West	Greenland	70.82	-48.41	Post						Arctic_Dogs	A1a	F		0.11			0.1	9.71	/data/feuerborntr/Bams/TRF.02.41_Merged.CanFam3.1Y.rmdup.bam		/dss/dssfs02/pn29qe/pn29qe-dss-0000/ancient_dogs_bam/Unpub_TRF_GL/TRF.02.41_Merged.CanFam3.1Y.rmdup.bam		Unpub_TRF_GL	TRF.02.41_Merged.CanFam3.1Y.rmdup.bam		Tatiana unpublished Greenland data		TRF.02.41	D	WestGL2	Post	D_WestGL2_Post	Dogs	Arctic_Dogs
TRF.02.44	Lu.808	94192	Canis	familiaris			WestGL	WestGL3	West	Greenland	70.82	-48.41	Post						Arctic_Dogs	A2a	M		0.02			0.02	1.65	/data/feuerborntr/Bams/TRF.02.44_Merged.CanFam3.1Y.rmdup.bam		/dss/dssfs02/pn29qe/pn29qe-dss-0000/ancient_dogs_bam/Unpub_TRF_GL/TRF.02.44_Merged.CanFam3.1Y.rmdup.bam		Unpub_TRF_GL	TRF.02.44_Merged.CanFam3.1Y.rmdup.bam		Tatiana unpublished Greenland data		TRF.02.44	D	WestGL3	Post	D_WestGL3_Post	Dogs	Arctic_Dogs
TRF.02.45	Lu.800	94113	Canis	familiaris			WestGL	WestGL4	West	Greenland	70.82	-48.41	Post						Arctic_Dogs	A1a	M		0.01			0.01	1.25	/data/feuerborntr/Bams/TRF.02.45_Merged.CanFam3.1Y.rmdup.bam		/dss/dssfs02/pn29qe/pn29qe-dss-0000/ancient_dogs_bam/Unpub_TRF_GL/TRF.02.45_Merged.CanFam3.1Y.rmdup.bam		Unpub_TRF_GL	TRF.02.45_Merged.CanFam3.1Y.rmdup.bam		Tatiana unpublished Greenland data		TRF.02.45	D	WestGL4	Post	D_WestGL4_Post	Dogs	Arctic_Dogs
TRF.02.47	L.9357	33000	Canis	familiaris	Skin		Uummannaq	Uummannaq2	Uummannaq	Greenland	70.67	-52.13	Post	Collected 1926					Arctic_Dogs	A2a	F		0.35			0.43	33.31	/data/feuerborntr/Bams/TRF.02.47_Merged.CanFam3.1Y.rmdup.bam		/dss/dssfs02/pn29qe/pn29qe-dss-0000/ancient_dogs_bam/Unpub_TRF_GL/TRF.02.47_Merged.CanFam3.1Y.rmdup.bam		Unpub_TRF_GL	TRF.02.47_Merged.CanFam3.1Y.rmdup.bam		Tatiana unpublished Greenland data		TRF.02.47	D	Uummannaq2	Post	D_Uummannaq2_Post	Dogs	Arctic_Dogs
TRF.04.34	AL2076	SNRM_595129	Canis	familiaris			KapBerghaus	KapBerghaus1	KapBerghaus	Greenland	76.000	-29.999	Post						Arctic_Dogs		M		0.36			0.36	29.62	/data/feuerborntr/Bams/TRF.04.34_Merged.CanFam3.1Y.rmdup.bam		/dss/dssfs02/pn29qe/pn29qe-dss-0000/ancient_dogs_bam/Unpub_TRF_GL/TRF.04.34_Merged.CanFam3.1Y.rmdup.bam		Unpub_TRF_GL	TRF.04.34_Merged.CanFam3.1Y.rmdup.bam		Tatiana unpublished Greenland data		TRF.04.34	D	KapBerghaus1	Post	D_KapBerghaus1_Post	Dogs	Arctic_Dogs
TRF.04.35	AL2071	SNRM_580465	Canis	familiaris			Greenland	Greenland1	Greenland	Greenland	74.584	-27.451	Post						Arctic_Dogs		M		0.01			0.01	1.15	/data/feuerborntr/Bams/TRF.04.35_Merged.CanFam3.1Y.rmdup.bam		/dss/dssfs02/pn29qe/pn29qe-dss-0000/ancient_dogs_bam/Unpub_TRF_GL/TRF.04.35_Merged.CanFam3.1Y.rmdup.bam		Unpub_TRF_GL	TRF.04.35_Merged.CanFam3.1Y.rmdup.bam		Tatiana unpublished Greenland data		TRF.04.35	D	Greenland1	Post	D_Greenland1_Post	Dogs	Arctic_Dogs
TRF.06.05	P80	ZMK 16/1987	Canis	familiaris			SydKap	SydKap1	Syd Kap	Greenland	71.30	-25.13	100						Arctic_Dogs	NA	M		0.01			0.01	0.69	/data/feuerborntr/Bams/TRF.06.05_Merged.CanFam3.1Y.rmdup.bam		/dss/dssfs02/pn29qe/pn29qe-dss-0000/ancient_dogs_bam/Unpub_TRF_GL/TRF.06.05_Merged.CanFam3.1Y.rmdup.bam		Unpub_TRF_GL	TRF.06.05_Merged.CanFam3.1Y.rmdup.bam		Tatiana unpublished Greenland data		TRF.06.05	D	SydKap1	100	D_SydKap1_100	Dogs	Arctic_Dogs
TRF.06.06	P81	ZMK 29/1932	Canis	familiaris			MikisFjord	MikisFjord1	Mikis Fjord	Greenland	68.15	-31.50	Pre	Thule					Arctic_Dogs	A1a	M		0.01			0.01	0.93	/data/feuerborntr/Bams/TRF.06.06_Merged.CanFam3.1Y.rmdup.bam		/dss/dssfs02/pn29qe/pn29qe-dss-0000/ancient_dogs_bam/Unpub_TRF_GL/TRF.06.06_Merged.CanFam3.1Y.rmdup.bam		Unpub_TRF_GL	TRF.06.06_Merged.CanFam3.1Y.rmdup.bam		Tatiana unpublished Greenland data		TRF.06.06	D	MikisFjord1	Pre	D_MikisFjord1_Pre	Dogs	Arctic_Dogs
TRF.06.07	P82	ZMK 45/1995	Canis	familiaris			Asummiut	Asummiut1	Asummiut	Greenland	66.9	-53.7	Pre	14th-16th Century					Arctic_Dogs	NA	U		0.01			0.01	0.54	/data/feuerborntr/Bams/TRF.06.07_Merged.CanFam3.1Y.rmdup.bam		/dss/dssfs02/pn29qe/pn29qe-dss-0000/ancient_dogs_bam/Unpub_TRF_GL/TRF.06.07_Merged.CanFam3.1Y.rmdup.bam		Unpub_TRF_GL	TRF.06.07_Merged.CanFam3.1Y.rmdup.bam		Tatiana unpublished Greenland data		TRF.06.07	D	Asummiut1	Pre	D_Asummiut1_Pre	Dogs	Arctic_Dogs
TRF.01.09_EA	P68/2016KMG	ZMK 28/1932	Canis	familiaris	Bone	Petrous	Dodemandsbugten-EA	Dodemandsbugten-EA1	Dødemandsbugten	Greenland	74.27	-21	Pre	Pre-contact					Arctic_Dogs	A1a	M		2.77			2.68	68.13	/data/feuerborntr/Bams/TRF.01.09_EA_Merged.CanFam3.1Y.rmdup.bam		/dss/dssfs02/pn29qe/pn29qe-dss-0000/ancient_dogs_bam/Unpub_TRF_GL/TRF.01.09_EA_Merged.CanFam3.1Y.rmdup.bam		Unpub_TRF_GL	TRF.01.09_EA_Merged.CanFam3.1Y.rmdup.bam		Tatiana unpublished Greenland data			D	Dodemandsbugten-EA1	Pre	D_Dodemandsbugten-EA1_Pre	Dogs	Arctic_Dogs
TRF.01.49_EA	P53/2017KMG	MK 1057	Canis	familiaris	Bone	Petrous	EastGL-EA	EastGL-EA1	East	Greenland	65.85	-40.76	Post	Collected 1885					Arctic_Dogs	A1a	F		1.92			1.62	68.93	/data/feuerborntr/Bams/TRF.01.49_EA_Merged.CanFam3.1Y.rmdup.bam		/dss/dssfs02/pn29qe/pn29qe-dss-0000/ancient_dogs_bam/Unpub_TRF_GL/TRF.01.49_EA_Merged.CanFam3.1Y.rmdup.bam		Unpub_TRF_GL	TRF.01.49_EA_Merged.CanFam3.1Y.rmdup.bam		Tatiana unpublished Greenland data			D	EastGL-EA1	Post	D_EastGL-EA1_Post	Dogs	Arctic_Dogs
TRF.01.07_EA	P66/2016KMG	ZMK 58/1985	Canis	familiaris	Bone	Petrous	HallLand-EA	HallLand-EA1	”Monumentet”, Hall Land	Greenland	81.33	-58.00	Post	Collected 1985					Arctic_Dogs	A2a	M		0.29			0.29	24.63	/data/feuerborntr/Bams/TRF.01.07_EA_Merged.CanFam3.1Y.rmdup.bam		/dss/dssfs02/pn29qe/pn29qe-dss-0000/ancient_dogs_bam/Unpub_TRF_GL/TRF.01.07_EA_Merged.CanFam3.1Y.rmdup.bam		Unpub_TRF_GL	TRF.01.07_EA_Merged.CanFam3.1Y.rmdup.bam		Tatiana unpublished Greenland data			D	HallLand-EA1	Post	D_HallLand-EA1_Post	Dogs	Arctic_Dogs
TRF.01.04_EA	P63/2016KMG	ZMK 6/1895	Canis	familiaris	Bone	Petrous	HeklaHavn-EA	HeklaHavn-EA1	Hekla Havn	Greenland	70.47	-26.18	Pre	Collected 1895					Arctic_Dogs	A2a	M		0.62			0.62	45.37	/data/feuerborntr/Bams/TRF.01.04_EA_Merged.CanFam3.1Y.rmdup.bam		/dss/dssfs02/pn29qe/pn29qe-dss-0000/ancient_dogs_bam/Unpub_TRF_GL/TRF.01.04_EA_Merged.CanFam3.1Y.rmdup.bam		Unpub_TRF_GL	TRF.01.04_EA_Merged.CanFam3.1Y.rmdup.bam		Tatiana unpublished Greenland data			D	HeklaHavn-EA1	Pre	D_HeklaHavn-EA1_Pre	Dogs	Arctic_Dogs
TRF.01.05_EA	P64/2016KMG	ZMK 6/1895	Canis	familiaris	Bone	Petrous	HeklaHavn-EA	HeklaHavn-EA2	Hekla Havn	Greenland	70.47	-26.18	Pre	Collected 1895					Arctic_Dogs	A2a	M		0.78			0.78	52.09	/data/feuerborntr/Bams/TRF.01.05_EA_Merged.CanFam3.1Y.rmdup.bam		/dss/dssfs02/pn29qe/pn29qe-dss-0000/ancient_dogs_bam/Unpub_TRF_GL/TRF.01.05_EA_Merged.CanFam3.1Y.rmdup.bam		Unpub_TRF_GL	TRF.01.05_EA_Merged.CanFam3.1Y.rmdup.bam		Tatiana unpublished Greenland data			D	HeklaHavn-EA2	Pre	D_HeklaHavn-EA2_Pre	Dogs	Arctic_Dogs
TRF.01.06_EA	P65/2016KMG	ZMK 6/1895	Canis	familiaris	Bone	Petrous	HeklaHavn-EA	HeklaHavn-EA3	Hekla Havn	Greenland	70.47	-26.18	Pre	Collected 1895					Arctic_Dogs	A2a	M		0.75			0.76	51.97	/data/feuerborntr/Bams/TRF.01.06_EA_Merged.CanFam3.1Y.rmdup.bam		/dss/dssfs02/pn29qe/pn29qe-dss-0000/ancient_dogs_bam/Unpub_TRF_GL/TRF.01.06_EA_Merged.CanFam3.1Y.rmdup.bam		Unpub_TRF_GL	TRF.01.06_EA_Merged.CanFam3.1Y.rmdup.bam		Tatiana unpublished Greenland data			D	HeklaHavn-EA3	Pre	D_HeklaHavn-EA3_Pre	Dogs	Arctic_Dogs
TRF.01.08_EA	P67/2016KMG	ZMK 18/1932	Canis	familiaris	Bone	Petrous	Misigtoq-EA	Misigtoq-EA1	Misigtoq	Greenland	65.81	-37	Pre	1350-1500AD					Arctic_Dogs	A1b	M		1.75			0.78	44.18	/data/feuerborntr/Bams/TRF.01.08_EA_Merged.CanFam3.1Y.rmdup.bam		/dss/dssfs02/pn29qe/pn29qe-dss-0000/ancient_dogs_bam/Unpub_TRF_GL/TRF.01.08_EA_Merged.CanFam3.1Y.rmdup.bam		Unpub_TRF_GL	TRF.01.08_EA_Merged.CanFam3.1Y.rmdup.bam		Tatiana unpublished Greenland data			D	Misigtoq-EA1	Pre	D_Misigtoq-EA1_Pre	Dogs	Arctic_Dogs
TRF.01.30_EA	P34/2017KMG	MK 1059	Canis	familiaris	Bone	Petrous	Qeqertarsuagg-EA	Qeqertarsuagg-EA1	Qeqertarsuagg	Greenland	69.25	-53.53	Post	Collected 1950					Arctic_Dogs	A1a	M		1.54			1.42	71	/data/feuerborntr/Bams/TRF.01.30_EA_Merged.CanFam3.1Y.rmdup.bam		/dss/dssfs02/pn29qe/pn29qe-dss-0000/ancient_dogs_bam/Unpub_TRF_GL/TRF.01.30_EA_Merged.CanFam3.1Y.rmdup.bam		Unpub_TRF_GL	TRF.01.30_EA_Merged.CanFam3.1Y.rmdup.bam		Tatiana unpublished Greenland data			D	Qeqertarsuagg-EA1	Post	D_Qeqertarsuagg-EA1_Post	Dogs	Arctic_Dogs
TRF.01.46_EA	P50/2017KMG	ZMK 30/2017	Canis	familiaris	Bone	Petrous	SaundersIsland-EA	SaundersIsland-EA1	Saunders Island	Greenland	76.57	-69.83	Post	Collected 1903/4					Arctic_Dogs	A1a	M		2.77			2.56	60.3	/data/feuerborntr/Bams/TRF.01.46_EA_Merged.CanFam3.1Y.rmdup.bam		/dss/dssfs02/pn29qe/pn29qe-dss-0000/ancient_dogs_bam/Unpub_TRF_GL/TRF.01.46_EA_Merged.CanFam3.1Y.rmdup.bam		Unpub_TRF_GL	TRF.01.46_EA_Merged.CanFam3.1Y.rmdup.bam		Tatiana unpublished Greenland data			D	SaundersIsland-EA1	Post	D_SaundersIsland-EA1_Post	Dogs	Arctic_Dogs
TRF.01.35_EA	P39/2017KMG	ZMK 31/2017	Canis	familiaris	Bone	Petrous	Siorapaluk-EA	Siorapaluk-EA1	Siorapaluk, Qaanaaq	Greenland	77.79	-70.63	Post	Collected Before 1977					Arctic_Dogs	A2a	M		2.6			2.46	84.95	/data/feuerborntr/Bams/TRF.01.35_EA_Merged.CanFam3.1Y.rmdup.bam		/dss/dssfs02/pn29qe/pn29qe-dss-0000/ancient_dogs_bam/Unpub_TRF_GL/TRF.01.35_EA_Merged.CanFam3.1Y.rmdup.bam		Unpub_TRF_GL	TRF.01.35_EA_Merged.CanFam3.1Y.rmdup.bam		Tatiana unpublished Greenland data			D	Siorapaluk-EA1	Post	D_Siorapaluk-EA1_Post	Dogs	Arctic_Dogs
TRF.01.57_EA	P61/2017KMG	ZMK 31/2017	Canis	familiaris	Bone	Petrous	Siorapaluk-EA	Siorapaluk-EA2	Siorapaluk	Greenland	77.79	-70.63	Post	Collected Before 1977					Arctic_Dogs	A2a	M		2.35			#N/A	#N/A	/data/feuerborntr/Bams/TRF.01.57_EA_Merged.CanFam3.1Y.rmdup.bam				Unpub_TRF_GL	TRF.01.57_EA_Merged.CanFam3.1Y.rmdup.bam		Tatiana unpublished Greenland data		#N/A	D	Siorapaluk-EA2	Post	D_Siorapaluk-EA2_Post	Dogs	Arctic_Dogs
TRF.01.01_EA	P60/2016KMG	ZMK 13w/1909	Canis	familiaris	Bone	Petrous	StormbugtI-EA	StormbugtI-EA1	Stormbugt I	Greenland	76.79	-19.34	Pre	Pre-contact					Arctic_Dogs	A2a	M		0.95			0.92	54.08	/data/feuerborntr/Bams/TRF.01.01_EA_Merged.CanFam3.1Y.rmdup.bam		/dss/dssfs02/pn29qe/pn29qe-dss-0000/ancient_dogs_bam/Unpub_TRF_GL/TRF.01.01_EA_Merged.CanFam3.1Y.rmdup.bam		Unpub_TRF_GL	TRF.01.01_EA_Merged.CanFam3.1Y.rmdup.bam		Tatiana unpublished Greenland data			D	StormbugtI-EA1	Pre	D_StormbugtI-EA1_Pre	Dogs	Arctic_Dogs
TRF.01.03_EA	P62/2016KMG	ZMK 23/1932	Canis	familiaris	Bone	Petrous	Sukersit-EA	Sukersit-EA1	Sukersit	Greenland	65.98	-37.95	Pre	Pre-contact					Arctic_Dogs	A2a	M		0.97			0.96	57.14	/data/feuerborntr/Bams/TRF.01.03_EA_Merged.CanFam3.1Y.rmdup.bam		/dss/dssfs02/pn29qe/pn29qe-dss-0000/ancient_dogs_bam/Unpub_TRF_GL/TRF.01.03_EA_Merged.CanFam3.1Y.rmdup.bam		Unpub_TRF_GL	TRF.01.03_EA_Merged.CanFam3.1Y.rmdup.bam		Tatiana unpublished Greenland data			D	Sukersit-EA1	Pre	D_Sukersit-EA1_Pre	Dogs	Arctic_Dogs
TRF.01.12	P71/2016KMG	ZMK 11/1934	Canis	familiaris	Bone	Petrous	V52	V521	V52	Greenland			1000						European_Dogs	A1a	M		0.84			0.78	48.92	/data/feuerborntr/Bams/TRF.01.12_Merged.CanFam3.1Y.rmdup.bam		/dss/dssfs02/pn29qe/pn29qe-dss-0000/ancient_dogs_bam/Unpub_TRF_NA/TRF.01.12_Merged.CanFam3.1Y.rmdup.bam		Unpub_TRF_NA	TRF.01.12_Merged.CanFam3.1Y.rmdup.bam		Tatiana unpublished North America data		TRF.01.12	D	V52	1000	D_V52_1000	Dogs	European_Dogs
TRF.01.67	P531/2021PB	ZMK70/1937	Canis	familiaris	Bone		Qeqertasagsuk	Qeqertasagsuk1	Qeqertasagsuk	Greenland	68.58	-51.13	3000						Arctic_Dogs	A2a	F		0.11			0.11	10.53	/data/feuerborntr/Bams/TRF.01.67_Merged.CanFam3.1Y.rmdup.bam		/dss/dssfs02/pn29qe/pn29qe-dss-0000/ancient_dogs_bam/Unpub_TRF_NA/TRF.01.67_Merged.CanFam3.1Y.rmdup.bam		Unpub_TRF_NA	TRF.01.67_Merged.CanFam3.1Y.rmdup.bam		Tatiana unpublished North America data		TRF.01.67	D	Qeqertasagsuk1	3000	D_Qeqertasagsuk1_3000	Dogs	Arctic_Dogs
TRF.01.65	P529/2021PB	ZMK136/1989	Canis	familiaris	Bone		Nipisat I	NipisatI1	Nipisat I	Greenland	66.81	-53.51	3000						Arctic_Dogs				0.00			0	0.13			/dss/dssfs02/pn29qe/pn29qe-dss-0000/ancient_dogs_bam/Unpub_TRF_NA/TRF.01.65_Merged.CanFam3.1Y.rmdup.bam							TRF.01.65	D	NipisatI1	3000	D_NipisatI1_3000	Dogs	Arctic_Dogs
TRF.01.66	P530/2021PB	ZMK70/1937	Canis	familiaris	Bone		Qeqertasagsuk	Qeqertasagsuk2	Qeqertasagsuk	Greenland	68.58	-51.13	3000						Arctic_Dogs				0.00			0	0.21			/dss/dssfs02/pn29qe/pn29qe-dss-0000/ancient_dogs_bam/Unpub_TRF_NA/TRF.01.66_Merged.CanFam3.1Y.rmdup.bam							TRF.01.66	D	Qeqertasagsuk2	3000	D_Qeqertasagsuk2_3000	Dogs	Arctic_Dogs
TRF.01.68	P532/2021PB	ZMK70/1937	Canis	familiaris	Bone		Qeqertasagsuk	Qeqertasagsuk3	Qeqertasagsuk	Greenland	68.58	-51.13	3000						Arctic_Dogs				0.01			0.01	0.55			/dss/dssfs02/pn29qe/pn29qe-dss-0000/ancient_dogs_bam/Unpub_TRF_NA/TRF.01.68_Merged.CanFam3.1Y.rmdup.bam							TRF.01.68	D	Qeqertasagsuk3	3000	D_Qeqertasagsuk3_3000	Dogs	Arctic_Dogs
TRF.01.69	P533/2021PB	ZMK350/1982	Canis	familiaris	Bone		Qajaa	Qajaa	Qajaa	Greenland	69.29	-53.37	3000						Arctic_Dogs				0.00			0	0.02			/dss/dssfs02/pn29qe/pn29qe-dss-0000/ancient_dogs_bam/Unpub_TRF_NA/TRF.01.69_Merged.CanFam3.1Y.rmdup.bam							TRF.01.69	D	Qajaa	3000	D_Qajaa_3000	Dogs	Arctic_Dogs
CANIS-HMNH-007	V.58.1734		Canis	lupus			Istallosko	Istallosko1	Istállóskő	Hungary	48.07	20.43	3525	3525					Western_Eurasian_Wolves		F		1.09			1.2	68.55		/dss/dssfs03/pn29bi/pn29bi-dss-0002/canids_bam/ancient/HMNH_007.bam	/dss/dssfs02/pn29qe/pn29qe-dss-0000/ancient_dogs_bam/Unpub_AB_wolf/HMNH_007.bam		Unpub_AB_wolf	HMNH_007.bam		Bergström et al. (2022) 'Grey wolf genomic history reveals a dual ancestry of dogs', Nature, 607: 313-320		CANIS-HMNH-007	W	Istallosko1	3525	W_Istallosko1_3525	Western_Eurasian_Wolves	Wolves
DS-CANIS-HMNH-011	V.58.1735		Canis	lupus			Leanybarlang	Leanybarlang1	Leánybarlang	Hungary	47.70	18.83	6719	6719					Western_Eurasian_Wolves		F		1.4			1.58	76.98		/dss/dssfs03/pn29bi/pn29bi-dss-0002/canids_bam/ancient/HMNH_011.bam	/dss/dssfs02/pn29qe/pn29qe-dss-0000/ancient_dogs_bam/Unpub_AB_wolf/HMNH_011.bam		Unpub_AB_wolf	HMNH_011.bam		Bergström et al. (2022) 'Grey wolf genomic history reveals a dual ancestry of dogs', Nature, 607: 313-320		DS-CANIS-HMNH-011	W	Leanybarlang1	6719	W_Leanybarlang1_6719	Western_Eurasian_Wolves	Wolves
DS-CANIS-HMNH-017	V.61.2018	HMNH_017	Canis	familiaris			PetenyiBarlang	PetenyiBarlang1	Petényi-barlang, hallstadti réteg	Hungary	48.0474207	20.423869	5907	5907					European_Dogs				0.4			0.47	34.83		/dss/dssfs03/pn29bi/pn29bi-dss-0002/canids_bam/ancient/HMNH_017.bam	/dss/dssfs02/pn29qe/pn29qe-dss-0000/ancient_dogs_bam/Other/HMNH_017.bam		Other	HMNH_017.bam		Unpublished data		DS-CANIS-HMNH-017	D	PetenyiBarlang1	5907	D_PetenyiBarlang1_5907	Dogs	European_Dogs
SC1089_L1_b	RMNH_MAM2_29294	AL2041	Canis	lupus	Bone		TenggerJava	TenggerJava1	Mt. Tengger Java	Indonesia			100	150BP - Present					Eastern_Eurasian_Wolves							0.84	42.76		/dss/dssfs03/pn29bi/pn29bi-dss-0002/canids_bam/ancient_rehead/SC1089_rmdup.bam 	/dss/dssfs02/pn29qe/pn29qe-dss-0000/ancient_dogs_bam/Unpub_Sophy/SC1089_rmdup.bam		Unpub_Sophy	SC1089_rmdup.bam		Sophy unpublished data		SC1089	W	TenggerJava1	hist	W_TenggerJava1_hist	Eastern_Eurasian_Wolves	Wolves
AL2571_Iran	TepeGhela	AL2571	Canis	familiaris	Bone	Cranium	TepeGhelaGap	TepeGhelaGap1	Tepe Ghela Gap	Iran	36.46	47.07	5826	5826			#N/A		African_NearEast_India_Dogs	A	M		1.1			1.52	72.87		/dss/dssfs03/pn29bi/pn29bi-dss-0002/canids_bam/ancient/AL2571_Iran_rmdup.bam	/dss/dssfs02/pn29qe/pn29qe-dss-0000/ancient_dogs_bam/Bergstrom2020/AL2571_Iran_rmdup.bam		Bergstrom2020	AL2571_Iran_rmdup.bam		Bergström et al. (2020) 'Origins and genetic legacy of prehistoric dogs', Science, 370: 557-564		AL2571_Iran	D	TepeGhelaGap1	5826	D_TepeGhelaGap1_5826	Dogs	African_NearEast_India_Dogs
367			Canis	lupus			Ballynamintra	Ballynamintra1	Ballynamintra Cave	Ireland	52.15	-7.7	13334	13334	13227	13440			Pleistocene_Wolves		F		0.02			0.02	1.7		/dss/dssfs03/pn29bi/pn29bi-dss-0002/canids_bam/ancient/367.bam	/dss/dssfs02/pn29qe/pn29qe-dss-0000/ancient_dogs_bam/Unpub_AB_wolf/367_reheader.bam		Unpub_AB_wolf	367_reheader.bam		Bergström et al. (2022) 'Grey wolf genomic history reveals a dual ancestry of dogs', Nature, 607: 313-320	Y	367	W	Ballynamintra1	13334	W_Ballynamintra1_13334	Pleistocene_Wolves	Wolves
IRK	P46095		Canis	lupus			Plunkett	Plunkett1	Plunkett Cave, Kesh caves	Ireland	54.06	-8.45	13219	13219	13332	13106			Western_Eurasian_Wolves		F		0.2			0.23	19.63		/dss/dssfs03/pn29bi/pn29bi-dss-0002/canids_bam/ancient_rehead/IRK.canFam31.bam	/dss/dssfs02/pn29qe/pn29qe-dss-0000/ancient_dogs_bam/Unpub_AB_wolf/IRK.canFam31.bam		Unpub_AB_wolf	IRK.canFam31.bam		Bergström et al. (2022) 'Grey wolf genomic history reveals a dual ancestry of dogs', Nature, 607: 313-320		IRK	W	Plunkett1	13219	W_Plunkett1_13219	Western_Eurasian_Wolves	Wolves
Dog1-PU	Parknabinnia	CL153 98E230 IDnc058 188 110	Canis	familiaris	Bone		Parknabinnia	Parknabinnia1	Parknabinnia	Ireland	53.0	-9.1	2733	2733	2770	2696			European_Dogs		M		4.17			4.21	97.69	/data/feuerborntr/Mapped/Ireland/Dog1-PU.CanFam3.1Y.rmdup.bam		/dss/dssfs02/pn29qe/pn29qe-dss-0000/ancient_dogs_bam/Feuerborn2021_remapped/Dog1-PU.CanFam3.1Y.rmdup.bam		Feuerborn2021_remapped	Dog1-PU.CanFam3.1Y.rmdup.bam	Original files used for this publication in: Feuerborn2021	Feuerborn et al. (2021) 'Modern Siberian dog ancestry was shaped by several thousand years of Eurasian-wide trade and human dispersal'		Dog1-PU	D	Parknabinnia1	2733	D_Parknabinnia1_2733	Dogs	European_Dogs
NGDG	Newgrange		Canis	familiaris	Bone	Petrous	Newgrange	Newgrange1	Newgrange	Ireland	53.69	-6.48	4800	4800	4900	4700	PRJEB13070		European_Dogs	C	M		28			33.29	99.43		/dss/dssfs03/pn29bi/pn29bi-dss-0002/canids_bam/ancient/NGDG_fullmerge_rmdup_rmdup_realgined_6_5_15.bam	/dss/dssfs02/pn29qe/pn29qe-dss-0000/ancient_dogs_bam/Pub_before_2020/NGDG_fullmerge_rmdup_rmdup_realgined_6_5_15.bam		Pub_before_2020	NGDG_fullmerge_rmdup_rmdup_realgined_6_5_15.bam		Frantz et al. (2016) 'Genomic and archaeological evidence suggest a dual origin of domestic dogs', Science, 352: 1228-1231		NGDG	D	Newgrange1	4800	D_Newgrange1_4800	Dogs	European_Dogs
ASHQ01_P8903	ASHQ01		Canis	familiaris	Bone	Cochlea	Ashkelon	Ashkelon1	Ashkelon	Israel	31.67	34.57	2300	2300			#N/A		African_NearEast_India_Dogs	A	F		2.4			2.61	88.54		/dss/dssfs03/pn29bi/pn29bi-dss-0002/canids_bam/ancient/ASHQ01_P8903_1002_S2_L002_seqprep.canFam3.fa.srt.rmdup.80perc.bam	/dss/dssfs02/pn29qe/pn29qe-dss-0000/ancient_dogs_bam/Bergstrom2020/ASHQ01_P8903_1002_S2_L002_seqprep_reheader.bam		Bergstrom2020	ASHQ01_P8903_1002_S2_L002_seqprep_reheader.bam		Bergström et al. (2020) 'Origins and genetic legacy of prehistoric dogs', Science, 370: 557-564		ASHQ01_P8903	D	Ashkelon1	2300	D_Ashkelon1_2300	Dogs	African_NearEast_India_Dogs
ASHQ06_P8903	ASHQ06		Canis	familiaris	Bone	Cochlea	Ashkelon	Ashkelon2	Ashkelon	Israel	31.67	34.57	2300	2300			#N/A		African_NearEast_India_Dogs	A	F		1.8			1.94	82.01		/dss/dssfs03/pn29bi/pn29bi-dss-0002/canids_bam/ancient/ASHQ06_P8903_1003_S3_L003_seqprep.canFam3.fa.srt.rmdup.80perc.bam	/dss/dssfs02/pn29qe/pn29qe-dss-0000/ancient_dogs_bam/Bergstrom2020/ASHQ06_P8903_1003_S3_L003_seqprep_reheader.bam		Bergstrom2020	ASHQ06_P8903_1003_S3_L003_seqprep_reheader.bam		Bergström et al. (2020) 'Origins and genetic legacy of prehistoric dogs', Science, 370: 557-564		ASHQ06_P8903	D	Ashkelon2	2300	D_Ashkelon2_2300	Dogs	African_NearEast_India_Dogs
ASHQ08_P8903	ASHQ08		Canis	familiaris	Bone	Petrous	Ashkelon	Ashkelon3	Ashkelon	Israel	31.67	34.57	2300	2300			#N/A		African_NearEast_India_Dogs	A	M		2.2			2.3	85.98		/dss/dssfs03/pn29bi/pn29bi-dss-0002/canids_bam/ancient/ASHQ08_P8903_1004_S4_L004_seqprep.canFam3.fa.srt.rmdup.80perc.bam	/dss/dssfs02/pn29qe/pn29qe-dss-0000/ancient_dogs_bam/Bergstrom2020/ASHQ08_P8903_1004_S4_L004_seqprep_reheader.bam		Bergstrom2020	ASHQ08_P8903_1004_S4_L004_seqprep_reheader.bam		Bergström et al. (2020) 'Origins and genetic legacy of prehistoric dogs', Science, 370: 557-564		ASHQ08_P8903	D	Ashkelon3	2300	D_Ashkelon3_2300	Dogs	African_NearEast_India_Dogs
TGEZ06_P8903	TGEZ06		Canis	familiaris	Bone	Petrous	TelGezer	TelGezer1	Tel Gezer	Israel	31.86	34.92	3500	3500	4500	2500	#N/A		African_NearEast_India_Dogs	D	M		0.9			0.92	58.11		/dss/dssfs03/pn29bi/pn29bi-dss-0002/canids_bam/ancient/TGEZ06_P8903_1007_S7_L007_seqprep.canFam3.fa.srt.rmdup.80perc.bam	/dss/dssfs02/pn29qe/pn29qe-dss-0000/ancient_dogs_bam/Bergstrom2020/TGEZ06_P8903_1007_S7_L007_seqprep_reheader.bam		Bergstrom2020	TGEZ06_P8903_1007_S7_L007_seqprep_reheader.bam		Bergström et al. (2020) 'Origins and genetic legacy of prehistoric dogs', Science, 370: 557-564		TGEZ06_P8903	D	TelGezer1	3500	D_TelGezer1_3500	Dogs	African_NearEast_India_Dogs
THRZ02_TelHreiz	THRZ02		Canis	familiaris	Bone	Petrous	TelHreiz	TelHreiz1	Tel Hreiz	Israel	32.74	35.05	7000	7000			#N/A		African_NearEast_India_Dogs	A	F		0.1			0.1	9.46		/dss/dssfs03/pn29bi/pn29bi-dss-0002/canids_bam/ancient/THRZ02_TelHreiz_P9230_1001_S59_L008_seqprep.canFam3.fa.srt.rmdup.80perc.bam	/dss/dssfs02/pn29qe/pn29qe-dss-0000/ancient_dogs_bam/Bergstrom2020/THRZ02_TelHreiz_P9230_1001_S59_L008_seqprep_reheader.bam		Bergstrom2020	THRZ02_TelHreiz_P9230_1001_S59_L008_seqprep_reheader.bam		Bergström et al. (2020) 'Origins and genetic legacy of prehistoric dogs', Science, 370: 557-564		THRZ02_TelHreiz	D	TelHreiz1	7000	D_TelHreiz1_7000	Dogs	African_NearEast_India_Dogs
UZAA01_P8903	UZAA01		Canis	familiaris	Bone	Petrous	Uza	Uza1	Uza	Israel	31.59	34.76	875	875			#N/A		African_NearEast_India_Dogs	A	M		5.5			6	98.71		/dss/dssfs03/pn29bi/pn29bi-dss-0002/canids_bam/ancient/UZAA01_P8903_1008_S8_L008_seqprep.canFam3.fa.srt.rmdup.80perc.bam	/dss/dssfs02/pn29qe/pn29qe-dss-0000/ancient_dogs_bam/Bergstrom2020/UZAA01_P8903_1008_S8_L008_seqprep_reheader.bam		Bergstrom2020	UZAA01_P8903_1008_S8_L008_seqprep_reheader.bam		Bergström et al. (2020) 'Origins and genetic legacy of prehistoric dogs', Science, 370: 557-564		UZAA01_P8903	D	Uza1	875	D_Uza1_875	Dogs	African_NearEast_India_Dogs
UZAA02_Israel	UZAA02		Canis	familiaris	Bone	Petrous	Uza	Uza2	Uza	Israel	31.59	34.76	1600	1600			#N/A		African_NearEast_India_Dogs	A	F		5.8			5.61	98.59		/dss/dssfs03/pn29bi/pn29bi-dss-0002/canids_bam/ancient/UZAA02_Israel_Byzantine.P8903_1009_S26_L006_seqprep.canFam3.fa.srt.rmdup.80perc.bam	/dss/dssfs02/pn29qe/pn29qe-dss-0000/ancient_dogs_bam/Bergstrom2020/UZAA02_Israel_Byzantine_reheader.bam		Bergstrom2020	UZAA02_Israel_Byzantine_reheader.bam		Bergström et al. (2020) 'Origins and genetic legacy of prehistoric dogs', Science, 370: 557-564		UZAA02_Israel	D	Uza2	1600	D_Uza2_1600	Dogs	African_NearEast_India_Dogs
AL2397_Italy	AL2397		Canis	familiaris	Bone	Mandible	BelverdeDiCetona	BelverdeDiCetona1	Belverde di Cetona	Italy	42.96	11.90	4000	4000			#N/A		European_Dogs	C	M		1.5			1.81	80.61		/dss/dssfs03/pn29bi/pn29bi-dss-0002/canids_bam/ancient/AL2397_Italy_rmdup.bam	/dss/dssfs02/pn29qe/pn29qe-dss-0000/ancient_dogs_bam/Bergstrom2020/AL2397_Italy_rmdup.bam		Bergstrom2020	AL2397_Italy_rmdup.bam		Bergström et al. (2020) 'Origins and genetic legacy of prehistoric dogs', Science, 370: 557-564		AL2397_Italy	D	BelverdeDiCetona1	4000	D_BelverdeDiCetona1_4000	Dogs	European_Dogs
TRF.09.01		No. 516	Canis	familiaris			Japan	Japan1		Japan			7500						East_Asian_Dogs	NA	M		0.01			0.01	1.03	/data/feuerborntr/Bams/TRF.09.01a_Merged.CanFam3.1Y.rmdup.bam		/dss/dssfs02/pn29qe/pn29qe-dss-0000/ancient_dogs_bam/Unpub_TRF_NA/TRF.09.01a_Merged.CanFam3.1Y.rmdup.bam		Unpub_TRF_NA	TRF.09.01a_Merged.CanFam3.1Y.rmdup.bam		Tatiana unpublished North America data		TRF.09.01	D	Japan1	7500	D_Japan1_7500	Dogs	East_Asian_Dogs
TRF.09.02		No. 15537	Canis	familiaris			Japan	Japan2		Japan			7500						East_Asian_Dogs	NA	M		0.01			0	0.34	/data/feuerborntr/Bams/TRF.09.02b_Merged.CanFam3.1Y.rmdup.bam		/dss/dssfs02/pn29qe/pn29qe-dss-0000/ancient_dogs_bam/Unpub_TRF_NA/TRF.09.02b_Merged.CanFam3.1Y.rmdup.bam		Unpub_TRF_NA	TRF.09.02b_Merged.CanFam3.1Y.rmdup.bam		Tatiana unpublished North America data		TRF.09.02b	D	Japan2	7500	D_Japan2_7500	Dogs	East_Asian_Dogs
TRF.09.03		No. 9596	Canis	familiaris			Japan	Japan3		Japan			7500						East_Asian_Dogs	NA	M		0.01			0.01	0.67	/data/feuerborntr/Bams/TRF.09.03_Merged.CanFam3.1Y.rmdup.bam		/dss/dssfs02/pn29qe/pn29qe-dss-0000/ancient_dogs_bam/Unpub_TRF_NA/TRF.09.03_Merged.CanFam3.1Y.rmdup.bam		Unpub_TRF_NA	TRF.09.03_Merged.CanFam3.1Y.rmdup.bam		Tatiana unpublished North America data		TRF.09.03	D	Japan3	7500	D_Japan3_7500	Dogs	East_Asian_Dogs
HJ19C			Canis	lupus hodophilax			Honshu			Japan			134	Collected 1886					Eastern_Eurasian_Wolves							#N/A	#N/A										#N/A						
HJ5K			Canis	lupus hodophilax			Honshu			Japan			5000						Eastern_Eurasian_Wolves							#N/A	#N/A										#N/A						
PJ35K			Canis	lupus hodophilax			Honshu			Japan			35000						Pleistocene_Wolves							#N/A	#N/A										#N/A						
AL2350_Botai	KZBOT_B4_1	AL2350	Canis	lupus			Botai	Botai1	Botai	Kazakhstan	53.22	67.87	5169	5169	5296	5041			Eastern_Eurasian_Wolves		F		1.43			1.52	75.5		/dss/dssfs03/pn29bi/pn29bi-dss-0002/canids_bam/ancient/AL2350_Botai_rmdup.bam	/dss/dssfs02/pn29qe/pn29qe-dss-0000/ancient_dogs_bam/Unpub_AB_wolf/AL2350_Botai_rmdup.bam		Unpub_AB_wolf	AL2350_Botai_rmdup.bam		Bergström et al. (2022) 'Grey wolf genomic history reveals a dual ancestry of dogs', Nature, 607: 313-320		AL2350_Botai	W	Botai1	5169	W_Botai1_5169	Eastern_Eurasian_Wolves	Wolves
AL2338	KZPSU_ZHA		Canis	sp	Tooth		ZhanaAul	ZhanaAul1	Zhana-Aul	Kazakhstan			3300						European_Dogs							0.09	8.39		/dss/dssfs03/pn29bi/pn29bi-dss-0002/canids_bam/ancient_rehead/AL2338_rmdup.bam	/dss/dssfs02/pn29qe/pn29qe-dss-0000/ancient_dogs_bam/Unpub_Oxford/AL2338_rmdup.bam		Unpub_Oxford	AL2338_rmdup.bam		Oxford unpublished data		AL2338	U	ZhanaAul1	3300	U_ZhanaAul1_3300	Undet	Undet
AL2346	KZKSU_KENT_11		Canis	familiaris	Tooth		Kent	Kent1	Kent	Kazakhstan	49.201495	76.73902	3150	c.1150 BC					Undet							0.05	4.65		/dss/dssfs03/pn29bi/pn29bi-dss-0002/canids_bam/ancient_rehead/AL2346_rmdup.bam	/dss/dssfs02/pn29qe/pn29qe-dss-0000/ancient_dogs_bam/Unpub_Oxford/AL2346_rmdup.bam		Unpub_Oxford	AL2346_rmdup.bam		Oxford unpublished data		AL2346	D	Kent1	3150	D_Kent1_3150	Undet	Undet
SC1084_L1_b	Botai 2018 2 AI(4) 0-10cm/ D01420	AC15	Canis	lupus	Bone	Petrous	Botai	Botai2	Botai	Kazakhstan			5169						Eastern_Eurasian_Wolves							4.97	97.63		/dss/dssfs03/pn29bi/pn29bi-dss-0002/canids_bam/ancient_rehead/SC1084_rmdup.bam	/dss/dssfs02/pn29qe/pn29qe-dss-0000/ancient_dogs_bam/Unpub_Sophy/SC1084_rmdup.bam		Unpub_Sophy	SC1084_rmdup.bam		Sophy unpublished data		SC1084	W	Botai2	5169	W_Botai2_5169	Eastern_Eurasian_Wolves	Wolves
AC02	KZKSU_KENT_8		Canis	familiaris			Kent	Kent2	Kent	Kazakhstan	49.201495	76.73902	3150	c.1150 BC					African_NearEast_India_Dogs							0.14	6.79		/dss/dssfs03/pn29bi/pn29bi-dss-0002/canids_bam/ancient_rehead/AC02_rmdup.bam 	/dss/dssfs02/pn29qe/pn29qe-dss-0000/ancient_dogs_bam/Other/AC02_rmdup.bam		Other	AC02_rmdup.bam		unpublished data		AC02	D	Kent2	3150	D_Kent2_3150	Dogs	African_NearEast_India_Dogs
AC14	Botai 2018 I, CII (2)		Canis	familiaris	Bone	Petrous	Botai	Botai3	Botai	Kazakhstan	53.22	67.87	5169	5169					African_NearEast_India_Dogs							0.53	25.61		/dss/dssfs03/pn29bi/pn29bi-dss-0002/canids_bam/ancient_rehead/AC14_rmdup.bam 	/dss/dssfs02/pn29qe/pn29qe-dss-0000/ancient_dogs_bam/Other/AC14_rmdup.bam		Other	AC14_rmdup.bam		unpublished data		AC14	D	Botai3	5169	D_Botai3_5169	Dogs	African_NearEast_India_Dogs
KT0094	30P		Canis	familiaris		Petrous	Riga	Riga1	Riga town	Latvia			153	153				16th-17th c.	European_Dogs							4.31	97.06			/dss/dssfs02/pn29qe/pn29qe-dss-0000/ancient_dogs_bam/Unpub_Oxford/KT0094_rmdup.bam		Unpub_Oxford	KT0094_rmdup.bam		Oxford unpublished data		KT0094	D	Riga1	153	D_Riga1_550	Dogs	European_Dogs
DO15452	1ŠV		Canis	familiaris	tooth root	m1	Sventoji	Sventoji1	Sventoji	Lithuania	56.025278	21.081667	5000						European_Dogs							0.08	6.66			/dss/dssfs02/pn29qe/pn29qe-dss-0000/ancient_dogs_bam/bams2023/initial/DO15452_udgnone_libmerged_rmdup.bam					Meso unpublished data		DO15452	D	Sventoji1	5000	D_Sventoji1_5000		
KT0033	1P		Canis	familiaris	Bone	Petrous	VilniusCastle	VilniusCastle1	Vilnius castle	Lithuania			566	566				15th-16th c.	European_Dogs							9.77	99.22			/dss/dssfs02/pn29qe/pn29qe-dss-0000/ancient_dogs_bam/Unpub_Oxford/KT0033_rmdup.bam		Unpub_Oxford	KT0033_rmdup.bam		Oxford unpublished data		KT0033	D	VilniusCastle1	566	D_VilniusCastle1_650	Dogs	European_Dogs
KT0037			Canis	familiaris	Bone	Petrous	VilniusCastle	VilniusCastle2	Vilnius castle	Lithuania			595	595				late 14th - early 15th c.	European_Dogs							2.44	76.99			/dss/dssfs02/pn29qe/pn29qe-dss-0000/ancient_dogs_bam/Unpub_Oxford/KT0037_rmdup.bam		Unpub_Oxford	KT0037_rmdup.bam		Oxford unpublished data		KT0037	D	VilniusCastle2	595	D_VilniusCastle2_700	Dogs	European_Dogs
KT0039			Canis	familiaris	Bone	Petrous	VilniusCastle	VilniusCastle3	Vilnius castle	Lithuania			389	389				15-16th c.	European_Dogs							21.6	99.39			/dss/dssfs02/pn29qe/pn29qe-dss-0000/ancient_dogs_bam/Unpub_Oxford/KT0039_rmdup.bam		Unpub_Oxford	KT0039_rmdup.bam		Oxford unpublished data		KT0039	D	VilniusCastle3	389	D_VilniusCastle3_650	Dogs	European_Dogs
KT0041	14P		Canis	familiaris	Bone	Petrous	VilniusCastle	VilniusCastle4	Vilnius castle	Lithuania			153	153				14th-16th c.	European_Dogs							12.36	99.31			/dss/dssfs02/pn29qe/pn29qe-dss-0000/ancient_dogs_bam/Unpub_Oxford/KT0041_rmdup.bam		Unpub_Oxford	KT0041_rmdup.bam		Oxford unpublished data		KT0041	D	VilniusCastle4	153	D_VilniusCastle4_600	Dogs	European_Dogs
KT0043	3P		Canis	familiaris	Bone	Petrous	VilniusCastle	VilniusCastle5	Vilnius castle	Lithuania			600	600				late 14th-early 15th c.	European_Dogs							8.02	99.1			/dss/dssfs02/pn29qe/pn29qe-dss-0000/ancient_dogs_bam/Unpub_Oxford/KT0043_rmdup.bam		Unpub_Oxford	KT0043_rmdup.bam		Oxford unpublished data		KT0043	D	VilniusCastle5	600	D_VilniusCastle5_650	Dogs	European_Dogs
KT0049	9P		Canis	familiaris	Bone	Petrous	VilniusCastle	VilniusCastle6	Vilnius castle	Lithuania			693	693				late 14th - early 15th c.	European_Dogs							5.87	98.47			/dss/dssfs02/pn29qe/pn29qe-dss-0000/ancient_dogs_bam/Unpub_Oxford/KT0049_rmdup.bam		Unpub_Oxford	KT0049_rmdup.bam		Oxford unpublished data		KT0049	D	VilniusCastle6	693	D_VilniusCastle6_650	Dogs	European_Dogs
KT0052	12P		Canis	familiaris	Bone	Petrous	VilniusCastle	VilniusCastle7	Vilnius castle	Lithuania			736	736				15th c.	European_Dogs							17.69	99.36			/dss/dssfs02/pn29qe/pn29qe-dss-0000/ancient_dogs_bam/Unpub_Oxford/KT0052_rmdup.bam		Unpub_Oxford	KT0052_rmdup.bam		Oxford unpublished data		KT0052	D	VilniusCastle7	736	D_VilniusCastle7_600	Dogs	European_Dogs
KT0056	15P		Canis	familiaris	Bone	Petrous	VilniusCastle	VilniusCastle8	Vilnius castle	Lithuania			153	153				mid 16th-17th c.	European_Dogs							8.89	99.1			/dss/dssfs02/pn29qe/pn29qe-dss-0000/ancient_dogs_bam/Unpub_Oxford/KT0056_rmdup.bam		Unpub_Oxford	KT0056_rmdup.bam		Oxford unpublished data		KT0056	D	VilniusCastle8	153	D_VilniusCastle8_550	Dogs	European_Dogs
LS0121	SNRM_580092		Canis	lupus			Casablanca	Casablanca1	Casablanca, Casablanca_Settat Region	Morocco	33.540432	-7.615178	150		150	0					F					0.23	12.46			/dss/dssfs02/pn29qe/pn29qe-dss-0000/ancient_dogs_bam/bams2023/LS0121a/LS0121a_rmdup.bam					Lachie unpublished St Petersberg data		LS0121	W	Casablanca1	150	W_Casablanca1_150	Western_Eurasian_Wolves	Wolves
LS0238	1845.1.8.61 (166H)		Canis	familiaris	bone	petrous	AfghanHound	AfghanHound2		Nepal			Hist_1845	1845					African_NearEast_India_Dogs							1.92	83.16			/dss/dssfs02/pn29qe/pn29qe-dss-0000/ancient_dogs_bam/bams2023/LS0238/LS0238_rmdup.bam					Lachie unpublished historic breed data		LS0238	D	AfghanHound2	Hist_1845	D_AfghanHound2_Hist_1845		
SC1078	JS258 #8,8		Canis	familiaris	Bone	Tibia	Skipshelleren	Skipshelleren1	Skipshelleren	Norway			Post						European_Dogs							0.05	4.22			/dss/dssfs02/pn29qe/pn29qe-dss-0000/ancient_dogs_bam/Unpub_Oxford/SC1078_rmdup.bam		Unpub_Oxford	SC1078_rmdup.bam		Sophy unpublished data		SC1078	D	Skipshelleren1	Post	D_Skipshelleren1_Post	Dogs	European_Dogs
AL2125_A2	Lauricocha Peru		Canis	familiaris	Bone	Humerus	Lauricocha	Lauricocha1	Lauricocha	Peru			NA						preContact_Dogs				0.24			0.24	20.62		/dss/dssfs03/pn29bi/pn29bi-dss-0002/canids_bam/ancient/AL2125.rmdup.chrnmd.bam	/dss/dssfs02/pn29qe/pn29qe-dss-0000/ancient_dogs_bam/Unpub_Sophy/AL2125.rmdup.chrnmd.bam		Unpub_Sophy	AL2125.rmdup.chrnmd.bam		Sophy unpublished data		AL2125	D	Lauricocha1	NA	D_Lauricocha1_NA	Dogs	preContact_Dogs
SC1076_L1_b	HMCZ_47443		Canis	familiaris	Bone		Zapallan	Zapallan1	Zapallan Grave	Peru	-11.953889	-77.118333	800	c.1200 AD					American_Dogs							0.06	5.14		/dss/dssfs03/pn29bi/pn29bi-dss-0002/canids_bam/ancient_rehead/SC1076_rmdup.bam 	/dss/dssfs02/pn29qe/pn29qe-dss-0000/ancient_dogs_bam/Unpub_Sophy/SC1076_rmdup.bam		Unpub_Sophy	SC1076_rmdup.bam		Sophy unpublished data		SC1076	D	Zapallan1	800	D_Zapallan1_800	Dogs	European_Dogs
AL3230_A2	HMCZ_39564		Canis	familiaris			Chivay	Chivay1	Chivay	Peru	-15.63667	-71.60222	NA						preContact_Dogs				0.53			0.51	31.21		/dss/dssfs03/pn29bi/pn29bi-dss-0002/canids_bam/ancient/AL3230.rmdup.chrnmd.bam	/dss/dssfs02/pn29qe/pn29qe-dss-0000/ancient_dogs_bam/Unpub_Sophy/AL3230.rmdup.chrnmd.bam		Unpub_Sophy	AL3230.rmdup.chrnmd.bam		Sophy unpublished data. Awaiting sequencing data		AL3230	D	Chivay1	NA	D_Chivay1_NA	Dogs	preContact_Dogs
AL3185_Pietrele	2006 F325	AL3185	Canis	lupus			Pietrele	Pietrele1	Pietrele	Romania	43.88	24.93	6307	6307	6505	6390			Western_Eurasian_Wolves		M		4.21			4.52	96.1		/dss/dssfs03/pn29bi/pn29bi-dss-0002/canids_bam/ancient/AL3185_Pietrele_rmdup.bam	/dss/dssfs02/pn29qe/pn29qe-dss-0000/ancient_dogs_bam/Unpub_AB_wolf/AL3185_Pietrele_rmdup.bam		Unpub_AB_wolf	AL3185_Pietrele_rmdup.bam		Bergström et al. (2022) 'Grey wolf genomic history reveals a dual ancestry of dogs', Nature, 607: 313-320		AL3185_Pietrele	W	Pietrele1	6307	W_Pietrele1_6307	Western_Eurasian_Wolves	Wolves
MO1806			Canis	familiaris	coprolite	coprolite	HarsovaTell	HarsovaTell1	Harsova Tell	Romania			6500	6500					European_Dogs							1.12	60.85			/dss/dssfs02/pn29qe/pn29qe-dss-0000/ancient_dogs_bam/Unpub_Oxford/MO1806_rmdup.bam		Unpub_Oxford	MO1806_rmdup.bam		Morgane unpublished data		MO1806	D	HarsovaTell1	6500	D_HarsovaTell1_6500	Dogs	European_Dogs
MO1819			Canis	familiaris	coprolite	coprolite	PopinaBordusani	PopinaBordusani1	Popina-Bordusani	Romania			6400	6400					European_Dogs							1.74	74.94			/dss/dssfs02/pn29qe/pn29qe-dss-0000/ancient_dogs_bam/Unpub_Oxford/MO1819_rmdup.bam		Unpub_Oxford	MO1819_rmdup.bam		Morgane unpublished data		MO1819	D	PopinaBordusani1	6400	D_PopinaBordusani1_6400	Dogs	European_Dogs
MO1844			Canis	lupus	Bone	tooth	PesteraClimente	PesteraClimente1	Pestera Climente	Romania			31500	30000	33000	27000			Pleistocene_Wolves							1.4	68.45			/dss/dssfs02/pn29qe/pn29qe-dss-0000/ancient_dogs_bam/Unpub_Oxford/MO1844_rmdup.bam		Unpub_Oxford	MO1844_rmdup.bam		Morgane unpublished data		MO1844	W	PesteraClimente1	31500	W_PesteraClimente1_31500	Pleistocene_Wolves	Wolves
C26_Pad-Kalashkinova	C26	Baikal2	Canis	familiaris	Bone	Rib	PadKalashkinova	PadKalashkinova1	Pad' Kalashkinova	Russia	53.06	103.37	7000	7000			#N/A		Arctic_Dogs	A	M		0.2			0.25	21.26		/dss/dssfs03/pn29bi/pn29bi-dss-0002/canids_bam/ancient/C26_Pad-Kalashkinova_6100BP_merged_P8902_seqprep.canFam3.fa.srt.rmdup.80perc.bam	/dss/dssfs02/pn29qe/pn29qe-dss-0000/ancient_dogs_bam/Bergstrom2020/C26_Pad-Kalashkinova_6100BP_merged_P8902_seqprep_reheader.bam		Bergstrom2020	C26_Pad-Kalashkinova_6100BP_merged_P8902_seqprep_reheader.bam		Bergström et al. (2020) 'Origins and genetic legacy of prehistoric dogs', Science, 370: 557-564		C26_Pad-Kalashkinova	D	PadKalashkinova1	7000	D_PadKalashkinova1_7000	Dogs	Arctic_Dogs
C27_Shamanka	C27	Baikal3	Canis	familiaris	Bone	Vertebrae	ShamankaII	ShamankaII1	Shamanka II	Russia	51.70	103.71	7400	7400			#N/A		Arctic_Dogs	C	M		0.3			0.25	22.02		/dss/dssfs03/pn29bi/pn29bi-dss-0002/canids_bam/ancient/C27_Shamanka_6400BP_merged_P8902_seqprep.canFam3.fa.srt.rmdup.80perc.bam	/dss/dssfs02/pn29qe/pn29qe-dss-0000/ancient_dogs_bam/Bergstrom2020/C27_Shamanka_6400BP_merged_P8902_seqprep_reheader.bam		Bergstrom2020	C27_Shamanka_6400BP_merged_P8902_seqprep_reheader.bam		Bergström et al. (2020) 'Origins and genetic legacy of prehistoric dogs', Science, 370: 557-564		C27_Shamanka	D	ShamankaII1	7400	D_ShamankaII1_7400	Dogs	Arctic_Dogs
C32_Gelyakh	C32	Yana1	Canis	familiaris	Bone	Skull	Bulgunnyakhtakh	Bulgunnyakhtakh1	Bulgunnyakhtakh Lake	Russia	70.70	138.21	100	100			#N/A		Arctic_Dogs	A	F		7.2			7.27	98.71		/dss/dssfs03/pn29bi/pn29bi-dss-0002/canids_bam/ancient/C32_Gelyakh_Uruya_merged_P8902_seqprep.canFam3.fa.srt.rmdup.80perc.bam	/dss/dssfs02/pn29qe/pn29qe-dss-0000/ancient_dogs_bam/Bergstrom2020/C32_Gelyakh_Uruya_merged_P8902_seqprep_reheader.bam		Bergstrom2020	C32_Gelyakh_Uruya_merged_P8902_seqprep_reheader.bam		Bergström et al. (2020) 'Origins and genetic legacy of prehistoric dogs', Science, 370: 557-564		C32_Gelyakh	D	Bulgunnyakhtakh1	100	D_Bulgunnyakhtakh1_100	Dogs	Arctic_Dogs
C5_Krasnosamarskoe	C5	Samara1	Canis	familiaris	Tooth		Krasnosamarskoe	Krasnosamarskoe1	Krasnosamarskoe	Russia	52.80	51.10	3800	3800			#N/A		Arctic_Dogs	X	M		0.6			0.66	46.73		/dss/dssfs03/pn29bi/pn29bi-dss-0002/canids_bam/ancient/C5_Krasnosamarskoe_merged_P8902_seqprep.canFam3.fa.srt.rmdup.80perc.bam	/dss/dssfs02/pn29qe/pn29qe-dss-0000/ancient_dogs_bam/Bergstrom2020/C5_Krasnosamarskoe_merged_P8902_seqprep_reheader.bam		Bergstrom2020	C5_Krasnosamarskoe_merged_P8902_seqprep_reheader.bam		Bergström et al. (2020) 'Origins and genetic legacy of prehistoric dogs', Science, 370: 557-564		C5_Krasnosamarskoe	D	Krasnosamarskoe1	3800	D_Krasnosamarskoe1_3800	Dogs	Arctic_Dogs
F3781_Siberia	Chukotka2		Canis	familiaris	Tooth		Chukotka	Chukotka1	East Siberian Sea coast	Russia	69.62	164.33	100	100			#N/A		Arctic_Dogs	A	M		0.8			0.89	55.61		/dss/dssfs03/pn29bi/pn29bi-dss-0002/canids_bam/ancient/F3781_Siberia_LOW004_P6863_1003_L003_Undetermined_seqprep.canFam3.fa.srt.rmdup.80perc.bam	/dss/dssfs02/pn29qe/pn29qe-dss-0000/ancient_dogs_bam/Bergstrom2020/F3781_Siberia_LOW004_P6863_1003_L003_Undetermined_seqprep_reheader.bam		Bergstrom2020	F3781_Siberia_LOW004_P6863_1003_L003_Undetermined_seqprep_reheader.bam		Bergström et al. (2020) 'Origins and genetic legacy of prehistoric dogs', Science, 370: 557-564		F3781_Siberia	D	Chukotka1	100	D_Chukotka1_100	Dogs	Arctic_Dogs
OL4061_Veretye	OL4061		Canis	familiaris	Tooth		Veretye	Veretye1	Veretye, Lake Lacha	Russia	61.26	38.90	10930	10930			#N/A		Arctic_Dogs	A	M		1.8			1.98	82.67		/dss/dssfs03/pn29bi/pn29bi-dss-0002/canids_bam/ancient/OL4061_Veretye_rmdup.bam	/dss/dssfs02/pn29qe/pn29qe-dss-0000/ancient_dogs_bam/Bergstrom2020/OL4061_Veretye_rmdup.bam		Bergstrom2020	OL4061_Veretye_rmdup.bam		Bergström et al. (2020) 'Origins and genetic legacy of prehistoric dogs', Science, 370: 557-564		OL4061_Veretye	D	Veretye1	10930	D_Veretye1_10930	Dogs	Arctic_Dogs
OL4223_Baikal	OL4223	Baikal1	Canis	familiaris	Bone	Rib	PadKalashkinova	PadKalashkinova2	Pad' Kalashkinova	Russia	52.69	103.68	6900	6900			#N/A		Arctic_Dogs	A	F		2.2			2.35	84.69		/dss/dssfs03/pn29bi/pn29bi-dss-0002/canids_bam/ancient/OL4223_Baikal_rmdup.bam	/dss/dssfs02/pn29qe/pn29qe-dss-0000/ancient_dogs_bam/Bergstrom2020/OL4223_Baikal_rmdup.bam		Bergstrom2020	OL4223_Baikal_rmdup.bam		Bergström et al. (2020) 'Origins and genetic legacy of prehistoric dogs', Science, 370: 557-564		OL4223_Baikal	D	PadKalashkinova2	6900	D_PadKalashkinova2_6900	Dogs	Arctic_Dogs
AL2657	Eliseevichi 23781 (3)		Canis	lupus			Eliseevichi	Eliseevichi1	Eliseevichi	Russia	53.14	33.64	17633	17633	17860	17405			Pleistocene_Wolves		M		0.93			0.94	58.59		/dss/dssfs03/pn29bi/pn29bi-dss-0002/canids_bam/ancient/AL2657.bam	/dss/dssfs02/pn29qe/pn29qe-dss-0000/ancient_dogs_bam/Unpub_AB_wolf/AL2657_reheader.bam		Unpub_AB_wolf	AL2657_reheader.bam		Bergström et al. (2022) 'Grey wolf genomic history reveals a dual ancestry of dogs', Nature, 607: 313-320		AL2657	W	Eliseevichi1	17633	W_Eliseevichi1_17633	Pleistocene_Wolves	Wolves
AL2741	KRA-RAZ-Wolf-MAND8aBIS		Canis	lupus			Razboinichya	Razboinichya1	Razboinichya Cave	Russia	51.30	84.47	81793	81793	46701	46700			Pleistocene_Wolves		F		1.55			1.72	80.12		/dss/dssfs03/pn29bi/pn29bi-dss-0002/canids_bam/ancient/AL2741_rmdup.bam	/dss/dssfs02/pn29qe/pn29qe-dss-0000/ancient_dogs_bam/Unpub_AB_wolf/AL2741_rmdup_chrn.bam		Unpub_AB_wolf	AL2741_rmdup_chrn.bam		Bergström et al. (2022) 'Grey wolf genomic history reveals a dual ancestry of dogs', Nature, 607: 313-320		AL2741	W	Razboinichya1	81793	W_Razboinichya1_81793	Pleistocene_Wolves	Wolves
AL2744	KRA-RAZ-Wolf-12		Canis	lupus			Razboinichya	Razboinichya2	Razboinichya Cave	Russia	51.30	84.47	28345	28345	28735	27955			Pleistocene_Wolves		M		3.04			3.09	93.2		/dss/dssfs03/pn29bi/pn29bi-dss-0002/canids_bam/ancient/AL2744.bam	/dss/dssfs02/pn29qe/pn29qe-dss-0000/ancient_dogs_bam/Unpub_AB_wolf/AL2744_reheader.bam		Unpub_AB_wolf	AL2744_reheader.bam		Bergström et al. (2022) 'Grey wolf genomic history reveals a dual ancestry of dogs', Nature, 607: 313-320		AL2744	W	Razboinichya2	28345	W_Razboinichya2_28345	Pleistocene_Wolves	Wolves
AL3272	EKA_CL01_888_1713		Canis	lupus			Rasik	Rasik1	Rasik, Kizelovskiy District, Perm Province	Russia	59.06	57.55	91250	91250					Western_Eurasian_Wolves		F		0.38			0.74	49.83		/dss/dssfs03/pn29bi/pn29bi-dss-0002/canids_bam/ancient/AL3272.bam	/dss/dssfs02/pn29qe/pn29qe-dss-0000/ancient_dogs_bam/Unpub_AB_wolf/AL3272.bam		Unpub_AB_wolf	AL3272.bam		Bergström et al. (2022) 'Grey wolf genomic history reveals a dual ancestry of dogs', Nature, 607: 313-320		AL3272	W	Rasik1	91250	W_Rasik1_91250	Western_Eurasian_Wolves	Wolves
AL3284	EKA_CL24_107_803		Canis	lupus			Shaitanskaya	Shaitanskaya1	Shaitanskaya Cave, Garinsky District, Sverdlovsk Province	Russia	60.7	60.37	21435	21435					Western_Eurasian_Wolves		M		0.05			0.14	12.61		/dss/dssfs03/pn29bi/pn29bi-dss-0002/canids_bam/ancient/AL3284.bam	/dss/dssfs02/pn29qe/pn29qe-dss-0000/ancient_dogs_bam/Unpub_AB_wolf/AL3284.bam		Unpub_AB_wolf	AL3284.bam		Bergström et al. (2022) 'Grey wolf genomic history reveals a dual ancestry of dogs', Nature, 607: 313-320		AL3284	W	Shaitanskaya1	21435	W_Shaitanskaya1_21435	Western_Eurasian_Wolves	Wolves
CGG34	C_Badayarikha		Canis	lupus			Badyarikha	Badyarikha1	Badayarikha, Siberia	Russia	67.91	146.52	29935	29935	30551	29319			Pleistocene_Wolves		M		0.19			0.22	19.43		/dss/dssfs03/pn29bi/pn29bi-dss-0002/canids_bam/ancient/CGG34.bam	/dss/dssfs02/pn29qe/pn29qe-dss-0000/ancient_dogs_bam/Unpub_AB_wolf/CGG34.bam		Unpub_AB_wolf	CGG34.bam		Bergström et al. (2022) 'Grey wolf genomic history reveals a dual ancestry of dogs', Nature, 607: 313-320		C_Bad	W	Badyarikha1	29935	W_Badyarikha1_29935	Pleistocene_Wolves	Wolves
CGG13	DYA2005 1131-2		Canis	lupus			DuvannyYar	DuvannyYar1	Duvannyi Yar, Kolyma river downstream, Siberia	Russia	68.63	159.14	101706	101706	50000	47000			Pleistocene_Wolves		M		0.08			0.09	8.41		/dss/dssfs03/pn29bi/pn29bi-dss-0002/canids_bam/ancient/CGG13.bam	/dss/dssfs02/pn29qe/pn29qe-dss-0000/ancient_dogs_bam/Unpub_AB_wolf/CGG13.bam		Unpub_AB_wolf	CGG13.bam		Bergström et al. (2022) 'Grey wolf genomic history reveals a dual ancestry of dogs', Nature, 607: 313-320		CGG13	W	DuvannyYar1	101706	W_DuvannyYar1_101706	Pleistocene_Wolves	Wolves
CGG17	YMAM-CAN1		Canis	lupus			Yana	Yana1	Yana 	Russia	70.72	135.41	28520	28520	28912	28127			Pleistocene_Wolves		M		0.09			0.11	9.89		/dss/dssfs03/pn29bi/pn29bi-dss-0002/canids_bam/ancient/CGG17.bam	/dss/dssfs02/pn29qe/pn29qe-dss-0000/ancient_dogs_bam/Unpub_AB_wolf/CGG17.bam		Unpub_AB_wolf	CGG17.bam		Bergström et al. (2022) 'Grey wolf genomic history reveals a dual ancestry of dogs', Nature, 607: 313-320		CGG17	W	Yana1	28520	W_Yana1_28520	Pleistocene_Wolves	Wolves
CGG19	M-Kh2012		Canis	lupus			Yana	Yana2	Yana 	Russia	70.72	135.54	19710	19710	19940	19480			Pleistocene_Wolves		M		0.08			0.09	8.46		/dss/dssfs03/pn29bi/pn29bi-dss-0002/canids_bam/ancient/CGG19.bam	/dss/dssfs02/pn29qe/pn29qe-dss-0000/ancient_dogs_bam/Unpub_AB_wolf/CGG19.bam		Unpub_AB_wolf	CGG19.bam		Bergström et al. (2022) 'Grey wolf genomic history reveals a dual ancestry of dogs', Nature, 607: 313-320		CGG19	W	Yana2	19710	W_Yana2_19710	Pleistocene_Wolves	Wolves
CGG20	Nikita-NL-13/91		Canis	lupus			Nikita	Nikita1	Nikita Lake site, Muksunuokha river, Siberia	Russia	71.58	141.62	13660	13660	13765	13555			Pleistocene_Wolves		F		0.08			0.09	8.25		/dss/dssfs03/pn29bi/pn29bi-dss-0002/canids_bam/ancient/CGG20.bam	/dss/dssfs02/pn29qe/pn29qe-dss-0000/ancient_dogs_bam/Unpub_AB_wolf/CGG20.bam		Unpub_AB_wolf	CGG20.bam		Bergström et al. (2022) 'Grey wolf genomic history reveals a dual ancestry of dogs', Nature, 607: 313-320		CGG20	W	Nikita1	13660	W_Nikita1_13660	Pleistocene_Wolves	Wolves
CGG21	Berelekh-BR-09-478		Canis	lupus			Berelekh	Berelekh1	Berelekh geoarchaeological complex, Berelekh river, Siberia	Russia	70.50	144.04	13975	13975	14394	13555			Pleistocene_Wolves		M		0.19			0.22	19.48		/dss/dssfs03/pn29bi/pn29bi-dss-0002/canids_bam/ancient/CGG21.bam	/dss/dssfs02/pn29qe/pn29qe-dss-0000/ancient_dogs_bam/Unpub_AB_wolf/CGG21.bam		Unpub_AB_wolf	CGG21.bam		Bergström et al. (2022) 'Grey wolf genomic history reveals a dual ancestry of dogs', Nature, 607: 313-320		CGG21	W	Berelekh1	13975	W_Berelekh1_13975	Pleistocene_Wolves	Wolves
CGG25	Y07-NP-35020		Canis	lupus			Yana	Yana3	Yana	Russia	70.72	135.43	31424	31424	31757	31090			Pleistocene_Wolves		F		0.2			0.22	19.24		/dss/dssfs03/pn29bi/pn29bi-dss-0002/canids_bam/ancient/CGG25.bam	/dss/dssfs02/pn29qe/pn29qe-dss-0000/ancient_dogs_bam/Unpub_AB_wolf/CGG25.bam		Unpub_AB_wolf	CGG25.bam		Bergström et al. (2022) 'Grey wolf genomic history reveals a dual ancestry of dogs', Nature, 607: 313-320		CGG25	W	Yana3	31424	W_Yana3_31424	Pleistocene_Wolves	Wolves
CGG26	Y06-NP-16436		Canis	lupus			Yana	Yana4	Yana	Russia	70.72	135.43	31351	31351	31568	31134			Pleistocene_Wolves		M		0.08			0.09	8.52		/dss/dssfs03/pn29bi/pn29bi-dss-0002/canids_bam/ancient/CGG26.bam	/dss/dssfs02/pn29qe/pn29qe-dss-0000/ancient_dogs_bam/Unpub_AB_wolf/CGG26.bam		Unpub_AB_wolf	CGG26.bam		Bergström et al. (2022) 'Grey wolf genomic history reveals a dual ancestry of dogs', Nature, 607: 313-320		CGG26	W	Yana4	31351	W_Yana4_31351	Pleistocene_Wolves	Wolves
CGG27	Y06-NP-17153		Canis	lupus			Yana	Yana5	Yana	Russia	70.72	135.43	32844	32844	33359	32329			Pleistocene_Wolves		M		0.69			0.77	51.84		/dss/dssfs03/pn29bi/pn29bi-dss-0002/canids_bam/ancient/CGG27.bam	/dss/dssfs02/pn29qe/pn29qe-dss-0000/ancient_dogs_bam/Unpub_AB_wolf/CGG27.bam		Unpub_AB_wolf	CGG27.bam		Bergström et al. (2022) 'Grey wolf genomic history reveals a dual ancestry of dogs', Nature, 607: 313-320		CGG27	W	Yana5	32844	W_Yana5_32844	Pleistocene_Wolves	Wolves
CGG28	Y06-NP-21016		Canis	lupus			Yana	Yana6	Yana	Russia	70.72	135.43	31758	31758	32333	31183			Pleistocene_Wolves		M		0.12			0.13	12.13		/dss/dssfs03/pn29bi/pn29bi-dss-0002/canids_bam/ancient/CGG28.bam	/dss/dssfs02/pn29qe/pn29qe-dss-0000/ancient_dogs_bam/Unpub_AB_wolf/CGG28.bam		Unpub_AB_wolf	CGG28.bam		Bergström et al. (2022) 'Grey wolf genomic history reveals a dual ancestry of dogs', Nature, 607: 313-320		CGG28	W	Yana6	31758	W_Yana6_31758	Pleistocene_Wolves	Wolves
CLIO-VAL-050	2017АБ-Ог-02 (50)		Canis	lupus			Ogorokha	Ogorokha1	Ogorokha River, basin of Indigirka River, Siberia	Russia	68.23	146.85	36050	36050					Pleistocene_Wolves		M		3.29			3.44	94.57		/dss/dssfs03/pn29bi/pn29bi-dss-0002/canids_bam/ancient/VAL_050.bam	/dss/dssfs02/pn29qe/pn29qe-dss-0000/ancient_dogs_bam/Unpub_AB_wolf/VAL_050.bam		Unpub_AB_wolf	VAL_050.bam		Bergström et al. (2022) 'Grey wolf genomic history reveals a dual ancestry of dogs', Nature, 607: 313-320		CLIO-VAL-050	W	Ogorokha1	36050	W_Ogorokha1_36050	Pleistocene_Wolves	Wolves
DS-WOL-VAL-005	#УР-5/1, #УР-5/2 (5)		Canis	lupus			Ogorokha	Ogorokha2	Ogorokha River, basin of Indigirka River, Siberia	Russia	68.23	146.85	32419	32419					Pleistocene_Wolves		M		0.77			0.82	52.09		/dss/dssfs03/pn29bi/pn29bi-dss-0002/canids_bam/ancient/VAL_005.bam	/dss/dssfs02/pn29qe/pn29qe-dss-0000/ancient_dogs_bam/Unpub_AB_wolf/VAL_005.bam		Unpub_AB_wolf	VAL_005.bam		Bergström et al. (2022) 'Grey wolf genomic history reveals a dual ancestry of dogs', Nature, 607: 313-320		DS-WOL-VAL-005	W	Ogorokha2	32419	W_Ogorokha2_32419	Pleistocene_Wolves	Wolves
DS-WOL-VAL-011	УЯ-1-15 (11)		Canis	lupus			Uyandina	Uyandina1	Uyandina River, basin of Indigirka River, Siberia	Russia	68.43	145.74	22553	22553					Pleistocene_Wolves		M		1.14			1.28	67.92		/dss/dssfs03/pn29bi/pn29bi-dss-0002/canids_bam/ancient/VAL_011.bam	/dss/dssfs02/pn29qe/pn29qe-dss-0000/ancient_dogs_bam/Unpub_AB_wolf/VAL_011.bam		Unpub_AB_wolf	VAL_011.bam		Bergström et al. (2022) 'Grey wolf genomic history reveals a dual ancestry of dogs', Nature, 607: 313-320		DS-WOL-VAL-011	W	Uyandina1	22553	W_Uyandina1_22553	Pleistocene_Wolves	Wolves
DS-WOL-VAL-012	#УЯ-2-15 (12)		Canis	lupus			Uyandina	Uyandina2	Uyandina River, basin of Indigirka River, Siberia	Russia	68.43	145.74	56376	56376					Pleistocene_Wolves		M		0.74			0.81	51.4		/dss/dssfs03/pn29bi/pn29bi-dss-0002/canids_bam/ancient/VAL_012.bam	/dss/dssfs02/pn29qe/pn29qe-dss-0000/ancient_dogs_bam/Unpub_AB_wolf/VAL_012.bam		Unpub_AB_wolf	VAL_012.bam		Bergström et al. (2022) 'Grey wolf genomic history reveals a dual ancestry of dogs', Nature, 607: 313-320		DS-WOL-VAL-012	W	Uyandina2	56376	W_Uyandina2_56376	Pleistocene_Wolves	Wolves
DS-WOL-VAL-037	#Or-2-15 (37)		Canis	lupus			Ogorokha	Ogorokha3	Ogorokha River, basin of Indigirka River, Siberia	Russia	68.23	146.85	40801	40801					Pleistocene_Wolves		M		0.63			0.66	43.5		/dss/dssfs03/pn29bi/pn29bi-dss-0002/canids_bam/ancient/VAL_037.bam	/dss/dssfs02/pn29qe/pn29qe-dss-0000/ancient_dogs_bam/Unpub_AB_wolf/VAL_037.bam		Unpub_AB_wolf	VAL_037.bam		Bergström et al. (2022) 'Grey wolf genomic history reveals a dual ancestry of dogs', Nature, 607: 313-320		DS-WOL-VAL-037	W	Ogorokha3	40801	W_Ogorokha3_40801	Pleistocene_Wolves	Wolves
DS04-Dab2	181003-2		Canis	lupus			Yungen	Yungen1	Yungen site, Siberia	Russia	68.92	134.48	51102	51102					Pleistocene_Wolves		M		0.83			0.92	57.24		/dss/dssfs03/pn29bi/pn29bi-dss-0002/canids_bam/ancient/DS04.bam	/dss/dssfs02/pn29qe/pn29qe-dss-0000/ancient_dogs_bam/Unpub_AB_wolf/DS04.bam		Unpub_AB_wolf	DS04.bam		Bergström et al. (2022) 'Grey wolf genomic history reveals a dual ancestry of dogs', Nature, 607: 313-320		DS04-Dab2	W	Yungen1	51102	W_Yungen1_51102	Pleistocene_Wolves	Wolves
IN18-005			Canis	lupus			BeleyaGora	BeleyaGora1	Beleya Gora, Siberia	Russia	68.60	147.19	18148	18148	18385	17911			Pleistocene_Wolves		M		1.71			1.85	75.67		/dss/dssfs03/pn29bi/pn29bi-dss-0002/canids_bam/ancient/IN18_005.bam	/dss/dssfs02/pn29qe/pn29qe-dss-0000/ancient_dogs_bam/Unpub_AB_wolf/IN18_005.bam		Unpub_AB_wolf	IN18_005.bam		Bergström et al. (2022) 'Grey wolf genomic history reveals a dual ancestry of dogs', Nature, 607: 313-320		IN18-005	W	BeleyaGora1	18148	W_BeleyaGora1_18148	Pleistocene_Wolves	Wolves
LOW002	F-3055		Canis	lupus			Letniaya	Letniaya1	Letniaya River, Siberia	Russia	67.17	155.47	32781	32781	33651	31910			Pleistocene_Wolves		M		5.67			5.83	98.65		/dss/dssfs03/pn29bi/pn29bi-dss-0002/canids_bam/ancient/LOW002.bam	/dss/dssfs02/pn29qe/pn29qe-dss-0000/ancient_dogs_bam/Unpub_AB_wolf/LOW002_reheader.bam		Unpub_AB_wolf	LOW002_reheader.bam		Bergström et al. (2022) 'Grey wolf genomic history reveals a dual ancestry of dogs', Nature, 607: 313-320		LOW002	W	Letniaya1	32781	W_Letniaya1_32781	Pleistocene_Wolves	Wolves
LOW003	#2		Canis	lupus			Unnegen	Unnegen1	Unnegen site, Siberia (aka Bunge-Toll 1885)	Russia	68.92	134.48	44450	44450	46565	42335			Pleistocene_Wolves		M		5.87			6.23	98.45		/dss/dssfs03/pn29bi/pn29bi-dss-0002/canids_bam/ancient/LOW003.bam	/dss/dssfs02/pn29qe/pn29qe-dss-0000/ancient_dogs_bam/Unpub_AB_wolf/LOW003_reheader.bam		Unpub_AB_wolf	LOW003_reheader.bam		Bergström et al. (2022) 'Grey wolf genomic history reveals a dual ancestry of dogs', Nature, 607: 313-320		LOW003	W	Unnegen1	44450	W_Unnegen1_44450	Pleistocene_Wolves	Wolves
LOW006	F-4229		Canis	lupus			Tirekhtyakh	Tirekhtyakh1	Tirekhtiakh River, Siberia	Russia	68.34	146.02	34383	34383	34967	33798			Pleistocene_Wolves		M		3.02			3.34	92.22		/dss/dssfs03/pn29bi/pn29bi-dss-0002/canids_bam/ancient/LOW006.bam	/dss/dssfs02/pn29qe/pn29qe-dss-0000/ancient_dogs_bam/Unpub_AB_wolf/LOW006_reheader.bam		Unpub_AB_wolf	LOW006_reheader.bam		Bergström et al. (2022) 'Grey wolf genomic history reveals a dual ancestry of dogs', Nature, 607: 313-320		LOW006	W	Tirekhtyakh1	34383	W_Tirekhtyakh1_34383	Pleistocene_Wolves	Wolves
LOW007	F-3778		Canis	lupus			Tirekhtyakh	Tirekhtyakh2	Tirekhtiakh River, Siberia	Russia	68.34	146.02	29315	29315	29833	28796			Pleistocene_Wolves		M		1.98			2.16	84.57		/dss/dssfs03/pn29bi/pn29bi-dss-0002/canids_bam/ancient/LOW007.bam	/dss/dssfs02/pn29qe/pn29qe-dss-0000/ancient_dogs_bam/Unpub_AB_wolf/LOW007_reheader.bam		Unpub_AB_wolf	LOW007_reheader.bam		Bergström et al. (2022) 'Grey wolf genomic history reveals a dual ancestry of dogs', Nature, 607: 313-320		LOW007	W	Tirekhtyakh2	29315	W_Tirekhtyakh2_29315	Pleistocene_Wolves	Wolves
LOW008	#3		Canis	lupus			UlakhanSular	UlakhanSular1	Ullakhan-Sullar, Siberia	Russia	61.61	129.23	70772	70772					Pleistocene_Wolves		M		0.66			0.82	46.57		/dss/dssfs03/pn29bi/pn29bi-dss-0002/canids_bam/ancient/LOW008.bam	/dss/dssfs02/pn29qe/pn29qe-dss-0000/ancient_dogs_bam/Unpub_AB_wolf/LOW008_reheader.bam		Unpub_AB_wolf	LOW008_reheader.bam		Bergström et al. (2022) 'Grey wolf genomic history reveals a dual ancestry of dogs', Nature, 607: 313-320		LOW008	W	UlakhanSular1	70772	W_UlakhanSular1_70772	Pleistocene_Wolves	Wolves
WOL-VAL-033	#Ти-3-17 (33)		Canis	lupus			Tirekhtyakh	Tirekhtyakh3	Tiryakhtakh River, basin of Indigirka River, Siberia	Russia	68.48	147.10	63922	63922					Pleistocene_Wolves		M		1			1.13	64.58		/dss/dssfs03/pn29bi/pn29bi-dss-0002/canids_bam/ancient/VAL_033.bam	/dss/dssfs02/pn29qe/pn29qe-dss-0000/ancient_dogs_bam/Unpub_AB_wolf/VAL_033.bam		Unpub_AB_wolf	VAL_033.bam		Bergström et al. (2022) 'Grey wolf genomic history reveals a dual ancestry of dogs', Nature, 607: 313-320		WOL-VAL-033	W	Tirekhtyakh3	63922	W_Tirekhtyakh3_63922	Pleistocene_Wolves	Wolves
WOL-VAL-08	ОГ-3-18 (8)		Canis	lupus			Badyarikha	Badyarikha2	Badyarikha River, basin of Indigirka River, Siberia	Russia	68.26	146.50	33515	33515	34160	32870			Pleistocene_Wolves		F		1.91			1.98	83.67		/dss/dssfs03/pn29bi/pn29bi-dss-0002/canids_bam/ancient/VAL_008.bam	/dss/dssfs02/pn29qe/pn29qe-dss-0000/ancient_dogs_bam/Unpub_AB_wolf/VAL_008.bam		Unpub_AB_wolf	VAL_008.bam		Bergström et al. (2022) 'Grey wolf genomic history reveals a dual ancestry of dogs', Nature, 607: 313-320		WOL-VAL-08	W	Badyarikha2	33515	W_Badyarikha2_33515	Pleistocene_Wolves	Wolves
WOL-VAL-18A	#1534 (18)		Canis	lupus			Enygen	Enygen1	Enygen River, right tributary of Yana River, Siberia	Russia	68.92	134.48	100706	100706					Pleistocene_Wolves		M		0.97			1	60.67		/dss/dssfs03/pn29bi/pn29bi-dss-0002/canids_bam/ancient/VAL_18A.bam	/dss/dssfs02/pn29qe/pn29qe-dss-0000/ancient_dogs_bam/Unpub_AB_wolf/VAL_18A.bam		Unpub_AB_wolf	VAL_18A.bam		Bergström et al. (2022) 'Grey wolf genomic history reveals a dual ancestry of dogs', Nature, 607: 313-320		WOL-VAL-18A	W	Enygen1	100706	W_Enygen1_100706	Pleistocene_Wolves	Wolves
Wolf_head_IN18-016	IN18-016		Canis	lupus			BeleyaGora	BeleyaGora2	Beleya Gora, Siberia	Russia	68.60	147.19	32020	32020	32560	31480			Pleistocene_Wolves		F		13.01			14.86	99.18		/dss/dssfs03/pn29bi/pn29bi-dss-0002/canids_bam/ancient/IN18_016.bam	/dss/dssfs02/pn29qe/pn29qe-dss-0000/ancient_dogs_bam/Unpub_AB_wolf/IN18_016.bam		Unpub_AB_wolf	IN18_016.bam		Bergström et al. (2022) 'Grey wolf genomic history reveals a dual ancestry of dogs', Nature, 607: 313-320		WolfHead	W	BeleyaGora2	32020	W_BeleyaGora2_32020	Pleistocene_Wolves	Wolves
Yana-1	Russia-Yana_28kBP		Canis	lupus			Yana	Yana7	Yana, Siberia	Russia	71.5	136.6	28110	28110	28240	27980			Pleistocene_Wolves		M		2.62			2.6	88.29		/dss/dssfs03/pn29bi/pn29bi-dss-0002/canids_bam/ancient/Yana-1.bam	/dss/dssfs02/pn29qe/pn29qe-dss-0000/ancient_dogs_bam/Unpub_AB_wolf/Yana-1_reheader.bam		Unpub_AB_wolf	Yana-1_reheader.bam		Bergström et al. (2022) 'Grey wolf genomic history reveals a dual ancestry of dogs', Nature, 607: 313-320		Yana-1	W	Yana7	28110	W_Yana7_28110	Pleistocene_Wolves	Wolves
Tumat1			Canis	lupus			Tumat	Tumat1	Tumat, Siberia	Russia	70.72	139.23	14122	14122					Pleistocene_Wolves		M		0.46			#N/A	#N/A								Bergström et al. (2022) 'Grey wolf genomic history reveals a dual ancestry of dogs', Nature, 607: 313-320		#N/A	W	Tumat1	14122	W_Tumat1_14122	Pleistocene_Wolves	Wolves
89375	AmurDelta1	K.1-3	Canis	familiaris	Tissue	Skin	Amur	Amur1	Nivkh	Russia	51.7	139.6	93	1927 AD					Arctic_Dogs		M		0.77			0.44	34.69	/data/feuerborntr/Mapped/CGG/89375.CanFam3.1Y.rmdup.bam		/dss/dssfs02/pn29qe/pn29qe-dss-0000/ancient_dogs_bam/Feuerborn2021_remapped/89375.CanFam3.1Y.rmdup.bam		Feuerborn2021_remapped	89375.CanFam3.1Y.rmdup.bam	Original files used for this publication in: Feuerborn2021	Feuerborn et al. (2021) 'Modern Siberian dog ancestry was shaped by several thousand years of Eurasian-wide trade and human dispersal'		89375	D	Amur1	93	D_Amur1_93	Dogs	Arctic_Dogs
91085	Nenets3		Canis	familiaris	Tissue	Skin	NenetsIamal	NenetsIamal1	Northwest Obdorsk	Russia	66.5	66.6	139	1881 AD					Arctic_Dogs		M		0.01			0.05	4.58	/data/feuerborntr/Mapped/CGG/91085.CanFam3.1Y.rmdup.bam		/dss/dssfs02/pn29qe/pn29qe-dss-0000/ancient_dogs_bam/Feuerborn2021_remapped/91085.CanFam3.1Y.rmdup.bam		Feuerborn2021_remapped	91085.CanFam3.1Y.rmdup.bam		Feuerborn et al. (2021) 'Modern Siberian dog ancestry was shaped by several thousand years of Eurasian-wide trade and human dispersal'		91085	D	NenetsIamal1	139	D_NenetsIamal1_139	Dogs	Arctic_Dogs
TRF.01.51	Sakhalin1	P55/2017KMG	Canis	familiaris	Bone		Sakhalin	Sakhalin1	Sakhalin	Russia	51.0	143.0	140	1872 AD					Arctic_Dogs	C	M		3.78			3.71	91.21	/data/feuerborntr/Bams/TRF.01.51_Merged.CanFam3.1Y.rmdup.bam		/dss/dssfs02/pn29qe/pn29qe-dss-0000/ancient_dogs_bam/Feuerborn2021_remapped/TRF.01.51_Merged.CanFam3.1Y.rmdup.bam		Feuerborn2021_remapped	TRF.01.51_Merged.CanFam3.1Y.rmdup.bam	Original files used for this publication in: Feuerborn2021	Feuerborn et al. (2021) 'Modern Siberian dog ancestry was shaped by several thousand years of Eurasian-wide trade and human dispersal'		TRF.01.51	D	Sakhalin1	140	D_Sakhalin1_140	Dogs	Arctic_Dogs
TRF.02.01	Chukotka1	K.613	Canis	familiaris	Tissue	Skin	Kamchatka	Kamchatka1	Tjukotka (Chukotka)	Russia	66.7	172.3	93	1927 AD					Arctic_Dogs	A1a	F		1.35			1.32	69	/data/feuerborntr/Bams/TRF.02.01_Merged.CanFam3.1Y.rmdup.bam		/dss/dssfs02/pn29qe/pn29qe-dss-0000/ancient_dogs_bam/Feuerborn2021_remapped/TRF.02.01_Merged.CanFam3.1Y.rmdup.bam		Feuerborn2021_remapped	TRF.02.01_Merged.CanFam3.1Y.rmdup.bam	Original files used for this publication in: Feuerborn2021	Feuerborn et al. (2021) 'Modern Siberian dog ancestry was shaped by several thousand years of Eurasian-wide trade and human dispersal'		TRF.02.01	D	Kamchatka1	93	D_Kamchatka1_93	Dogs	Arctic_Dogs
TRF.02.21	AmurDelta2	K.1-1a	Canis	familiaris	Tissue	Skin	Amur	Amur2	Nivkh	Russia	50.9	137.6	93	1927 AD					Arctic_Dogs	A1b	F		1.27			1.38	63.13	/data/feuerborntr/Bams/TRF.02.21_Merged.CanFam3.1Y.rmdup.bam		/dss/dssfs02/pn29qe/pn29qe-dss-0000/ancient_dogs_bam/Feuerborn2021_remapped/TRF.02.21_Merged.CanFam3.1Y.rmdup.bam		Feuerborn2021_remapped	TRF.02.21_Merged.CanFam3.1Y.rmdup.bam	Original files used for this publication in: Feuerborn2021	Feuerborn et al. (2021) 'Modern Siberian dog ancestry was shaped by several thousand years of Eurasian-wide trade and human dispersal'		TRF.02.21	D	Amur2	93	D_Amur2_93	Dogs	Arctic_Dogs
TRF.02.25	Nenets1	K.3-7	Canis	familiaris	Tissue	Skin	NenetsIamal	NenetsIamal2	Nenets	Russia	63.2	73.9	93	1927 AD					Arctic_Dogs	A1a	M		1.84			2.36	75.09	/data/feuerborntr/Bams/TRF.02.25_Merged.CanFam3.1Y.rmdup.bam		/dss/dssfs02/pn29qe/pn29qe-dss-0000/ancient_dogs_bam/Feuerborn2021_remapped/TRF.02.25_Merged.CanFam3.1Y.rmdup.bam		Feuerborn2021_remapped	TRF.02.25_Merged.CanFam3.1Y.rmdup.bam	Original files used for this publication in: Feuerborn2021	Feuerborn et al. (2021) 'Modern Siberian dog ancestry was shaped by several thousand years of Eurasian-wide trade and human dispersal'		TRF.02.25	D	NenetsIamal2	93	D_NenetsIamal2_93	Dogs	Arctic_Dogs
TRF.02.26	Nenets2	K.3-7b	Canis	familiaris	Tissue	Skin	NenetsIamal	NenetsIamal3	Nenets	Russia	63.2	73.9	93	1927 AD					Arctic_Dogs	A1a	M		0.07			0.07	6.7	/data/feuerborntr/Bams/TRF.02.26_Merged.CanFam3.1Y.rmdup.bam		/dss/dssfs02/pn29qe/pn29qe-dss-0000/ancient_dogs_bam/Feuerborn2021_remapped/TRF.02.26_Merged.CanFam3.1Y.rmdup.bam		Feuerborn2021_remapped	TRF.02.26_Merged.CanFam3.1Y.rmdup.bam	Original files used for this publication in: Feuerborn2021	Feuerborn et al. (2021) 'Modern Siberian dog ancestry was shaped by several thousand years of Eurasian-wide trade and human dispersal'		TRF.02.26	D	NenetsIamal3	93	D_NenetsIamal3_93	Dogs	Arctic_Dogs
TRF.02.49	Chuchki1	K.607	Canis	familiaris	Tissue	Skin	Chukotka	Chukotka2	Chuchki	Russia	64.4	-173.4	95	1927 AD					Arctic_Dogs	A1b	M		4.41			4.22	93.57	/data/feuerborntr/Bams/TRF.02.49_Merged.CanFam3.1Y.rmdup.bam		/dss/dssfs02/pn29qe/pn29qe-dss-0000/ancient_dogs_bam/Feuerborn2021_remapped/TRF.02.49_Merged.CanFam3.1Y.rmdup.bam		Feuerborn2021_remapped	TRF.02.49_Merged.CanFam3.1Y.rmdup.bam	Original files used for this publication in: Feuerborn2021	Feuerborn et al. (2021) 'Modern Siberian dog ancestry was shaped by several thousand years of Eurasian-wide trade and human dispersal'		TRF.02.49	D	Chukotka2	95	D_Chukotka2_95	Dogs	Arctic_Dogs
TRF.02.53	Kamchatka2	K.1161b	Canis	familiaris	Tissue	Skin	Kamchatka	Kamchatka2	Koryaks	Russia	60.31	163.5	60	1961 AD					Arctic_Dogs	A1a	M		20.83			21.05	99.01	/data/feuerborntr/Bams/TRF.02.53_Merged.CanFam3.1Y.rmdup.bam		/dss/dssfs02/pn29qe/pn29qe-dss-0000/ancient_dogs_bam/Feuerborn2021_remapped/TRF.02.53_Merged.CanFam3.1Y.rmdup.bam		Feuerborn2021_remapped	TRF.02.53_Merged.CanFam3.1Y.rmdup.bam	Original files used for this publication in: Feuerborn2021	Feuerborn et al. (2021) 'Modern Siberian dog ancestry was shaped by several thousand years of Eurasian-wide trade and human dispersal'		TRF.02.53	D	Kamchatka2	60	D_Kamchatka2_60	Dogs	Arctic_Dogs
TRF.02.54	Kamchatka1	K.1160b	Canis	familiaris	Tissue	Skin	Kamchatka	Kamchatka3	Koryaks	Russia	61.31	163.5	60	1961 AD					Arctic_Dogs	A1a	M		0.12			0.12	11.11	/data/feuerborntr/Bams/TRF.02.54_Merged.CanFam3.1Y.rmdup.bam		/dss/dssfs02/pn29qe/pn29qe-dss-0000/ancient_dogs_bam/Feuerborn2021_remapped/TRF.02.54_Merged.CanFam3.1Y.rmdup.bam		Feuerborn2021_remapped	TRF.02.54_Merged.CanFam3.1Y.rmdup.bam	Original files used for this publication in: Feuerborn2021	Feuerborn et al. (2021) 'Modern Siberian dog ancestry was shaped by several thousand years of Eurasian-wide trade and human dispersal'		TRF.02.54	D	Kamchatka3	60	D_Kamchatka3_60	Dogs	Arctic_Dogs
TRF.04.04	Ishkinino1	AL2307	Canis	familiaris	Bone		Ishkinino	Ishkinino1	Ishkinino	Russia	51.5	58.3	3275	3275	3850	2700			Arctic_Dogs	A1a	M		2.77			2.6	87.2	/data/feuerborntr/Bams/TRF.04.04_Merged.CanFam3.1Y.rmdup.bam		/dss/dssfs02/pn29qe/pn29qe-dss-0000/ancient_dogs_bam/Feuerborn2021_remapped/TRF.04.04_Merged.CanFam3.1Y.rmdup.bam		Feuerborn2021_remapped	TRF.04.04_Merged.CanFam3.1Y.rmdup.bam	Original files used for this publication in: Feuerborn2021	Feuerborn et al. (2021) 'Modern Siberian dog ancestry was shaped by several thousand years of Eurasian-wide trade and human dispersal'		TRF.04.04	D	Ishkinino1	3275	D_Ishkinino1_3275	Dogs	Arctic_Dogs
TRF.04.09	Veretye2	AL3253	Canis	familiaris	Bone		Veretye	Veretye2	Veretye	Russia	61.3	38.9	10930	8750	9000	8500			Arctic_Dogs	A	M		8.58			8.52	99.07	/data/feuerborntr/Bams/TRF.04.09_Merged.CanFam3.1Y.rmdup.bam		/dss/dssfs02/pn29qe/pn29qe-dss-0000/ancient_dogs_bam/Feuerborn2021_remapped/TRF.04.09_Merged.CanFam3.1Y.rmdup.bam		Feuerborn2021_remapped	TRF.04.09_Merged.CanFam3.1Y.rmdup.bam	Original files used for this publication in: Feuerborn2021	Feuerborn et al. (2021) 'Modern Siberian dog ancestry was shaped by several thousand years of Eurasian-wide trade and human dispersal'		TRF.04.09	D	Veretye2	10930	D_Veretye2_10930	Dogs	Arctic_Dogs
TRF.04.10	Bolgar1	AL2275	Canis	familiaris	Tooth		Bolgar	Bolgar1	Bolgar	Russia	55.6	49.1	1000	1400-700 AD					Arctic_Dogs	A1a	M		7.92			7.92	98.91	/data/feuerborntr/Bams/TRF.04.10_Merged.CanFam3.1Y.rmdup.bam		/dss/dssfs02/pn29qe/pn29qe-dss-0000/ancient_dogs_bam/Feuerborn2021_remapped/TRF.04.10_Merged.CanFam3.1Y.rmdup.bam		Feuerborn2021_remapped	TRF.04.10_Merged.CanFam3.1Y.rmdup.bam	Original files used for this publication in: Feuerborn2021	Feuerborn et al. (2021) 'Modern Siberian dog ancestry was shaped by several thousand years of Eurasian-wide trade and human dispersal'		TRF.04.10	D	Bolgar1	1000	D_Bolgar1_1000	Dogs	Arctic_Dogs
TRF.05.04	Ust'-Polui1	736-6410	Canis	familiaris	Bone		UstPolui	UstPolui1	Ust'-Polui	Russia	66.6	66.6	2000	260BC-140AD					Arctic_Dogs	A1a	M		0.11			0.11	10.61	/data/feuerborntr/Bams/TRF.05.04_Merged.CanFam3.1Y.rmdup.bam		/dss/dssfs02/pn29qe/pn29qe-dss-0000/ancient_dogs_bam/Feuerborn2021_remapped/TRF.05.04_Merged.CanFam3.1Y.rmdup.bam		Feuerborn2021_remapped	TRF.05.04_Merged.CanFam3.1Y.rmdup.bam	Original files used for this publication in: Feuerborn2021	Feuerborn et al. (2021) 'Modern Siberian dog ancestry was shaped by several thousand years of Eurasian-wide trade and human dispersal'		TRF.05.04	D	UstPolui1	2000	D_UstPolui1_2000	Dogs	Arctic_Dogs
TRF.05.05	Ust'-Polui2	736-6430	Canis	familiaris	Bone		UstPolui	UstPolui2	Ust'-Polui	Russia	66.6	66.6	2000	260BC-140AD					Arctic_Dogs	A1a	M		11.78			11.59	99.13	/data/feuerborntr/Bams/TRF.05.05_Merged.CanFam3.1Y.rmdup.bam		/dss/dssfs02/pn29qe/pn29qe-dss-0000/ancient_dogs_bam/Feuerborn2021_remapped/TRF.05.05_Merged.CanFam3.1Y.rmdup.bam		Feuerborn2021_remapped	TRF.05.05_Merged.CanFam3.1Y.rmdup.bam	Original files used for this publication in: Feuerborn2021	Feuerborn et al. (2021) 'Modern Siberian dog ancestry was shaped by several thousand years of Eurasian-wide trade and human dispersal'		TRF.05.05	D	UstPolui2	2000	D_UstPolui2_2000	Dogs	Arctic_Dogs
TRF.05.06	Ust'-Polui7	736-7407	Canis	familiaris	Bone		UstPolui	UstPolui3	Ust'-Polui	Russia	66.6	66.6	2000	260BC-140AD					Arctic_Dogs		F		0.02			0.02	2.34	/data/feuerborntr/Bams/TRF.05.06_Merged.CanFam3.1Y.rmdup.bam		/dss/dssfs02/pn29qe/pn29qe-dss-0000/ancient_dogs_bam/Feuerborn2021_remapped/TRF.05.06_Merged.CanFam3.1Y.rmdup.bam		Feuerborn2021_remapped	TRF.05.06_Merged.CanFam3.1Y.rmdup.bam	Original files used for this publication in: Feuerborn2021	Feuerborn et al. (2021) 'Modern Siberian dog ancestry was shaped by several thousand years of Eurasian-wide trade and human dispersal'		TRF.05.06	D	UstPolui3	2000	D_UstPolui3_2000	Dogs	Arctic_Dogs
TRF.05.07	Ust'-Polui3	736-6430	Canis	familiaris	Bone		UstPolui	UstPolui4	Ust'-Polui	Russia	66.6	66.6	2000	260BC-140AD					Arctic_Dogs	C	M		4.01			4.03	96.34	/data/feuerborntr/Bams/TRF.05.07_Merged.CanFam3.1Y.rmdup.bam		/dss/dssfs02/pn29qe/pn29qe-dss-0000/ancient_dogs_bam/Feuerborn2021_remapped/TRF.05.07_Merged.CanFam3.1Y.rmdup.bam		Feuerborn2021_remapped	TRF.05.07_Merged.CanFam3.1Y.rmdup.bam	Original files used for this publication in: Feuerborn2021	Feuerborn et al. (2021) 'Modern Siberian dog ancestry was shaped by several thousand years of Eurasian-wide trade and human dispersal'		TRF.05.07	D	UstPolui4	2000	D_UstPolui4_2000	Dogs	Arctic_Dogs
TRF.05.08	Ust'-Polui5	736-6648	Canis	familiaris	Bone		UstPolui	UstPolui5	Ust'-Polui	Russia	66.6	66.6	2000	260BC-140AD					Arctic_Dogs	A1a	M		0.01			0.01	1.29	/data/feuerborntr/Bams/TRF.05.08_Merged.CanFam3.1Y.rmdup.bam		/dss/dssfs02/pn29qe/pn29qe-dss-0000/ancient_dogs_bam/Feuerborn2021_remapped/TRF.05.08_Merged.CanFam3.1Y.rmdup.bam		Feuerborn2021_remapped	TRF.05.08_Merged.CanFam3.1Y.rmdup.bam	Original files used for this publication in: Feuerborn2021	Feuerborn et al. (2021) 'Modern Siberian dog ancestry was shaped by several thousand years of Eurasian-wide trade and human dispersal'		TRF.05.08	D	UstPolui5	2000	D_UstPolui5_2000	Dogs	Arctic_Dogs
TRF.05.10	Ust'-Polui4	736-6430	Canis	familiaris	Bone		UstPolui	UstPolui6	Ust'-Polui	Russia	66.6	66.6	2000	260BC-140AD					Arctic_Dogs	A1a	F		2.43			2.31	86.1	/data/feuerborntr/Bams/TRF.05.10_Merged.CanFam3.1Y.rmdup.bam		/dss/dssfs02/pn29qe/pn29qe-dss-0000/ancient_dogs_bam/Feuerborn2021_remapped/TRF.05.10_Merged.CanFam3.1Y.rmdup.bam		Feuerborn2021_remapped	TRF.05.10_Merged.CanFam3.1Y.rmdup.bam	Original files used for this publication in: Feuerborn2021	Feuerborn et al. (2021) 'Modern Siberian dog ancestry was shaped by several thousand years of Eurasian-wide trade and human dispersal'		TRF.05.10	D	UstPolui6	2000	D_UstPolui6_2000	Dogs	Arctic_Dogs
TRF.05.14	Tiutei-Sale1	783-1020	Canis	familiaris	Bone		TiuteiSaleI	TiuteiSaleI1	Tiutei-Sale 1	Russia	71.0	67.0	1111	1111	1141	1081			Arctic_Dogs		M		3.79			3.66	93.48	/data/feuerborntr/Bams/TRF.05.14_Merged.CanFam3.1Y.rmdup.bam		/dss/dssfs02/pn29qe/pn29qe-dss-0000/ancient_dogs_bam/Feuerborn2021_remapped/TRF.05.14_Merged.CanFam3.1Y.rmdup.bam		Feuerborn2021_remapped	TRF.05.14_Merged.CanFam3.1Y.rmdup.bam	Original files used for this publication in: Feuerborn2021	Feuerborn et al. (2021) 'Modern Siberian dog ancestry was shaped by several thousand years of Eurasian-wide trade and human dispersal'		TRF.05.14	D	TiuteiSaleI1	1111	D_TiuteiSaleI1_1111	Dogs	Arctic_Dogs
TRF.05.16	Iarte6	677-7393 to 7403	Canis	familiaris	Tooth		IarteVI	IarteVI1	Iarte 6	Russia	69.0	70.0	800	11th Cent. AD					Arctic_Dogs	A1a	M		1.63			1.62	76.5	/data/feuerborntr/Bams/TRF.05.16_Merged.CanFam3.1Y.rmdup.bam		/dss/dssfs02/pn29qe/pn29qe-dss-0000/ancient_dogs_bam/Feuerborn2021_remapped/TRF.05.16_Merged.CanFam3.1Y.rmdup.bam		Feuerborn2021_remapped	TRF.05.16_Merged.CanFam3.1Y.rmdup.bam	Original files used for this publication in: Feuerborn2021	Feuerborn et al. (2021) 'Modern Siberian dog ancestry was shaped by several thousand years of Eurasian-wide trade and human dispersal'		TRF.05.16	D	IarteVI1	800	D_IarteVI1_800	Dogs	Arctic_Dogs
TRF.05.17	Ust'-Voikar	1232-6837	Canis	familiaris	Bone		UstVoikar	UstVoikar1	Ust'-Voikar	Russia	65.0	64.0	857	857	887	827			Arctic_Dogs	A1a	M		2.38			2.36	86.88	/data/feuerborntr/Bams/TRF.05.17_Merged.CanFam3.1Y.rmdup.bam		/dss/dssfs02/pn29qe/pn29qe-dss-0000/ancient_dogs_bam/Feuerborn2021_remapped/TRF.05.17_Merged.CanFam3.1Y.rmdup.bam		Feuerborn2021_remapped	TRF.05.17_Merged.CanFam3.1Y.rmdup.bam	Original files used for this publication in: Feuerborn2021	Feuerborn et al. (2021) 'Modern Siberian dog ancestry was shaped by several thousand years of Eurasian-wide trade and human dispersal'		TRF.05.17	D	UstVoikar1	857	D_UstVoikar1_857	Dogs	Arctic_Dogs
Afontova	Afontova Gora_12422	AC05	Canis	sp	Bone	Tibia	AfontovaGora	AfontovaGora1	Afontova Gora	Russia	55.95	92.7	13750	13750					Undet							0.2	11.62		/dss/dssfs03/pn29bi/pn29bi-dss-0002/canids_bam/ancient/AL2660_rmdup.bam	/dss/dssfs02/pn29qe/pn29qe-dss-0000/ancient_dogs_bam/bams2023/initial/Afontova_udgnone_libmerged_rmdup.bam		Unpub_Oxford	AL2660_rmdup.bam		Oxford unpublished data		Afontova	U	AfontovaGora1	13750	U_AfontovaGora1_13750	Undet	Undet
CGG29	Bunge-Tol1885l	BT-1885	Canis	lupus	Bone	Humerus	BungeToll	BungeToll1	Bunge-Toll-1885, Siberia	Russia	68.92	134.48	48210	48210			SAMEA7538371		Pleistocene_Wolves		M		6.56			3.13	93.05	/data/feuerborntr/Mapped/CGG/CGG29.CanFam3.1Y.rmdup.bam	/dss/dssfs03/pn29bi/pn29bi-dss-0002/canids_bam/ancient/CGG29.bam	/dss/dssfs02/pn29qe/pn29qe-dss-0000/ancient_dogs_bam/Ramos-Madrigal-2021/CGG29.CanFam3.1Y.rmdup.bam		Ramos-Madrigal-2021	CGG29.CanFam3.1Y.rmdup.bam		Ramos-Madrigal et al. (2021) 'Genomes of Pleistocene Siberian Wolves Uncover Multiple Extinct Wolf Lineages', Current Biology, 31: 198-206.e8		CGG29	W	BungeToll1	48210	W_BungeToll1_48210	Pleistocene_Wolves	Wolves
CGG32	Tirekhtyakh	C_1216	Canis	lupus	Bone	Skull	Tirekhtyakh	Tirekhtyakh4	Tirekhtyakh River, Indigirka River, Siberia	Russia	68.89	147.21	50000	>50,000			SAMEA7538369		Pleistocene_Wolves		M		14.55			14.51	99.32	/data/feuerborntr/Mapped/CGG/CGG32.CanFam3.1Y.rmdup.bam	/dss/dssfs03/pn29bi/pn29bi-dss-0002/canids_bam/ancient/CGG32_reordered.bam	/dss/dssfs02/pn29qe/pn29qe-dss-0000/ancient_dogs_bam/Ramos-Madrigal-2021/CGG32.CanFam3.1Y.rmdup.bam		Ramos-Madrigal-2021	CGG32.CanFam3.1Y.rmdup.bam		Ramos-Madrigal et al. (2021) 'Genomes of Pleistocene Siberian Wolves Uncover Multiple Extinct Wolf Lineages', Current Biology, 31: 198-206.e8		CGG32	W	Tirekhtyakh4	50000	W_Tirekhtyakh4_50000	Pleistocene_Wolves	Wolves
CGG33	Ulakhan Sular	C_1346	Canis	lupus	Bone	Skull	UlakhanSular	UlakhanSular2	Ulakhan Sular, Adycha River, Siberia	Russia	61.61	129.23	16864	16864			SAMEA7538370		Pleistocene_Wolves		F		15.28			15.95	99.28	/data/feuerborntr/Mapped/CGG/CGG33.CanFam3.1Y.rmdup.bam	/dss/dssfs03/pn29bi/pn29bi-dss-0002/canids_bam/ancient/CGG33.CanFam31.realigned_reordered.bam	/dss/dssfs02/pn29qe/pn29qe-dss-0000/ancient_dogs_bam/Ramos-Madrigal-2021/CGG33.CanFam3.1Y.rmdup.bam		Ramos-Madrigal-2021	CGG33.CanFam3.1Y.rmdup.bam		Ramos-Madrigal et al. (2021) 'Genomes of Pleistocene Siberian Wolves Uncover Multiple Extinct Wolf Lineages', Current Biology, 31: 198-206.e8		CGG33	W	UlakhanSular2	16864	W_UlakhanSular2_16864	Pleistocene_Wolves	Wolves
Tumat2			Canis	lupus	Soft tissue		Tumat	Tumat2	Tumat Village, Siberia	Russia	70.72	139.23	14122	14122			SAMEA104106512		Pleistocene_Wolves		F		5.16			5.93	97.4		/dss/dssfs03/pn29bi/pn29bi-dss-0002/canids_bam/ancient_rehead/Tumat.CanFam31.realigned.bam	/dss/dssfs02/pn29qe/pn29qe-dss-0000/ancient_dogs_bam/Ramos-Madrigal-2021/Tumat.CanFam31.realigned.bam		Ramos-Madrigal-2021	Tumat.CanFam31.realigned.bam	Mummified puppy	Ramos-Madrigal et al. (2021) 'Genomes of Pleistocene Siberian Wolves Uncover Multiple Extinct Wolf Lineages', Current Biology, 31: 198-206.e8		Tumat	W	Tumat2	14122	W_Tumat2_14122	Pleistocene_Wolves	Wolves
CGG23	Yana	Y06-NP-18994	Canis	lupus	Bone	Mandible	Yana	Yana8	Yana	Russia	70.72	135.43	33020	33019.5	33465	32574	SAMN14210385		Pleistocene_Wolves		M		4.7			3.39	91.2	/data/feuerborntr/Mapped/CGG/CGG23.CanFam3.1Y.rmdup.bam	/dss/dssfs03/pn29bi/pn29bi-dss-0002/canids_bam/ancient/CGG23.bam	/dss/dssfs02/pn29qe/pn29qe-dss-0000/ancient_dogs_bam/Sinding2020/CGG23.CanFam3.1Y.rmdup.bam		Sinding2020	CGG23.CanFam3.1Y.rmdup.bam		Sinding et al. (2020) 'Arctic-adapted dogs emerged at the Pleistocene-Holocene transition', Science, 368: 1495-1499		CGG23	W	Yana8	33020	W_Yana8_33020	Pleistocene_Wolves	Wolves
CGG6	Zhokhov	Zh-03-97	Canis	familiaris	Bone	Mandible	Zhokhov	Zhokhov1	Zhokhov site, Zhokhov Island, New Siberian Islands	Russia	76.14	152.73	9515	9514.5			SAMN14210384		Arctic_Dogs				9.7			4.77	96.95	/data/feuerborntr/Mapped/CGG/CGG6.CanFam3.1Y.rmdup.bam	/dss/dssfs03/pn29bi/pn29bi-dss-0002/canids_bam/ancient/CGG6.CanFam31.realigned.bam	/dss/dssfs02/pn29qe/pn29qe-dss-0000/ancient_dogs_bam/Sinding2020/CGG6.CanFam3.1Y.rmdup.bam		Sinding2020	CGG6.CanFam3.1Y.rmdup.bam		Sinding et al. (2020) 'Arctic-adapted dogs emerged at the Pleistocene-Holocene transition', Science, 368: 1495-1499		CGG6	D	Zhokhov1	9515	D_Zhokhov1_9515	Dogs	Arctic_Dogs
Taimyr-1	Russia-Taimyr_35kBP		Canis	lupus	Bone	Rib	Taimyr	Taimyr1	Taimyr Peninsula, C Siberia	Russia	73.31	104.32	34900	34900	35659	34142	SAMEA3373332		Pleistocene_Wolves		M		2.9			1.53	75.29		/dss/dssfs03/pn29bi/pn29bi-dss-0002/canids_bam/ancient/Taimyr-1.bam	/dss/dssfs02/pn29qe/pn29qe-dss-0000/ancient_dogs_bam/Pub_before_2020/Taimyr-1_reheader.bam		Pub_before_2020	Taimyr-1_reheader.bam		Skoglund et al. (2015) 'Ancient Wolf Genome Reveals an Early Divergence of Domestic Dog Ancestors and Admixture into High-Latitude Breeds', Current Biology, 25 (11): 1515-1519		Taimyr-1	W	Taimyr1	34900	W_Taimyr1_34900	Pleistocene_Wolves	Wolves
SC1202	MOS-VER-SK79-2		Canis	familiaris	Tooth root	Tooth	Veretye	Veretye3	Veretye	Russia	61.3	38.9	8750	8750	9000	8500			Arctic_Dogs							0.06	5.45			/dss/dssfs02/pn29qe/pn29qe-dss-0000/ancient_dogs_bam/Unpub_Oxford/SC1202_rmdup.bam		Unpub_Oxford	SC1202_rmdup.bam		Sophy unpublished data		SC1202	D	Veretye3	8750	D_Veretye3_8750	Dogs	Arctic_Dogs
SC1203	MOS-VER-SK88		Canis	familiaris	Tooth root	Tooth	Veretye	Veretye4	Veretye	Russia	61.3	38.9	8750	8750	9000	8500			Arctic_Dogs							1.3	70.68			/dss/dssfs02/pn29qe/pn29qe-dss-0000/ancient_dogs_bam/Unpub_Oxford/SC1203_rmdup.bam		Unpub_Oxford	SC1203_rmdup.bam		Sophy unpublished data		SC1203	D	Veretye4	8750	D_Veretye4_8750	Dogs	Arctic_Dogs
TRF.02.22	K.1-1b	89373_b	Canis	familiaris			Amur	Amur3	Nanai	Russia	50.9	137.6	93	1927 AD					Arctic_Dogs	A1b	M		0.06			0.06	5.52	/data/feuerborntr/Bams/TRF.02.22_Merged.CanFam3.1Y.rmdup.bam		/dss/dssfs02/pn29qe/pn29qe-dss-0000/ancient_dogs_bam/Unpub_TRF_NA/TRF.02.22_Merged.CanFam3.1Y.rmdup.bam		Unpub_TRF_NA	TRF.02.22_Merged.CanFam3.1Y.rmdup.bam		Tatiana unpublished North America data		TRF.02.22	D	Amur3	93	D_Amur3_93	Dogs	Arctic_Dogs
TRF.02.23	K.3-6a	90205_	Canis	familiaris	Tissue	Skin	NenetsIamal	NenetsIamal4	Nenets/Khanti	Russia	63.2	73.9	100	1927 AD					Arctic_Dogs	A1a	M		0.05			0.04	4.01	/data/feuerborntr/Bams/TRF.02.23_Merged.CanFam3.1Y.rmdup.bam		/dss/dssfs02/pn29qe/pn29qe-dss-0000/ancient_dogs_bam/Unpub_TRF_NA/TRF.02.23_Merged.CanFam3.1Y.rmdup.bam		Unpub_TRF_NA	TRF.02.23_Merged.CanFam3.1Y.rmdup.bam		Tatiana unpublished North America data		TRF.02.23	D	NenetsIamal4	100	D_NenetsIamal4_100	Dogs	Arctic_Dogs
TRF.02.24	K.3-6b	90205_	Canis	familiaris	Tissue	Skin	NenetsIamal	NenetsIamal5	Nenets/Khanti	Russia	63.2	73.9	100	1927 AD					Arctic_Dogs	B	F		0.02			0.02	1.67	/data/feuerborntr/Bams/TRF.02.24_Merged.CanFam3.1Y.rmdup.bam		/dss/dssfs02/pn29qe/pn29qe-dss-0000/ancient_dogs_bam/Unpub_TRF_NA/TRF.02.24_Merged.CanFam3.1Y.rmdup.bam		Unpub_TRF_NA	TRF.02.24_Merged.CanFam3.1Y.rmdup.bam		Tatiana unpublished North America data		TRF.02.24	D	NenetsIamal5	100	D_NenetsIamal5_100	Dogs	Arctic_Dogs
TRF.02.57	K.1176	19753	Canis	familiaris			Kamchatka	Kamchatka4	Koryaks	Russia	61.31	163.5	60	1961 AD					Arctic_Dogs	A1a	F		0.05			0.04	4.28	/data/feuerborntr/Bams/TRF.02.57_Merged.CanFam3.1Y.rmdup.bam		/dss/dssfs02/pn29qe/pn29qe-dss-0000/ancient_dogs_bam/Unpub_TRF_NA/TRF.02.57_Merged.CanFam3.1Y.rmdup.bam		Unpub_TRF_NA	TRF.02.57_Merged.CanFam3.1Y.rmdup.bam		Tatiana unpublished North America data		TRF.02.57	D	Kamchatka4	60	D_Kamchatka4_60	Dogs	Arctic_Dogs
TRF.02.58	K.1169	19747	Canis	familiaris			Kamchatka	Kamchatka5	Koryaks	Russia	61.31	163.5	60	1961 AD					Arctic_Dogs	A1a	M		0.02			0.02	1.64	/data/feuerborntr/Bams/TRF.02.58_Merged.CanFam3.1Y.rmdup.bam		/dss/dssfs02/pn29qe/pn29qe-dss-0000/ancient_dogs_bam/Unpub_TRF_NA/TRF.02.58_Merged.CanFam3.1Y.rmdup.bam		Unpub_TRF_NA	TRF.02.58_Merged.CanFam3.1Y.rmdup.bam		Tatiana unpublished North America data		TRF.02.58	D	Kamchatka5	60	D_Kamchatka5_60	Dogs	Arctic_Dogs
TRF.04.05	AL3284	EKA_CL24_107_803	Canis	lupus			Russia	Russia1		Russia			NA						Eastern_Eurasian_Wolves	Pleistocene Wolf	M		0.14			0.14	13.32	/data/feuerborntr/Bams/TRF.04.05_Merged.CanFam3.1Y.rmdup.bam		/dss/dssfs02/pn29qe/pn29qe-dss-0000/ancient_dogs_bam/Unpub_TRF_NA/TRF.04.05_Merged.CanFam3.1Y.rmdup.bam		Unpub_TRF_NA	TRF.04.05_Merged.CanFam3.1Y.rmdup.bam		Tatiana unpublished North America data		TRF.04.05	W	Russia1	NA	W_Russia1_NA	Eastern_Eurasian_Wolves	Wolves
TRF.04.06	AL3288	EKA_CL24_467_24	Canis	lupus			Russia	Russia2	Unknown	Russia	61.40	85.42	NA						Eastern_Eurasian_Wolves	Wolf	M		0.02			0.02	2.25			/dss/dssfs02/pn29qe/pn29qe-dss-0000/ancient_dogs_bam/Unpub_TRF_NA/TRF.04.06_Merged.CanFam3.1Y.rmdup.bam		Unpub_TRF_NA	TRF.04.06_Merged.CanFam3.1Y.rmdup.bam		Tatiana unpublished North America data		TRF.04.06	W	Russia2	NA	W_Russia2_NA	Eastern_Eurasian_Wolves	Wolves
TRF.04.11	AL2278	MOS_BUL_MD9	Canis	familiaris			Bolgar	Bolgar2	Bolgar, Kazan	Russia	55.6	49.1	1000	1400-700 AD					Arctic_Dogs		F		0.1			0.1	9.53	/data/feuerborntr/Bams/TRF.04.11_Merged.CanFam3.1Y.rmdup.bam		/dss/dssfs02/pn29qe/pn29qe-dss-0000/ancient_dogs_bam/Unpub_TRF_NA/TRF.04.11_Merged.CanFam3.1Y.rmdup.bam		Unpub_TRF_NA	TRF.04.11_Merged.CanFam3.1Y.rmdup.bam		Tatiana unpublished North America data		TRF.04.11	D	Bolgar2	1000	D_Bolgar2_1000	Dogs	Arctic_Dogs
TRF.04.17	AL3064	StP_15073	Canis	familiaris			Sakha	Sakha1	Sakha	Russia	68.17	164.06	100						Arctic_Dogs		F		0.15			0.11	7.89	/data/feuerborntr/Bams/TRF.04.17_Merged.CanFam3.1Y.rmdup.bam		/dss/dssfs02/pn29qe/pn29qe-dss-0000/ancient_dogs_bam/Unpub_TRF_NA/TRF.04.17_Merged.CanFam3.1Y.rmdup.bam		Unpub_TRF_NA	TRF.04.17_Merged.CanFam3.1Y.rmdup.bam		Tatiana unpublished North America data		TRF.04.17	D	Sakha1	100	D_Sakha1_100	Dogs	Arctic_Dogs
TRF.04.21	AL3033	StP_20500	Canis	familiaris			Russia	Russia3	Russia	Russia	60.19	141.81	NA						Arctic_Dogs		F		0.02			0.01	1.34	/data/feuerborntr/Bams/TRF.04.21_Merged.CanFam3.1Y.rmdup.bam		/dss/dssfs02/pn29qe/pn29qe-dss-0000/ancient_dogs_bam/Unpub_TRF_NA/TRF.04.21_Merged.CanFam3.1Y.rmdup.bam		Unpub_TRF_NA	TRF.04.21_Merged.CanFam3.1Y.rmdup.bam		Tatiana unpublished North America data		TRF.04.21	D	Russia3	NA	D_Russia3_NA	Dogs	Arctic_Dogs
TRF.04.23	AL3054	StP_9299	Canis	familiaris			CommanderIslands	CommanderIslands1	Commander Islands	Russia	55.0	166.3	100						Arctic_Dogs		U		0.05			0.04	3.99	/data/feuerborntr/Bams/TRF.04.23_Merged.CanFam3.1Y.rmdup.bam		/dss/dssfs02/pn29qe/pn29qe-dss-0000/ancient_dogs_bam/Unpub_TRF_NA/TRF.04.23_Merged.CanFam3.1Y.rmdup.bam		Unpub_TRF_NA	TRF.04.23_Merged.CanFam3.1Y.rmdup.bam		Tatiana unpublished North America data		TRF.04.23	D	CommanderIslands1	100	D_CommanderIslands1_100	Dogs	Arctic_Dogs
TRF.04.25	AL3003	StP_1799	Canis	familiaris			Sakha	Sakha2	Sakha Republic	Russia	70.96	126.38	100						Arctic_Dogs		F		0.05			0.04	3.37	/data/feuerborntr/Bams/TRF.04.25_Merged.CanFam3.1Y.rmdup.bam		/dss/dssfs02/pn29qe/pn29qe-dss-0000/ancient_dogs_bam/Unpub_TRF_NA/TRF.04.25_Merged.CanFam3.1Y.rmdup.bam		Unpub_TRF_NA	TRF.04.25_Merged.CanFam3.1Y.rmdup.bam		Tatiana unpublished North America data		TRF.04.25	D	Sakha2	100	D_Sakha2_100	Dogs	Arctic_Dogs
TRF.04.26	AL3004	StP_2848	Canis	familiaris			Kamchatka	Kamchatka6	Kamchatka	Russia	53.1	158.6	100	150BP - Present					Arctic_Dogs	A1a	F		1.25			3.15	80.66	/data/feuerborntr/Bams/TRF.04.26_Merged.CanFam3.1Y.rmdup.bam		/dss/dssfs02/pn29qe/pn29qe-dss-0000/ancient_dogs_bam/Unpub_TRF_NA/TRF.04.26_Merged.CanFam3.1Y.rmdup.bam		Unpub_TRF_NA	TRF.04.26_Merged.CanFam3.1Y.rmdup.bam		Tatiana unpublished North America data		TRF.04.26	D	Kamchatka6	100	D_Kamchatka6_100	Dogs	Arctic_Dogs
TRF.04.27	AL3061	StP_13539	Canis	lupus			Sakha	Sakha3	Sakha Republic	Russia			100						Eastern_Eurasian_Wolves		F		0.03			0.02	2.09	/data/feuerborntr/Bams/TRF.04.27_Merged.CanFam3.1Y.rmdup.bam		/dss/dssfs02/pn29qe/pn29qe-dss-0000/ancient_dogs_bam/Unpub_TRF_NA/TRF.04.27_Merged.CanFam3.1Y.rmdup.bam		Unpub_TRF_NA	TRF.04.27_Merged.CanFam3.1Y.rmdup.bam		Tatiana unpublished North America data		TRF.04.27	W	Sakha3	100	W_Sakha3_100	Eastern_Eurasian_Wolves	Wolves
TRF.04.28	AL3032	StP_20039	Canis	familiaris			Chukotka	Chukotka3	Chukchi Peninsula	Russia	64.71	177.44	100						Arctic_Dogs		M		0.01			0.01	1.06	/data/feuerborntr/Bams/TRF.04.28_Merged.CanFam3.1Y.rmdup.bam		/dss/dssfs02/pn29qe/pn29qe-dss-0000/ancient_dogs_bam/Unpub_TRF_NA/TRF.04.28_Merged.CanFam3.1Y.rmdup.bam		Unpub_TRF_NA	TRF.04.28_Merged.CanFam3.1Y.rmdup.bam		Tatiana unpublished North America data		TRF.04.28	D	Chukotka3	100	D_Chukotka3_100	Dogs	Arctic_Dogs
TRF.04.29	AL3063	StP_14236	Canis	lupus			Russia	Russia4	NA	Russia			NA						Eastern_Eurasian_Wolves		F		0.13			0.12	10.61	/data/feuerborntr/Bams/TRF.04.29_Merged.CanFam3.1Y.rmdup.bam		/dss/dssfs02/pn29qe/pn29qe-dss-0000/ancient_dogs_bam/Unpub_TRF_NA/TRF.04.29_Merged.CanFam3.1Y.rmdup.bam		Unpub_TRF_NA	TRF.04.29_Merged.CanFam3.1Y.rmdup.bam		Tatiana unpublished North America data		TRF.04.29	W	Russia4	NA	W_Russia4_NA	Eastern_Eurasian_Wolves	Wolves
TRF.06.01	M1		Canis	lupus			Russia	Russia5		Russia			NA						Eastern_Eurasian_Wolves	Eurasian Wolf	F		0.18			0.15	12.8	/data/feuerborntr/Bams/TRF.06.01_Merged.CanFam3.1Y.rmdup.bam		/dss/dssfs02/pn29qe/pn29qe-dss-0000/ancient_dogs_bam/Unpub_TRF_NA/TRF.06.01_Merged.CanFam3.1Y.rmdup.bam		Unpub_TRF_NA	TRF.06.01_Merged.CanFam3.1Y.rmdup.bam		Tatiana unpublished North America data		TRF.06.01	W	Russia5	NA	W_Russia5_NA	Eastern_Eurasian_Wolves	Wolves
TRF.06.02	M2		Canis	lupus			Russia	Russia6		Russia			NA						Eastern_Eurasian_Wolves	Eurasian Wolf	M		0.1			0.09	8.05	/data/feuerborntr/Bams/TRF.06.02_Merged.CanFam3.1Y.rmdup.bam		/dss/dssfs02/pn29qe/pn29qe-dss-0000/ancient_dogs_bam/Unpub_TRF_NA/TRF.06.02_Merged.CanFam3.1Y.rmdup.bam		Unpub_TRF_NA	TRF.06.02_Merged.CanFam3.1Y.rmdup.bam		Tatiana unpublished North America data		TRF.06.02	W	Russia6	NA	W_Russia6_NA	Eastern_Eurasian_Wolves	Wolves
TRF.06.12	CG19	M-Kh2012	Canis	lupus			Yana	Yana9	Yana site area in general sense, this sample comes from Mus-Khaya exposure 5 km downstream from the Yana site	Russia	70.72	135.54	19710						Pleistocene_Wolves	Eurasian Wolf	M		0.04			0.04	4.03	/data/feuerborntr/Bams/TRF.06.12_Merged.CanFam3.1Y.rmdup.bam		/dss/dssfs02/pn29qe/pn29qe-dss-0000/ancient_dogs_bam/Unpub_TRF_NA/TRF.06.12_Merged.CanFam3.1Y.rmdup.bam		Unpub_TRF_NA	TRF.06.12_Merged.CanFam3.1Y.rmdup.bam		Tatiana unpublished North America data		TRF.06.12	W	Yana9	19710	W_Yana9_19710	Pleistocene_Wolves	Wolves
TRF.06.14	CG21	Berelekh-BR-09-478	Canis	lupus			Berelekh	Berelekh2	Berelekh geoarchaeological complex, Berelekh river	Russia			13975						Eastern_Eurasian_Wolves	NA	M		1.01			1	59.09	/data/feuerborntr/Bams/TRF.06.14_Merged.CanFam3.1Y.rmdup.bam		/dss/dssfs02/pn29qe/pn29qe-dss-0000/ancient_dogs_bam/Unpub_TRF_NA/TRF.06.14_Merged.CanFam3.1Y.rmdup.bam		Unpub_TRF_NA	TRF.06.14_Merged.CanFam3.1Y.rmdup.bam		Tatiana unpublished North America data		TRF.06.14	W	Berelekh2	13975	W_Berelekh2_13975	Eastern_Eurasian_Wolves	Wolves
TRF.06.16	Canis Tumat		Canis	lupus			Tumat	Tumat3	Tumat	Russia			14122						Eastern_Eurasian_Wolves	NA	M		0.39			0.37	29.79	/data/feuerborntr/Bams/TRF.06.16_Merged.CanFam3.1Y.rmdup.bam		/dss/dssfs02/pn29qe/pn29qe-dss-0000/ancient_dogs_bam/Unpub_TRF_NA/TRF.06.16_Merged.CanFam3.1Y.rmdup.bam		Unpub_TRF_NA	TRF.06.16_Merged.CanFam3.1Y.rmdup.bam		Tatiana unpublished North America data		TRF.06.16	W	Tumat3	14122	W_Tumat3_14122	Eastern_Eurasian_Wolves	Wolves
TRF.06.20	CG20	Nikita-NL-13/91	Canis	lupus			Nikita	Nikita2		Russia			13660						Eastern_Eurasian_Wolves	NA	F		0.19			0.19	16.74	/data/feuerborntr/Bams/TRF.06.20_Merged.CanFam3.1Y.rmdup.bam		/dss/dssfs02/pn29qe/pn29qe-dss-0000/ancient_dogs_bam/Unpub_TRF_NA/TRF.06.20_Merged.CanFam3.1Y.rmdup.bam		Unpub_TRF_NA	TRF.06.20_Merged.CanFam3.1Y.rmdup.bam		Tatiana unpublished North America data		TRF.06.20	W	Nikita2	13660	W_Nikita2_13660	Eastern_Eurasian_Wolves	Wolves
TRF.06.22		Zh-04-22	Canis	familiaris			Zhokhov	Zhokhov2	Zhokhov site, Zhokhov Island, New Siberian Islands	Russia	76.14	152.73	9500						Arctic_Dogs	NA	F		0.03			0.03	2.42	/data/feuerborntr/Bams/TRF.06.22_Merged.CanFam3.1Y.rmdup.bam		/dss/dssfs02/pn29qe/pn29qe-dss-0000/ancient_dogs_bam/Unpub_TRF_NA/TRF.06.22_Merged.CanFam3.1Y.rmdup.bam		Unpub_TRF_NA	TRF.06.22_Merged.CanFam3.1Y.rmdup.bam		Tatiana unpublished North America data		TRF.06.22	D	Zhokhov2	9500	D_Zhokhov2_9500	Dogs	Arctic_Dogs
XK-213			Canis	familiaris			Khatystyr	Khatystyr1	Khatystyr Cave	Russia	58.92	125.15	8645	8645 ± 35 cal BP					Arctic_Dogs		M		1.29			1.29	68.98	/data/feuerborntr/Bams/XK-213_Merged.CanFam3.1Y.rmdup.bam		/dss/dssfs02/pn29qe/pn29qe-dss-0000/ancient_dogs_bam/Unpub_TRF_NA/XK-213_Merged.CanFam3.1Y.rmdup.bam		Unpub_TRF_NA	XK-213_Merged.CanFam3.1Y.rmdup.bam		Tatiana unpublished North America data		XK-213	D	Khatystyr1	8645	D_Khatystyr1_8645	Dogs	Arctic_Dogs
VAL_035	DS-WOL-VAL-35	#7702	Canis	familiaris	Bone	Mandibula	DuvannyYar	DuvannyYar2	Duvanniy Yar Site, Kolyma River	Russia	68.627075	159.141794	NA						Arctic_Dogs							1.67	78.31		/dss/dssfs03/pn29bi/pn29bi-dss-0002/canids_bam/ancient/VAL_035.bam	/dss/dssfs02/pn29qe/pn29qe-dss-0000/ancient_dogs_bam/Other/VAL_035.bam		Other	VAL_035.bam		Unpublished data		DS-WOL-VAL-35	D	DuvannyYar2	NA	D_DuvannyYar2_NA	Dogs	Arctic_Dogs
TRF.05.09	Ust'-Polui6	736-31679	Canis	familiaris			UstPolui	UstPolui7	Ust'-Polui	Russia	66.6	66.6	2000	260BC-140AD					Arctic_Dogs	NA	M		0.01			0	0.49			/dss/dssfs02/pn29qe/pn29qe-dss-0000/ancient_dogs_bam/Feuerborn2021_remapped/TRF.05.09_Merged.CanFam3.1Y.rmdup.bam		Feuerborn2021_remapped	TRF.05.09_Merged.CanFam3.1Y.rmdup.bam				TRF.05.09	D	UstPolui7	2000	D_UstPolui7_2000	Dogs	Arctic_Dogs
TRF.05.15		677-2971	Canis	familiaris			IarteVI	IarteVI2	Iarte 6	Russia	69.0	70.0	800	11th Cent. AD					Arctic_Dogs		F		0.01			0.01	0.5	/data/feuerborntr/Bams/TRF.05.15_Merged.CanFam3.1Y.rmdup.bam		/dss/dssfs02/pn29qe/pn29qe-dss-0000/ancient_dogs_bam/Feuerborn2021_remapped/TRF.05.15_Merged.CanFam3.1Y.rmdup.bam		Feuerborn2021_remapped	TRF.05.15_Merged.CanFam3.1Y.rmdup.bam				TRF.05.15	D	IarteVI2	800	D_IarteVI2_800	Dogs	Arctic_Dogs
LS0122	SNRM_583546		Canis	lupus			KolaPeninsula	KolaPeninsula1	Kola Peninsula, Murmansk Province	Russian Federation	67.424988	36.580988	150		150	0					M					1.51	67.86			/dss/dssfs02/pn29qe/pn29qe-dss-0000/ancient_dogs_bam/bams2023/LS0122a/LS0122a_rmdup.bam					Lachie unpublished St Petersberg data		LS0122	W	KolaPeninsula1	150	W_KolaPeninsula1_150	Western_Eurasian_Wolves	Wolves
LS0123	StP_1757		Canis	lupus			PoronayRiver	PoronayRiver1	Poronaysk, Sakhalin Province	Russian Federation	49.2168711	132.0547429	150		150	0					M					1.07	54.3			/dss/dssfs02/pn29qe/pn29qe-dss-0000/ancient_dogs_bam/bams2023/LS0123a/LS0123a_rmdup.bam					Lachie unpublished St Petersberg data		LS0123	W	PoronayRiver1	150	W_PoronayRiver1_150	Western_Eurasian_Wolves	Wolves
LS0124	StP_16379		Canis	lupus			YuzhnoSakhalinsk	YuzhnoSakhalinsk1	Anadyrsky District, Chukotka Autonomous Okrug	Russian Federation	65.330178	170.582472	150		150	0					M					1.51	71.29			/dss/dssfs02/pn29qe/pn29qe-dss-0000/ancient_dogs_bam/bams2023/LS0124a/LS0124a_rmdup.bam					Lachie unpublished St Petersberg data		LS0124	W	YuzhnoSakhalinsk1	150	W_YuzhnoSakhalinsk1_150	Western_Eurasian_Wolves	Wolves
LS0125	StP_20500		Canis	lupus			ShelkapVillage	ShelkapVillage1	Okhotsky District, Khabarovsk Krai	Russian Federation			150		150	0					M					1.22	63.61			/dss/dssfs02/pn29qe/pn29qe-dss-0000/ancient_dogs_bam/bams2023/LS0125a/LS0125a_rmdup.bam					Lachie unpublished St Petersberg data		LS0125	W	ShelkapVillage1	150	W_ShelkapVillage1_150	Western_Eurasian_Wolves	Wolves
LS0126	StP_6116		Canis	lupus			Krasnoyarsk	Krasnoyarsk1	Krasnoyarsk, Krasnoyarsk Krai	Russian Federation	56.032157	92.849372	150		150	0					F					1.62	73.81			/dss/dssfs02/pn29qe/pn29qe-dss-0000/ancient_dogs_bam/bams2023/LS0126a/LS0126a_rmdup.bam					Lachie unpublished St Petersberg data		LS0126	W	Krasnoyarsk1	150	W_Krasnoyarsk1_150	Western_Eurasian_Wolves	Wolves
AL2356	KZPSU_STR_2		Canis	sp			Streletskoe	Streletskoe1	Streletskoe	Russian Federation	54.019605	60.582479	3800	c.1800 BC					Undet							0.08	7.63		/dss/dssfs03/pn29bi/pn29bi-dss-0002/canids_bam/ancient_rehead/AL2356_rmdup.bam	/dss/dssfs02/pn29qe/pn29qe-dss-0000/ancient_dogs_bam/Unpub_Oxford/AL2356_rmdup.bam		Unpub_Oxford	AL2356_rmdup.bam		Oxford unpublished data		AL2356	U	Streletskoe1	3800	U_Streletskoe1_3800	Undet	Undet
AL3101	StP_35470_Skull2		Canis	familiaris	Tooth		Ivolgin	Ivolgin1	Ivolgin Fortified Settlement	Russian Federation	51.685626	107.473562	2000	c.2000 BP					European_Dogs							0.13	11.4		/dss/dssfs03/pn29bi/pn29bi-dss-0002/canids_bam/ancient_rehead/AL3101_rmdup.bam	/dss/dssfs02/pn29qe/pn29qe-dss-0000/ancient_dogs_bam/Unpub_Oxford/AL3101_rmdup.bam		Unpub_Oxford	AL3101_rmdup.bam		Oxford unpublished data		AL3101	D	Ivolgin1	2000	D_Ivolgin1_2000	Dogs	European_Dogs
AL3114	StP_35470_D		Canis	familiaris			Ivolgin	Ivolgin2	Ivolgin Fortified Settlement	Russian Federation	51.685626	107.473562	2000	c.2000 BP					European_Dogs							0.01	1.08		/dss/dssfs03/pn29bi/pn29bi-dss-0002/canids_bam/ancient_rehead/AL3114_rmdup.bam	/dss/dssfs02/pn29qe/pn29qe-dss-0000/ancient_dogs_bam/Unpub_Oxford/AL3114_rmdup.bam		Unpub_Oxford	AL3114_rmdup.bam		Oxford unpublished data		AL3114	D	Ivolgin2	2000	D_Ivolgin2_2000	Dogs	European_Dogs
AL2946_Plocnik	AL2946		Canis	familiaris	Bone	Mandible	Plocnik	Plocnik1	Pločnik	Serbia	43.20	21.36	6839	6839			#N/A		European_Dogs	D	F		0.2			0.29	21.7		/dss/dssfs03/pn29bi/pn29bi-dss-0002/canids_bam/ancient/AL2946_Plocnik_rmdup.bam	/dss/dssfs02/pn29qe/pn29qe-dss-0000/ancient_dogs_bam/Bergstrom2020/AL2946_Plocnik_rmdup.bam		Bergstrom2020	AL2946_Plocnik_rmdup.bam		Bergström et al. (2020) 'Origins and genetic legacy of prehistoric dogs', Science, 370: 557-564		AL2946_Plocnik	D	Plocnik1	6839	D_Plocnik1_6839	Dogs	European_Dogs
OL4072	VL 224 x-find 5/1		Canis	familiaris			Vlasac	Vlasac1	Vlasac	Serbia	43.605833	20.741389	8000						European_Dogs							0.1	8.68			/dss/dssfs02/pn29qe/pn29qe-dss-0000/ancient_dogs_bam/bams2023/initial/OL4072_udgnone_libmerged_rmdup.bam					Meso unpublished data		OL4072	D	Vlasac1	8000	D_Vlasac1_8000		
OL4117	PAD 11.70/170/1		Canis	familiaris			Padina	Padina1	Padina	Serbia	45.119167	20.722997	10500						European_Dogs							0.17	14.32			/dss/dssfs02/pn29qe/pn29qe-dss-0000/ancient_dogs_bam/bams2023/initial/OL4117_udgnone_libmerged_rmdup.bam					Meso unpublished data		OL4117	D	Padina1	10500	D_Padina1_10500		
SC1178	PAD 7.70/224/1		Canis	familiaris			Padina	Padina1	Padina	Serbia	45.119167	20.722997	8500						European_Dogs							0.2	16.99			/dss/dssfs02/pn29qe/pn29qe-dss-0000/ancient_dogs_bam/bams2023/initial/SC1178_udgnone_libmerged_rmdup.bam					Meso unpublished data		SC1178	D	Padina1	8500	D_Padina1_8500		
SC1194	LV952/1	OL4125	Canis	familiaris			Lepenski Vir	LepenskiVir1	Lepenski Vir	Serbia	44.561111	22.024167	7900						European_Dogs							0.06	5.29			/dss/dssfs02/pn29qe/pn29qe-dss-0000/ancient_dogs_bam/bams2023/initial/SC1194_udgnone_libmerged_rmdup.bam					Meso unpublished data		SC1194	D	LepenskiVir1	7900	D_LepenskiVir1_7900		
SC1178	PAD 7.70/224/1		Canis	familiaris	Bone	Fragment	Padina	Padina3	Padina	Serbia	45.119167	20.722997	8100						European_Dogs							0.07	6.64			/dss/dssfs02/pn29qe/pn29qe-dss-0000/ancient_dogs_bam/Unpub_Oxford/SC1178_rmdup.bam		Unpub_Oxford	SC1178_rmdup.bam		Sophy unpublished data		SC1178	D	Padina3	8100	D_Padina3_8100	Dogs	European_Dogs
OL4029_Spain	OL4029		Canis	familiaris	Bone	Femur	Marizulo	Marizulo1	Marizulo Cave, Gipuzkoa	Spain	43.27	-2.09	6230	6230			#N/A		European_Dogs	C	M		0.1			0.17	14.37		/dss/dssfs03/pn29bi/pn29bi-dss-0002/canids_bam/ancient/OL4029_Spain_rmdup.bam	/dss/dssfs02/pn29qe/pn29qe-dss-0000/ancient_dogs_bam/Bergstrom2020/OL4029_Spain_rmdup.bam		Bergstrom2020	OL4029_Spain_rmdup.bam		Bergström et al. (2020) 'Origins and genetic legacy of prehistoric dogs', Science, 370: 557-564		OL4029_Spain	D	Marizulo1	6230	D_Marizulo1_6230	Dogs	European_Dogs
C62_Apalle	C62		Canis	familiaris	Tooth		Apalle	Apalle1	Apalle	Sweden	59.70	17.60	3100	3100			#N/A		European_Dogs	A	F		0.7			0.78	49.87		/dss/dssfs03/pn29bi/pn29bi-dss-0002/canids_bam/ancient/C62_Apalle_merged_P8902_seqprep.canFam3.fa.srt.rmdup.80perc.bam	/dss/dssfs02/pn29qe/pn29qe-dss-0000/ancient_dogs_bam/Bergstrom2020/C62_Apalle_merged_P8902_seqprep_reheader.bam		Bergstrom2020	C62_Apalle_merged_P8902_seqprep_reheader.bam		Bergström et al. (2020) 'Origins and genetic legacy of prehistoric dogs', Science, 370: 557-564		C62_Apalle	D	Apalle1	3100	D_Apalle1_3100	Dogs	European_Dogs
C88_Gokhem	C88		Canis	familiaris	Tooth		Fralsegardenm	Fralsegardenm1	Frälsegården, Gökhem	Sweden	58.10	13.24	1150	1150			#N/A		European_Dogs	A	M		0.7			0.73	50.21		/dss/dssfs03/pn29bi/pn29bi-dss-0002/canids_bam/ancient/C88_Gokhem_DNA49_PON001_merged.canFam3.fa.srt.rmdup.bam	/dss/dssfs02/pn29qe/pn29qe-dss-0000/ancient_dogs_bam/Bergstrom2020/C88_Gokhem_DNA49_PON001_merged_reheader.bam		Bergstrom2020	C88_Gokhem_DNA49_PON001_merged_reheader.bam		Bergström et al. (2020) 'Origins and genetic legacy of prehistoric dogs', Science, 370: 557-564		C88_Gokhem	D	Fralsegardenm1	1150	D_Fralsegardenm1_1150	Dogs	European_Dogs
C89_Ajvide	C89		Canis	familiaris	Tooth		Ajvide	Ajvide1	Ajvide, Gotland	Sweden	57.17	18.12	4800	4800			#N/A		European_Dogs	C	M		2.2			2.21	86.85		/dss/dssfs03/pn29bi/pn29bi-dss-0002/canids_bam/ancient/C89_Ajvide_DNA51_PON003_merged.canFam3.fa.srt.rmdup.bam	/dss/dssfs02/pn29qe/pn29qe-dss-0000/ancient_dogs_bam/Bergstrom2020/C89_Ajvide_DNA51_PON003_merged_reheader.bam		Bergstrom2020	C89_Ajvide_DNA51_PON003_merged_reheader.bam		Bergström et al. (2020) 'Origins and genetic legacy of prehistoric dogs', Science, 370: 557-564		C89_Ajvide	D	Ajvide1	4800	D_Ajvide1_4800	Dogs	European_Dogs
C90_Ajvide	C90		Canis	familiaris	Tooth		Ajvide	Ajvide2	Ajvide, Gotland	Sweden	57.17	18.12	4800	4800			#N/A		European_Dogs	C	M		0.6			0.57	42.34		/dss/dssfs03/pn29bi/pn29bi-dss-0002/canids_bam/ancient/C90_Ajvide_DNA54_PON006_merged.canFam3.fa.srt.rmdup.bam	/dss/dssfs02/pn29qe/pn29qe-dss-0000/ancient_dogs_bam/Bergstrom2020/C90_Ajvide_DNA54_PON006_merged_reheader.bam		Bergstrom2020	C90_Ajvide_DNA54_PON006_merged_reheader.bam		Bergström et al. (2020) 'Origins and genetic legacy of prehistoric dogs', Science, 370: 557-564		C90_Ajvide	D	Ajvide2	4800	D_Ajvide2_4800	Dogs	European_Dogs
C94_StoraForvar	C94		Canis	familiaris	Bone	Humerus	StoraForvar	StoraForvar1	Stora Förvar, Gotland	Sweden	57.29	17.97	4000	4000			#N/A		European_Dogs	C	M		0.2			0.16	14.15		/dss/dssfs03/pn29bi/pn29bi-dss-0002/canids_bam/ancient/C94_StoraForvar_J5_merged_P8902_seqprep.canFam3.fa.srt.rmdup.80perc.bam	/dss/dssfs02/pn29qe/pn29qe-dss-0000/ancient_dogs_bam/Bergstrom2020/C94_StoraForvar_J5_merged_P8902_seqprep_reheader.bam		Bergstrom2020	C94_StoraForvar_J5_merged_P8902_seqprep_reheader.bam		Bergström et al. (2020) 'Origins and genetic legacy of prehistoric dogs', Science, 370: 557-564		C94_StoraForvar	D	StoraForvar1	4000	D_StoraForvar1_4000	Dogs	European_Dogs
PON012	ALVH2		Canis	lupus			Alvastra	Alvastra1	Alvastra	Sweden	58.30	14.68	5079	5079	5297	4861			Western_Eurasian_Wolves		M		2.1			2.25	86.21		/dss/dssfs03/pn29bi/pn29bi-dss-0002/canids_bam/ancient/PON012.bam	/dss/dssfs02/pn29qe/pn29qe-dss-0000/ancient_dogs_bam/Unpub_AB_wolf/PON012_reheader.bam		Unpub_AB_wolf	PON012_reheader.bam		Bergström et al. (2022) 'Grey wolf genomic history reveals a dual ancestry of dogs', Nature, 607: 313-320		PON012	W	Alvastra1	5079	W_Alvastra1_5079	Western_Eurasian_Wolves	Wolves
SC1177	Motala-12653	AL2515	Canis	familiaris	Tooth root	Tooth	Motala	Motala1	Motala	Sweden	58.538804	15.043124	Meso		7950	6950			European_Dogs							0.15	13.59			/dss/dssfs02/pn29qe/pn29qe-dss-0000/ancient_dogs_bam/Unpub_Oxford/SC1177_rmdup.bam		Unpub_Oxford	SC1177_rmdup.bam		Sophy unpublished data		SC1177	D	Motala1	Meso	D_Motala1_Meso	Dogs	European_Dogs
TRF.04.33	AL2067	SNRM_580106	Canis	familiaris			Sweden	Sweden1	Sweden	Sweden	64.24	60.93	100						Arctic_Dogs		M		0.31			0.31	26.46	/data/feuerborntr/Bams/TRF.04.33_Merged.CanFam3.1Y.rmdup.bam		/dss/dssfs02/pn29qe/pn29qe-dss-0000/ancient_dogs_bam/Unpub_TRF_NA/TRF.04.33_Merged.CanFam3.1Y.rmdup.bam		Unpub_TRF_NA	TRF.04.33_Merged.CanFam3.1Y.rmdup.bam		Tatiana unpublished North America data		TRF.04.33	D	Sweden1	100	D_Sweden1_100	Dogs	European_Dogs
TRF.04.36	AL2070	SNRM_580353	Canis	familiaris	tooth		Sweden	Sweden2	Unknown	Sweden	64.240	60.930	100						European_Dogs	A1a	U		0.27			0.24	18.07			/dss/dssfs02/pn29qe/pn29qe-dss-0000/ancient_dogs_bam/Unpub_TRF_NA/TRF.04.36_Merged.CanFam3.1Y.rmdup.bam		Unpub_TRF_NA	TRF.04.36_Merged.CanFam3.1Y.rmdup.bam		Tatiana unpublished North America data		TRF.04.36	D	Sweden2	100	D_Sweden2_100	Dogs	European_Dogs
TRF.04.37	AL2082	SNRM_590009	Canis	lupus			Sweden	Sweden3	Sweden	Sweden	64.2	60.9	100						Western_Eurasian_Wolves		M		0.25			0.22	18.7	/data/feuerborntr/Bams/TRF.04.37_Merged.CanFam3.1Y.rmdup.bam		/dss/dssfs02/pn29qe/pn29qe-dss-0000/ancient_dogs_bam/Unpub_TRF_NA/TRF.04.37_Merged.CanFam3.1Y.rmdup.bam		Unpub_TRF_NA	TRF.04.37_Merged.CanFam3.1Y.rmdup.bam		Tatiana unpublished North America data		TRF.04.37	W	Sweden3	100	W_Sweden3_100	Western_Eurasian_Wolves	Western_Eurasian_Wolves
TRF.04.38	AL2088	SNRM_580058	Canis	lupus			Sweden	Sweden4	Sweden	Sweden	64.2	60.9	100						Western_Eurasian_Wolves		M		0.18			0.17	15.22	/data/feuerborntr/Bams/TRF.04.38_Merged.CanFam3.1Y.rmdup.bam		/dss/dssfs02/pn29qe/pn29qe-dss-0000/ancient_dogs_bam/Unpub_TRF_NA/TRF.04.38_Merged.CanFam3.1Y.rmdup.bam		Unpub_TRF_NA	TRF.04.38_Merged.CanFam3.1Y.rmdup.bam		Tatiana unpublished North America data		TRF.04.38	W	Sweden4	100	W_Sweden4_100	Western_Eurasian_Wolves	Western_Eurasian_Wolves
TRF.04.39	AL2090	SNRM_583532	Canis	lupus			Sweden	Sweden5	Sweden	Sweden	64.2	60.9	100						Western_Eurasian_Wolves		F		0.09			0.07	6.34	/data/feuerborntr/Bams/TRF.04.39_Merged.CanFam3.1Y.rmdup.bam		/dss/dssfs02/pn29qe/pn29qe-dss-0000/ancient_dogs_bam/Unpub_TRF_NA/TRF.04.39_Merged.CanFam3.1Y.rmdup.bam		Unpub_TRF_NA	TRF.04.39_Merged.CanFam3.1Y.rmdup.bam		Tatiana unpublished North America data		TRF.04.39	W	Sweden5	100	W_Sweden5_100	Western_Eurasian_Wolves	Western_Eurasian_Wolves
TRF.04.40	AL2093	SNRM_581536	Canis	lupus			Sweden	Sweden6	Sweden	Sweden	64.2	60.9	100						Western_Eurasian_Wolves		M		0.54			0.55	41.64	/data/feuerborntr/Bams/TRF.04.40_Merged.CanFam3.1Y.rmdup.bam		/dss/dssfs02/pn29qe/pn29qe-dss-0000/ancient_dogs_bam/Unpub_TRF_NA/TRF.04.40_Merged.CanFam3.1Y.rmdup.bam		Unpub_TRF_NA	TRF.04.40_Merged.CanFam3.1Y.rmdup.bam		Tatiana unpublished North America data		TRF.04.40	W	Sweden6	100	W_Sweden6_100	Western_Eurasian_Wolves	Western_Eurasian_Wolves
AL2370	NMBE_DUR_1124		Canis	lupus			Duerriloch	Duerriloch1	Dürriloch, Siggenhusen, Lucerne	Switzerland	46.97	8.02	9348	9348					Western_Eurasian_Wolves		F		0.44			0.77	52.02		/dss/dssfs03/pn29bi/pn29bi-dss-0002/canids_bam/ancient/AL2370.bam	/dss/dssfs02/pn29qe/pn29qe-dss-0000/ancient_dogs_bam/Unpub_AB_wolf/AL2370.bam		Unpub_AB_wolf	AL2370.bam		Bergström et al. (2022) 'Grey wolf genomic history reveals a dual ancestry of dogs', Nature, 607: 313-320		AL2370	W	Duerriloch1	9348	W_Duerriloch1_9348	Western_Eurasian_Wolves	Wolves
LS0154	1052572		Canis	familiaris	bone	petrous	Poodle	Poodle1		Switzerland			Hist_1871	1871					European_Dogs							1.81	53.56			/dss/dssfs02/pn29qe/pn29qe-dss-0000/ancient_dogs_bam/bams2023/LS0154/LS0154_rmdup.bam					Lachie unpublished historic breed data		LS0154	D	Poodle1	Hist_1871	D_Poodle1_Hist_1871		
LS0156	1051888		Canis	familiaris	bone	petrous	FrenchBulldog	FrenchBulldog1		Switzerland			Hist_1933	1933					European_Dogs							1.2	52.8			/dss/dssfs02/pn29qe/pn29qe-dss-0000/ancient_dogs_bam/bams2023/LS0156/LS0156_rmdup.bam					Lachie unpublished historic breed data		LS0156	D	FrenchBulldog1	Hist_1933	D_FrenchBulldog1_Hist_1933		
LS0157	1051438		Canis	familiaris	bone	petrous	Samoyed	Samoyed1		Switzerland			Hist_1933	1933					Arctic_Dogs							1.29	65.37			/dss/dssfs02/pn29qe/pn29qe-dss-0000/ancient_dogs_bam/bams2023/LS0157/LS0157_rmdup.bam					Lachie unpublished historic breed data		LS0157	D	Samoyed1	Hist_1933	D_Samoyed1_Hist_1933		
LS0159	1051191		Canis	familiaris	bone	petrous	AfghanHound	AfghanHound3		Switzerland			Hist_1948	1948					African_NearEast_India_Dogs							3.08	52.7			/dss/dssfs02/pn29qe/pn29qe-dss-0000/ancient_dogs_bam/bams2023/LS0159/LS0159_rmdup.bam					Lachie unpublished historic breed data		LS0159	D	AfghanHound3	Hist_1948	D_AfghanHound3_Hist_1948		
LS0162	1050629		Canis	familiaris	bone	petrous	GermanShepherd	GermanShepherd1		Switzerland			Hist_1928	1928					European_Dogs							7.44	97.8			/dss/dssfs02/pn29qe/pn29qe-dss-0000/ancient_dogs_bam/bams2023/LS0162/LS0162_rmdup.bam					Lachie unpublished historic breed data		LS0162	D	GermanShepherd1	Hist_1928	D_GermanShepherd1_Hist_1928		
LS0163	1050103		Canis	familiaris	bone	petrous	StBernard	StBernard1		Switzerland			Hist_1900	1900					European_Dogs							2.92	45.02			/dss/dssfs02/pn29qe/pn29qe-dss-0000/ancient_dogs_bam/bams2023/LS0163/LS0163_rmdup.bam					Lachie unpublished historic breed data		LS0163	D	StBernard1	Hist_1900	D_StBernard1_Hist_1900		
LS0164	1050048		Canis	familiaris	bone	petrous	StBernard	StBernard2		Switzerland			Hist_1906	1906					European_Dogs							3.67	93.98			/dss/dssfs02/pn29qe/pn29qe-dss-0000/ancient_dogs_bam/bams2023/LS0164/LS0164_rmdup.bam					Lachie unpublished historic breed data		LS0164	D	StBernard2	Hist_1906	D_StBernard2_Hist_1906		
LS0171	1050656		Canis	familiaris	bone	petrous	GermanShepherd	GermanShepherd2		Switzerland			Hist_1966	1966					European_Dogs							2.45	59.39			/dss/dssfs02/pn29qe/pn29qe-dss-0000/ancient_dogs_bam/bams2023/LS0171/LS0171_rmdup.bam					Lachie unpublished historic breed data		LS0171	D	GermanShepherd2	Hist_1966	D_GermanShepherd2_Hist_1966		
LS0172	1050665		Canis	familiaris	bone	petrous	GermanShepherd	GermanShepherd3		Switzerland			Hist_1974	1974					European_Dogs							3.03	90.31			/dss/dssfs02/pn29qe/pn29qe-dss-0000/ancient_dogs_bam/bams2023/LS0172/LS0172_rmdup.bam					Lachie unpublished historic breed data		LS0172	D	GermanShepherd3	Hist_1974	D_GermanShepherd3_Hist_1974		
LS0173	1050637		Canis	familiaris	bone	petrous	GermanShepherd	GermanShepherd4		Switzerland			Hist_1948	1948					European_Dogs							6.63	96.5			/dss/dssfs02/pn29qe/pn29qe-dss-0000/ancient_dogs_bam/bams2023/LS0173/LS0173_rmdup.bam					Lachie unpublished historic breed data		LS0173	D	GermanShepherd4	Hist_1948	D_GermanShepherd4_Hist_1948		
LS0175	1050631		Canis	familiaris	bone	petrous	GermanShepherd	GermanShepherd5		Switzerland			Hist_1934	1934					European_Dogs							3.56	93.43			/dss/dssfs02/pn29qe/pn29qe-dss-0000/ancient_dogs_bam/bams2023/LS0175/LS0175_rmdup.bam					Lachie unpublished historic breed data		LS0175	D	GermanShepherd5	Hist_1934	D_GermanShepherd5_Hist_1934		
LS0177	1050652		Canis	familiaris	bone	petrous	GermanShepherd	GermanShepherd6		Switzerland			Hist_1960	1960					European_Dogs							3.84	94.14			/dss/dssfs02/pn29qe/pn29qe-dss-0000/ancient_dogs_bam/bams2023/LS0177/LS0177_rmdup.bam					Lachie unpublished historic breed data		LS0177	D	GermanShepherd6	Hist_1960	D_GermanShepherd6_Hist_1960		
LS0180	1050690		Canis	familiaris	bone	petrous	GermanShepherd	GermanShepherd7		Switzerland			Hist_1993	1993					European_Dogs							3.4	86.88			/dss/dssfs02/pn29qe/pn29qe-dss-0000/ancient_dogs_bam/bams2023/LS0180/LS0180_rmdup.bam					Lachie unpublished historic breed data		LS0180	D	GermanShepherd7	Hist_1993	D_GermanShepherd7_Hist_1993		
LS0182	1050089		Canis	familiaris	bone	petrous	StBernard	StBernard3		Switzerland			Hist_1937	1937					European_Dogs							1.98	73			/dss/dssfs02/pn29qe/pn29qe-dss-0000/ancient_dogs_bam/bams2023/LS0182/LS0182_rmdup.bam					Lachie unpublished historic breed data		LS0182	D	StBernard3	Hist_1937	D_StBernard3_Hist_1937		
LS0184	1050098		Canis	familiaris	bone	petrous	StBernard	StBernard4		Switzerland			Hist_1946	1946					European_Dogs							0.72	16.27			/dss/dssfs02/pn29qe/pn29qe-dss-0000/ancient_dogs_bam/bams2023/LS0184/LS0184_rmdup.bam					Lachie unpublished historic breed data		LS0184	D	StBernard4	Hist_1946	D_StBernard4_Hist_1946		
LS0186	1050124		Canis	familiaris	bone	petrous	StBernard	StBernard5		Switzerland			Hist_1983	1983					European_Dogs							5.41	96.11			/dss/dssfs02/pn29qe/pn29qe-dss-0000/ancient_dogs_bam/bams2023/LS0186/LS0186_rmdup.bam					Lachie unpublished historic breed data		LS0186	D	StBernard5	Hist_1983	D_StBernard5_Hist_1983		
LS0193	1050620		Canis	familiaris	bone	petrous	GermanShepherd	GermanShepherd8		Switzerland			Hist_1884	1884					European_Dogs							3.59	93.86			/dss/dssfs02/pn29qe/pn29qe-dss-0000/ancient_dogs_bam/bams2023/LS0193a/LS0193a_rmdup.bam					Lachie unpublished historic breed data		LS0193	D	GermanShepherd8	Hist_1884	D_GermanShepherd8_Hist_1884		
LS0194	1050628		Canis	familiaris	bone	petrous	GermanShepherd	GermanShepherd9		Switzerland			Hist_1906	1906					European_Dogs							4.32	96.39			/dss/dssfs02/pn29qe/pn29qe-dss-0000/ancient_dogs_bam/bams2023/LS0194a/LS0194a_rmdup.bam					Lachie unpublished historic breed data		LS0194	D	GermanShepherd9	Hist_1906	D_GermanShepherd9_Hist_1906		
LS0195	1050679		Canis	familiaris	bone	petrous	GermanShepherd	GermanShepherd10		Switzerland			Hist_1983	1983					European_Dogs							5.48	97.56			/dss/dssfs02/pn29qe/pn29qe-dss-0000/ancient_dogs_bam/bams2023/LS0195/LS0195_rmdup.bam					Lachie unpublished historic breed data		LS0195	D	GermanShepherd10	Hist_1983	D_GermanShepherd10_Hist_1983		
LS0196	1050061		Canis	familiaris	bone	petrous	StBernard	StBernard6		Switzerland			Hist_1881	1881					European_Dogs							5	97.79			/dss/dssfs02/pn29qe/pn29qe-dss-0000/ancient_dogs_bam/bams2023/LS0196/LS0196_rmdup.bam					Lachie unpublished historic breed data		LS0196	D	StBernard6	Hist_1881	D_StBernard6_Hist_1881		
LS0197	1050037		Canis	familiaris	bone	petrous	StBernard	StBernard7		Switzerland			Hist_1889	1889					European_Dogs							4.81	97.21			/dss/dssfs02/pn29qe/pn29qe-dss-0000/ancient_dogs_bam/bams2023/LS0197/LS0197_rmdup.bam					Lachie unpublished historic breed data		LS0197	D	StBernard7	Hist_1889	D_StBernard7_Hist_1889		
LS0199	1050034		Canis	familiaris	bone	petrous	StBernard	StBernard8		Switzerland			Hist_1894	1894					European_Dogs							6.03	98.38			/dss/dssfs02/pn29qe/pn29qe-dss-0000/ancient_dogs_bam/bams2023/LS0199/LS0199_rmdup.bam					Lachie unpublished historic breed data		LS0199	D	StBernard8	Hist_1894	D_StBernard8_Hist_1894		
LS0200	1050113		Canis	familiaris	bone	petrous	StBernard	StBernard9		Switzerland			Hist_1962	1962					European_Dogs							1.29	58.18			/dss/dssfs02/pn29qe/pn29qe-dss-0000/ancient_dogs_bam/bams2023/LS0200/LS0200_rmdup.bam					Lachie unpublished historic breed data		LS0200	D	StBernard9	Hist_1962	D_StBernard9_Hist_1962		
LS0201	1050116		Canis	familiaris	bone	petrous	StBernard	StBernard10		Switzerland			Hist_1970	1970					European_Dogs							1.99	78.57			/dss/dssfs02/pn29qe/pn29qe-dss-0000/ancient_dogs_bam/bams2023/LS0201a/LS0201a_rmdup.bam					Lachie unpublished historic breed data		LS0201	D	StBernard10	Hist_1970	D_StBernard10_Hist_1970		
LS0203	1051837		Canis	familiaris	bone	petrous	Dachshund	Dachshund1		Switzerland			Hist_1889	1889					European_Dogs							1.2	67.73			/dss/dssfs02/pn29qe/pn29qe-dss-0000/ancient_dogs_bam/bams2023/LS0203a/LS0203a_rmdup.bam					Lachie unpublished historic breed data		LS0203	D	Dachshund1	Hist_1889	D_Dachshund1_Hist_1889		
LS0206	1052100		Canis	familiaris	bone	petrous	TibetanMastiff	TibetanMastiff1		Switzerland			Hist_1904	1904					East_Asian_Dogs							1.77	72.92			/dss/dssfs02/pn29qe/pn29qe-dss-0000/ancient_dogs_bam/bams2023/LS0206/LS0206_rmdup.bam					Lachie unpublished historic breed data		LS0206	D	TibetanMastiff1	Hist_1904	D_TibetanMastiff1_Hist_1904		
LS0243	1845.12.29.14		Canis	familiaris	bone	petrous	StBernard	StBernard11		Switzerland			Hist_1845	1845					European_Dogs							1.16	55.33			/dss/dssfs02/pn29qe/pn29qe-dss-0000/ancient_dogs_bam/bams2023/LS0243/LS0243_rmdup.bam					Lachie unpublished historic breed data		LS0243	D	StBernard11	Hist_1845	D_StBernard11_Hist_1845		
LS0247	1855.12.26.180 (166JJ)		Canis	familiaris	bone	petrous	TibetanMastiff	TibetanMastiff2		Tibet			Hist_1845	1845					East_Asian_Dogs							0.67	42.92			/dss/dssfs02/pn29qe/pn29qe-dss-0000/ancient_dogs_bam/bams2023/LS0247a/LS0247a_rmdup.bam					Lachie unpublished historic breed data		LS0247	D	TibetanMastiff2	Hist_1845	D_TibetanMastiff2_Hist_1845		
AL2022_Turkey	AL2022		Canis	familiaris	Bone	Skull	Marmara	Marmara1	Marmara region	Turkey	41.01	28.93	1565	1565			#N/A		African_NearEast_India_Dogs	A	M		2.6			2.84	90.83		/dss/dssfs03/pn29bi/pn29bi-dss-0002/canids_bam/ancient/AL2022_Turkey_rmdup.bam	/dss/dssfs02/pn29qe/pn29qe-dss-0000/ancient_dogs_bam/Bergstrom2020/AL2022_Turkey_rmdup.bam		Bergstrom2020	AL2022_Turkey_rmdup.bam		Bergström et al. (2020) 'Origins and genetic legacy of prehistoric dogs', Science, 370: 557-564		AL2022_Turkey	D	Marmara1	1565	D_Marmara1_1565	Dogs	African_NearEast_India_Dogs
SC1081	SUB-37	OL4340	Canis	familiaris	Bone	Petrous	Suberde	Suberde1	Suberde	Turkey			9000						African_NearEast_India_Dogs							0.01	0.86			/dss/dssfs02/pn29qe/pn29qe-dss-0000/ancient_dogs_bam/Unpub_Oxford/SC1081_rmdup.bam		Unpub_Oxford	SC1081_rmdup.bam		Sophy unpublished data		SC1081	D	Suberde1	9000	D_Suberde1_9000	Dogs	African_NearEast_India_Dogs
LS0222	1972.884 (D115)		Canis	familiaris	bone	petrous	Dalmatian	Dalmatian1		United Kingdom			Hist_1909	1909					European_Dogs							1.87	82.09			/dss/dssfs02/pn29qe/pn29qe-dss-0000/ancient_dogs_bam/bams2023/LS0222a/LS0222a_rmdup.bam					Lachie unpublished historic breed data		LS0222	D	Dalmatian1	Hist_1909	D_Dalmatian1_Hist_1909		
LS0234	1952.4.7.9		Canis	familiaris	bone	petrous	Samoyed	Samoyed2		United Kingdom			Hist_1926	1926					Arctic_Dogs							1.13	50.27			/dss/dssfs02/pn29qe/pn29qe-dss-0000/ancient_dogs_bam/bams2023/LS0234/LS0234_rmdup.bam					Lachie unpublished historic breed data		LS0234	D	Samoyed2	Hist_1926	D_Samoyed2_Hist_1926		
LS0236	1980.2533 (D71)		Canis	familiaris	bone	petrous	KingCharlesSpaniel	KingCharlesSpaniel1		United Kingdom			Hist_1904	1904					European_Dogs							1.98	83.58			/dss/dssfs02/pn29qe/pn29qe-dss-0000/ancient_dogs_bam/bams2023/LS0236/LS0236_rmdup.bam					Lachie unpublished historic breed data		LS0236	D	KingCharlesSpaniel1	Hist_1904	D_KingCharlesSpaniel1_Hist_1904		
LS0239	1980.2507 (D59)		Canis	familiaris	bone	petrous	Borzoi	Borzoi1		United Kingdom			Hist_1903	1903					European_Dogs							2.02	83.06			/dss/dssfs02/pn29qe/pn29qe-dss-0000/ancient_dogs_bam/bams2023/LS0239/LS0239_rmdup.bam					Lachie unpublished historic breed data		LS0239	D	Borzoi1	Hist_1903	D_Borzoi1_Hist_1903		
LS0241	D30		Canis	familiaris	bone	petrous	IrishWolfhound	IrishWolfhound1		United Kingdom			Hist_1902	1902					European_Dogs							1.5	74.19			/dss/dssfs02/pn29qe/pn29qe-dss-0000/ancient_dogs_bam/bams2023/LS0241a/LS0241a_rmdup.bam					Lachie unpublished historic breed data		LS0241	D	IrishWolfhound1	Hist_1902	D_IrishWolfhound1_Hist_1902		
LS0245	D.94		Canis	familiaris	bone	petrous	EnglishBulldog	EnglishBulldog1		United Kingdom			Hist_1907	1907					European_Dogs							2.51	55.16			/dss/dssfs02/pn29qe/pn29qe-dss-0000/ancient_dogs_bam/bams2023/LS0245a/LS0245a_rmdup.bam					Lachie unpublished historic breed data		LS0245	D	EnglishBulldog1	Hist_1907	D_EnglishBulldog1_Hist_1907		
LS0246	1888.1.30.1		Canis	familiaris	bone	petrous	EnglishMastiff	EnglishMastiff1		United Kingdom			Hist_1888	1888					European_Dogs							1.77	67.04			/dss/dssfs02/pn29qe/pn29qe-dss-0000/ancient_dogs_bam/bams2023/LS0246a/LS0246a_rmdup.bam					Lachie unpublished historic breed data		LS0246	D	EnglishMastiff1	Hist_1888	D_EnglishMastiff1_Hist_1888		
LS0065	TL-TC		Canis	familiaris	tooth root	upper P4	TwinkleCave	TwinkleCave1	Langcliffe, Craven District, North Yorkshire	United Kingdom	54.084275	-2.2399562	523	523 calBP	549	518			European_Dogs							1.63	76.21			/dss/dssfs02/pn29qe/pn29qe-dss-0000/ancient_dogs_bam/bams2023/LS0065a/LS0065a_rmdup.bam					Lachie unpublished UK canid data		LS0065	D	TwinkleCave1	523	D_TwinkleCave1_523		
LS0084	UoN_ES81_155_10		Canis	familiaris	tooth root	canine	WitterPlace	WitterPlace1	Chester	United Kingdom	53.19	-2.88	200		250	150		18th-19th century	European_Dogs							1.04	59.38			/dss/dssfs02/pn29qe/pn29qe-dss-0000/ancient_dogs_bam/bams2023/LS0084/LS0084_rmdup.bam					Lachie unpublished UK canid data		LS0084	D	WitterPlace1	200	D_WitterPlace1_200		
LS0109	UoN_ES81_772_5		Canis	familiaris	bone	mandible	WitterPlace	WitterPlace2	Chester	United Kingdom	53.19	-2.88	200		250	150		18th-19th century	European_Dogs							2.17	85.95			/dss/dssfs02/pn29qe/pn29qe-dss-0000/ancient_dogs_bam/bams2023/LS0109a/LS0109a_rmdup.bam					Lachie unpublished UK canid data		LS0109	D	WitterPlace2	200	D_WitterPlace2_200		
LS0112	UoN_ES81_418		Canis	familiaris	tooth root	canine	WitterPlace	WitterPlace3	Chester	United Kingdom	53.19	-2.88	200		250	150		18th-19th century	European_Dogs							1.49	73.56			/dss/dssfs02/pn29qe/pn29qe-dss-0000/ancient_dogs_bam/bams2023/LS0112/LS0112_rmdup.bam					Lachie unpublished UK canid data		LS0112	D	WitterPlace3	200	D_WitterPlace3_200		
LS0227	1969.547.52		Canis	familiaris	bone	petrous	Silchester	Silchester1	Hants	United Kingdom			Roman						European_Dogs							0.04	3.33			/dss/dssfs02/pn29qe/pn29qe-dss-0000/ancient_dogs_bam/bams2023/LS0227_A2/LS0227_A2_rmdup.bam					Lachie unpublished UK canid data		LS0227	D	Silchester1	Roman	D_Silchester1_Roman		
LS0228	1969.676.AA		Canis	familiaris	bone	petrous	Thertfold	Thertfold1	Norfolk	United Kingdom			Roman						European_Dogs							1.06	62			/dss/dssfs02/pn29qe/pn29qe-dss-0000/ancient_dogs_bam/bams2023/LS0228/LS0228_rmdup.bam					Lachie unpublished UK canid data		LS0228	D	Thertfold1	Roman	D_Thertfold1_Roman		
LS0229	1981.5		Canis	familiaris	bone	petrous	AstonParish	AstonParish1	Herts	United Kingdom			Roman						European_Dogs							1.37	72.51			/dss/dssfs02/pn29qe/pn29qe-dss-0000/ancient_dogs_bam/bams2023/LS0229a/LS0229a_rmdup.bam					Lachie unpublished UK canid data		LS0229	D	AstonParish1	Roman	D_AstonParish1_Roman		
LS0230	1988.248		Canis	familiaris	bone	petrous	LowerFillingtonWood	LowerFillingtonWood1	West Wycombe, Bucks	United Kingdom			Medieval						European_Dogs							0.04	2.65			/dss/dssfs02/pn29qe/pn29qe-dss-0000/ancient_dogs_bam/bams2023/LS0230_A2/LS0230_A2_rmdup.bam					Lachie unpublished UK canid data		LS0230	D	LowerFillingtonWood1	Medieval	D_LowerFillingtonWood1_Medieval		
AL2893	TL_RC_08		Canis	lupus			RawtheyCave	RawtheyCave1	Rawthey Cave	United Kingdom	54.370429	-2.4340264	NA	Unknown					Western_Eurasian_Wolves							0.59	43.39		/dss/dssfs03/pn29bi/pn29bi-dss-0002/canids_bam/ancient_rehead/AL2893.bam	/dss/dssfs02/pn29qe/pn29qe-dss-0000/ancient_dogs_bam/Unpub_Oxford/AL2893.bam		Unpub_Oxford	AL2893.bam		Oxford unpublished data		AL2893	W	RawtheyCave1	NA	W_RawtheyCave1_NA	Western_Eurasian_Wolves	Wolves
SC1224	BAK99_341_A		Canis	familiaris	tooth root	m1	RiversideHouse	RiversideHouse1	Riverside House, Bear Gardens, Bear Gardens, London	United Kingdom	51.507772	-0.095779	350		450	250			European_Dogs							0.77	50.79			/dss/dssfs02/pn29qe/pn29qe-dss-0000/ancient_dogs_bam/bams2023/SC1224_L1_A2/SC1224_L1_A2_rmdup.bam		Sophy unpublished data			Sophy unpublished Shakespearean data		SC1224	D	RiversideHouse1	350	D_RiversideHouse1_350		
SC1230	NGW00_63_A		Canis	familiaris	tooth root	m1	RiversideHouse	RiversideHouse2	Riverside House, Bear Gardens, Bear Gardens, London	United Kingdom	51.507937	-0.096348	350		450	250			European_Dogs							1.18	64.38			/dss/dssfs02/pn29qe/pn29qe-dss-0000/ancient_dogs_bam/bams2023/SC1230_L1_A1/SC1230_L1_A1_rmdup.bam		Sophy unpublished data			Sophy unpublished Shakespearean data		SC1230	D	RiversideHouse2	350	D_RiversideHouse2_350		
SC1233	NGW00_63_D		Canis	familiaris	tooth root	m1	RiversideHouse	RiversideHouse3	Riverside House, Bear Gardens, Bear Gardens, London	United Kingdom	51.507937	-0.096348	350		450	250			European_Dogs							0.15	9.17			/dss/dssfs02/pn29qe/pn29qe-dss-0000/ancient_dogs_bam/bams2023/SC1233a/SC1233a_rmdup.bam		Sophy unpublished data			Sophy unpublished Shakespearean data		SC1233	D	RiversideHouse3	350	D_RiversideHouse3_350		
SC1237	EWH08_30_B		Canis	familiaris	tooth root	m1	EmpireWarehouse	EmpireWarehouse1	EmpireWarehouse, London	United Kingdom			350		450	250			European_Dogs							1.72	78.1			/dss/dssfs02/pn29qe/pn29qe-dss-0000/ancient_dogs_bam/bams2023/SC1237_L1_A2/SC1237_L1_A2_rmdup.bam		Sophy unpublished data			Sophy unpublished Shakespearean data		SC1237	D	EmpireWarehouse1	350	D_EmpireWarehouse1_350		
SC1240	SBH88_428_166		Canis	familiaris	tooth root	p3	TheRose	TheRose1	The Rose, London	United Kingdom			350		450	250			European_Dogs							0.45	29.3			/dss/dssfs02/pn29qe/pn29qe-dss-0000/ancient_dogs_bam/bams2023/SC1240a/SC1240a_rmdup.bam		Sophy unpublished data			Sophy unpublished Shakespearean data		SC1240	D	TheRose1	350	D_TheRose1_350		
SC1275	EWH08_19		Canis	familiaris	tooth root	p3	EmpireWarehouse	EmpireWarehouse2	EmpireWarehouse, London	United Kingdom			350		450	250			European_Dogs							0.88	55.42			/dss/dssfs02/pn29qe/pn29qe-dss-0000/ancient_dogs_bam/bams2023/SC1275a/SC1275a_rmdup.bam		Sophy unpublished data			Sophy unpublished Shakespearean data		SC1275	D	EmpireWarehouse2	350	D_EmpireWarehouse2_350		
BD_6909			Canis	rufus	skull,tooth		Delaware	Delaware1	Delaware (allegedly)	USA			300						Red_Eastern_Wolves							8.72	99.04		/dss/dssfs03/pn29bi/pn29bi-dss-0002/canids_bam/ancient/BD_6909_final_ch.bam	/dss/dssfs02/pn29qe/pn29qe-dss-0000/ancient_dogs_bam/Unpub_redwolf/BD_6909_final_ch.bam		Unpub_redwolf	BD_6909_final_ch.bam	Native American arctifact (wolf pouch), Skokloster collection	Alberto unpublished data		BD_6909	R	Delaware1	300	R_Delaware1_300	Red_Eastern_Wolves	Wolves
MCZ_25374	SL404504	MCZ-25374	Canis	rufus gregoryi	skin; skull		Arkansas	Arkansas1	Arkansas	USA			95	22/12/1924					Red_Eastern_Wolves				1.2			1.92	50.73		/dss/dssfs03/pn29bi/pn29bi-dss-0002/canids_bam/ancient/MCZ_25374.final.bam	/dss/dssfs02/pn29qe/pn29qe-dss-0000/ancient_dogs_bam/Unpub_redwolf/MCZ_25374_reheader.bam		Unpub_redwolf	MCZ_25374_reheader.bam		Alberto unpublished data		MCZ_25374	R	Arkansas1	95	R_Arkansas1_95	Red_Eastern_Wolves	Wolves
MCZ-BOM-11183	SL404508	MCZ_BOM	Canis	lupus nubilus	skin; skull		FortKearny	FortKearny1	USA, Nebraska, Fort Kearny	USA			NA	?	prior 1940				North_American_Wolves				20.3			27.28	98.74		/dss/dssfs03/pn29bi/pn29bi-dss-0002/canids_bam/ancient/MCZ_BOM_11183.final.bam	/dss/dssfs02/pn29qe/pn29qe-dss-0000/ancient_dogs_bam/Unpub_redwolf/MCZ_BOM_11183_reheader.bam		Unpub_redwolf	MCZ_BOM_11183_reheader.bam		Alberto unpublished data		MCZ_BOM	W	FortKearny1	NA	W_FortKearny1_NA	North_American_Wolves	Wolves
MCZ-21531_extr_21			Canis	rufus gregoryi	Bone	Cranium	PoplarBluff	PoplarBluff1	Missouri, Poplar Bluff	USA			NA	?	prior 1940				Red_Eastern_Wolves		F		5.03			4.99	97.45			/dss/dssfs02/pn29qe/pn29qe-dss-0000/ancient_dogs_bam/Cate_BAMs/MCZ-21531_extr_21.bam		Cate_BAMs	MCZ-21531_extr_21.bam		Alberto unpublished data		MCZ-21531_extr_21	R	PoplarBluff1	NA	R_PoplarBluff1_NA	Red_Eastern_Wolves	Wolves
MCZ-25373_extr_21			Canis	rufus gregoryi	Tooth		Arkansas	Arkansas2	Arkansas	USA			90	1928 AD					Red_Eastern_Wolves				4.38			3.43	85.75			/dss/dssfs02/pn29qe/pn29qe-dss-0000/ancient_dogs_bam/Cate_BAMs/MCZ-25373_extr_21.bam		Cate_BAMs	MCZ-25373_extr_21.bam		Alberto unpublished data		MCZ-25373_extr_21	R	Arkansas2	90	R_Arkansas2_90	Red_Eastern_Wolves	Wolves
MCZ-BOM-66_extr_21			Canis	lupus nubilus	Bone	Mandible	Kansas	Kansas1	northwestern Kansas	USA			150	1872 AD					North_American_Wolves				1			0.99	60.79			/dss/dssfs02/pn29qe/pn29qe-dss-0000/ancient_dogs_bam/Cate_BAMs/MCZ-BOM-66_extr_21.bam		Cate_BAMs	MCZ-BOM-66_extr_21.bam		Alberto unpublished data		MCZ-BOM-66_extr_21	W	Kansas1	150	W_Kansas1_150	North_American_Wolves	Wolves
NMNH_137125	SL404569	NMNH-137125	Canis	rufus gregoryi	Bone	Skull	Louisiana	Louisiana1	Louisiana	USA			115	01/02/1905					Red_Eastern_Wolves		M		3.8			7.2	90.18		/dss/dssfs03/pn29bi/pn29bi-dss-0002/canids_bam/ancient/NMNH_137125.final.bam	/dss/dssfs02/pn29qe/pn29qe-dss-0000/ancient_dogs_bam/Unpub_redwolf/NMNH_137125_reheader.bam		Unpub_redwolf	NMNH_137125_reheader.bam		Alberto unpublished data		NMNH_137125	R	Louisiana1	115	R_Louisiana1_115	Red_Eastern_Wolves	Wolves
NMNH_223936	SL404536	NMNH-223936 (extr. A)	Canis	rufus floridanus	skin; skull		Alabama	Alabama1	Alabama	USA			100	24/03/1917					Red_Eastern_Wolves		M		7.8			13.57	97.54		/dss/dssfs03/pn29bi/pn29bi-dss-0002/canids_bam/ancient/NMNH_223936.final.bam	/dss/dssfs02/pn29qe/pn29qe-dss-0000/ancient_dogs_bam/Unpub_redwolf/NMNH_223936_reheader.bam		Unpub_redwolf	NMNH_223936_reheader.bam		Alberto unpublished data		NMNH_223936	R	Alabama1	100	R_Alabama1_100	Red_Eastern_Wolves	Wolves
NMNH_224185	SL404547	NMNH-224185 (extr. A)	Canis	rufus rufus	skin; skull		Texas	Texas1	Texas	USA			105	20/12/1916					Red_Eastern_Wolves		M		8.5			12.5	99.16		/dss/dssfs03/pn29bi/pn29bi-dss-0002/canids_bam/ancient/NMNH_224185.final.bam	/dss/dssfs02/pn29qe/pn29qe-dss-0000/ancient_dogs_bam/Unpub_redwolf/NMNH_224185_reheader.bam		Unpub_redwolf	NMNH_224185_reheader.bam		Alberto unpublished data		NMNH_224185	R	Texas1	105	R_Texas1_105	Red_Eastern_Wolves	Wolves
NMNH_234427	SL404573	NMNH-234427	Canis	rufus gregoryi	skin; skull		Oklahoma	Oklahoma1	Oklahoma	USA			100	22/06/1919					Red_Eastern_Wolves		M		2.5			3.33	90.12		/dss/dssfs03/pn29bi/pn29bi-dss-0002/canids_bam/ancient/NMNH_234427.final.bam	/dss/dssfs02/pn29qe/pn29qe-dss-0000/ancient_dogs_bam/Unpub_redwolf/NMNH_234427_reheader.bam		Unpub_redwolf	NMNH_234427_reheader.bam		Alberto unpublished data		NMNH_234427	R	Oklahoma1	100	R_Oklahoma1_100	Red_Eastern_Wolves	Wolves
NMNH_52057	SL404503	NMNH-52057 (extr. A)	Canis	lupus nubilus	skin; skull		Colorado	Colorado1	Colorado	USA			140	03/1893					North_American_Wolves		M		0.6			0.77	42.52		/dss/dssfs03/pn29bi/pn29bi-dss-0002/canids_bam/ancient/NMNH_52057.final.bam	/dss/dssfs02/pn29qe/pn29qe-dss-0000/ancient_dogs_bam/Unpub_redwolf/NMNH_52057_reheader.bam		Unpub_redwolf	NMNH_52057_reheader.bam		Alberto unpublished data		NMNH_52057	W	Colorado1	140	W_Colorado1_140	North_American_Wolves	Wolves
NMNH_64968	SL404514	NMNH-64968 (extr. A)	Canis	latrans	Bone	Skull	Wyoming	Wyoming1	Wyoming	USA			125	3 Mar 1894					Coyotes		F		0.6			1.04	37.47		/dss/dssfs03/pn29bi/pn29bi-dss-0002/canids_bam/ancient/NMNH_64968.final.bam	/dss/dssfs02/pn29qe/pn29qe-dss-0000/ancient_dogs_bam/Unpub_redwolf/NMNH_64968_reheader.bam		Unpub_redwolf	NMNH_64968_reheader.bam		Alberto unpublished data		NMNH_64968	C	Wyoming1	125	C_Wyoming1_125	Coyotes	Coyotes
Youngi_33389			Canis	lupus baileyi			Baileyi	Baileyi1		USA			NA						North_American_Wolves							4.43	26.9		/dss/dssfs03/pn29bi/pn29bi-dss-0002/canids_bam/ancient/Youngi_33389.final.bam	/dss/dssfs02/pn29qe/pn29qe-dss-0000/ancient_dogs_bam/Unpub_redwolf/Youngi_33389.final_chr.bam		Unpub_redwolf	Youngi_33389.final_chr.bam		Alberto unpublished data		Youngi_33389	W	Baileyi1	NA	W_Baileyi1_NA	North_American_Wolves	Wolves
YPM-9664-A	SL404509		Canis	rufus rufus	Skin	Skull	SanAntonio	SanAntonio1	TX, Bexar Co, San Antonio	USA			80	prior 1940					Red_Eastern_Wolves		M		3.4			4.3	95.59		/dss/dssfs03/pn29bi/pn29bi-dss-0002/canids_bam/ancient/YPM_9664_A.final.bam	/dss/dssfs02/pn29qe/pn29qe-dss-0000/ancient_dogs_bam/Unpub_redwolf/YPM_9664_A_reheader.bam		Unpub_redwolf	YPM_9664_A_reheader.bam		Alberto unpublished data		YPM_9664	R	SanAntonio1	80	R_SanAntonio1_80	Red_Eastern_Wolves	Wolves
CANIS-ALAS-024	UAM:ES:4413		Canis	lupus			LillianCreek	LillianCreek1	Lillian Creek, 48 miles East of Rampart, Alaska	USA	65.51	-148.57	82674	82674					Pleistocene_Wolves		M		1.04			1.24	69.11		/dss/dssfs03/pn29bi/pn29bi-dss-0002/canids_bam/ancient/ALAS_024.bam	/dss/dssfs02/pn29qe/pn29qe-dss-0000/ancient_dogs_bam/Unpub_AB_wolf/ALAS_024.bam		Unpub_AB_wolf	ALAS_024.bam		Bergström et al. (2022) 'Grey wolf genomic history reveals a dual ancestry of dogs', Nature, 607: 313-320		CANIS-ALAS-024	W	LillianCreek1	82674	W_LillianCreek1_82674	Pleistocene_Wolves	Wolves
DS-CANIS-ALAS-0016	UAM:ES:30193		Canis	lupus			Titaluk	Titaluk1	Titaluk River, North Slope, Alaska	USA	69.72	-155.26	15542	15542	15767	15317			Pleistocene_Wolves		F		2.94			3.28	92.4		/dss/dssfs03/pn29bi/pn29bi-dss-0002/canids_bam/ancient/ALAS_016.bam	/dss/dssfs02/pn29qe/pn29qe-dss-0000/ancient_dogs_bam/Unpub_AB_wolf/ALAS_016.bam		Unpub_AB_wolf	ALAS_016.bam		Bergström et al. (2022) 'Grey wolf genomic history reveals a dual ancestry of dogs', Nature, 607: 313-320		DS-CANIS-ALAS-0016	W	Titaluk1	15542	W_Titaluk1_15542	Pleistocene_Wolves	Wolves
JAL385	AMNH FM 97079		Canis	lupus			Fairbanks	Fairbanks1	Fairbanks, Alaska	USA	67.41	-150.11	37616	37616					Pleistocene_Wolves		M		4.82			3.94	96.59		/dss/dssfs03/pn29bi/pn29bi-dss-0002/canids_bam/ancient/JAL385.bam	/dss/dssfs02/pn29qe/pn29qe-dss-0000/ancient_dogs_bam/Unpub_AB_wolf/JAL385_reheader.bam		Unpub_AB_wolf	JAL385_reheader.bam		Bergström et al. (2022) 'Grey wolf genomic history reveals a dual ancestry of dogs', Nature, 607: 313-320		JAL385	W	Fairbanks1	37616	W_Fairbanks1_37616	Pleistocene_Wolves	Wolves
JAL48	AMNH FM 30438		Canis	lupus			Fairbanks	Fairbanks2	Fairbanks, Alaska	USA	64.95	-147.63	89816	89816					Pleistocene_Wolves		M		1.46			1.1	65.09		/dss/dssfs03/pn29bi/pn29bi-dss-0002/canids_bam/ancient/JAL48.bam	/dss/dssfs02/pn29qe/pn29qe-dss-0000/ancient_dogs_bam/Unpub_AB_wolf/JAL48_reheader.bam		Unpub_AB_wolf	JAL48_reheader.bam		Bergström et al. (2022) 'Grey wolf genomic history reveals a dual ancestry of dogs', Nature, 607: 313-320		JAL48	W	Fairbanks2	89816	W_Fairbanks2_89816	Pleistocene_Wolves	Wolves
JAL65	AMNH FM 70946		Canis	lupus			Fairbanks	Fairbanks3	Fairbanks, Alaska	USA	64.85	-147.94	93602	93602					Pleistocene_Wolves		F		0.68			0.41	32.87		/dss/dssfs03/pn29bi/pn29bi-dss-0002/canids_bam/ancient/JAL65.bam	/dss/dssfs02/pn29qe/pn29qe-dss-0000/ancient_dogs_bam/Unpub_AB_wolf/JAL65_reheader.bam		Unpub_AB_wolf	JAL65_reheader.bam		Bergström et al. (2022) 'Grey wolf genomic history reveals a dual ancestry of dogs', Nature, 607: 313-320		JAL65	W	Fairbanks3	93602	W_Fairbanks3_93602	Pleistocene_Wolves	Wolves
JAL69	AMNH FM 67250		Canis	lupus			Fairbanks	Fairbanks4	Fairbanks, Alaska	USA	64.86	-147.98	37604	37604					Pleistocene_Wolves		M		1.28			1.37	66.64		/dss/dssfs03/pn29bi/pn29bi-dss-0002/canids_bam/ancient/JAL69.bam	/dss/dssfs02/pn29qe/pn29qe-dss-0000/ancient_dogs_bam/Unpub_AB_wolf/JAL69_reheader.bam		Unpub_AB_wolf	JAL69_reheader.bam		Bergström et al. (2022) 'Grey wolf genomic history reveals a dual ancestry of dogs', Nature, 607: 313-320		JAL69	W	Fairbanks4	37604	W_Fairbanks4_37604	Pleistocene_Wolves	Wolves
AL2135	ISM_F2256A	NZA37136	Canis	familiaris			Koster	Koster1	Koster, Illinois	USA	39.21	-90.55	9895	9895	10110	9680	PRJEB22026		preContact_Dogs		F		0.01			0.01	0.69		/dss/dssfs03/pn29bi/pn29bi-dss-0002/canids_bam/ancient_rehead/AL2135_rmdup.bam	/dss/dssfs02/pn29qe/pn29qe-dss-0000/ancient_dogs_bam/Pub_before_2020/AL2135_rmdup.bam		Pub_before_2020	AL2135_rmdup.bam		Leathlobhair et al. (2018) 'The evolutionary history of dogs in the Americas', Science, 361: 81-85		AL2135	D	Koster1	9895	D_Koster1_9895	Dogs	preContact_Dogs
AL3223	DBU2-LM1		Canis	familiaris			Weyanoke	Weyanoke1	Weyanoke Old Town, Virginia (the Hatch site)	USA	37.29	-77.07	960	960	985	935	PRJEB22026		preContact_Dogs	A	F		0.45			0.49	37.4		/dss/dssfs03/pn29bi/pn29bi-dss-0002/canids_bam/ancient_rehead/AL3223_Weyanoke_rmdup.bam	/dss/dssfs02/pn29qe/pn29qe-dss-0000/ancient_dogs_bam/Pub_before_2020/AL3223_Weyanoke_rmdup.bam		Pub_before_2020	AL3223_Weyanoke_rmdup.bam		Leathlobhair et al. (2018) 'The evolutionary history of dogs in the Americas', Science, 361: 81-85		AL3223	D	Weyanoke1	960	D_Weyanoke1_960	Dogs	preContact_Dogs
ANH5	48N0201-7536		Canis	familiaris			AgateBasin	AgateBasin1	Agate Basin, Wyoming	USA			11000						preContact_Dogs							1.24	21.03		/dss/dssfs03/pn29bi/pn29bi-dss-0002/canids_bam/ancient/ANH5_rmdup.bam	/dss/dssfs02/pn29qe/pn29qe-dss-0000/ancient_dogs_bam/Unpub_Oxford/ANH5_rmdup.bam		Unpub_Oxford	ANH5_rmdup.bam		Oxford-NIH unpublished data		ANH5	D	AgateBasin1	11000	D_AgateBasin1_11000	Dogs	preContact_Dogs
AJ67_A2			Canis	lupus			Laramie	Laramie1	Laramie	USA			300	300					North_American_Wolves				0.77			0.78	52.17		/dss/dssfs03/pn29bi/pn29bi-dss-0002/canids_bam/ancient/AJ67.rmdup.chrnmd.bam	/dss/dssfs02/pn29qe/pn29qe-dss-0000/ancient_dogs_bam/Unpub_redwolf/AJ67.rmdup.chrnmd.bam		Unpub_redwolf	AJ67.rmdup.chrnmd.bam		Oxford/Sophy unpublished data	N	AJ67	W	Laramie1	300	W_Laramie1_300	North_American_Wolves	Wolves
AL2792_A2	12014.41.18		Canis	familiaris			Nunalleq	Nunalleq1	Nunalleq	USA	59.4512	-161.541	500	c.1500 AD					Arctic_Dogs				0.97			0.99	61.08		/dss/dssfs03/pn29bi/pn29bi-dss-0002/canids_bam/ancient/AL2792.rmdup.chrnmd.bam	/dss/dssfs02/pn29qe/pn29qe-dss-0000/ancient_dogs_bam/Unpub_Sophy/AL2792.rmdup.chrnmd.bam		Unpub_Sophy	AL2792.rmdup.chrnmd.bam		Sophy unpublished data		AL2792	D	Nunalleq1	500	D_Nunalleq1_500	Dogs	Arctic_Dogs
AL2797_A2	12012.30.4		Canis	lupus			Nunalleq	Nunalleq2	Nunalleq	USA	59.4512	-161.541	500	c.1500 AD					North_American_Wolves				1.56			1.56	75.58		/dss/dssfs03/pn29bi/pn29bi-dss-0002/canids_bam/ancient/AL2797.rmdup.chrnmd.bam	/dss/dssfs02/pn29qe/pn29qe-dss-0000/ancient_dogs_bam/Unpub_Sophy/AL2797.rmdup.chrnmd.bam		Unpub_Sophy	AL2797.rmdup.chrnmd.bam	Should be more data avail	Sophy unpublished data		AL2797	W	Nunalleq2	500	W_Nunalleq2_500	North_American_Wolves	Wolves
AL2838_A2	LA2292/2004-345:1		Canis	latrans			PinnacleRuin	PinnacleRuin1	Pinnacle Ruin	USA	33.554744	-107.555509	700	c.1300 AD					Coyotes				0.37			0.37	30.39		/dss/dssfs03/pn29bi/pn29bi-dss-0002/canids_bam/ancient/AL2838.rmdup.chrnmd.bam	/dss/dssfs02/pn29qe/pn29qe-dss-0000/ancient_dogs_bam/Unpub_redwolf/AL2838.rmdup.chrnmd.bam		Unpub_redwolf	AL2838.rmdup.chrnmd.bam		Sophy unpublished data		AL2838	C	PinnacleRuin1	700	C_PinnacleRuin1_700	Coyotes	Coyotes
ANH_124_b	MCZ31733		Canis	familiaris			Durango	Durango1	Durango	USA	37.29	-107.85	Pre	Basket-maker III					preContact_Dogs							0.07	3.5		/dss/dssfs03/pn29bi/pn29bi-dss-0002/canids_bam/ancient_rehead/ANH_124_rmdup.bam	/dss/dssfs02/pn29qe/pn29qe-dss-0000/ancient_dogs_bam/Unpub_Sophy/ANH_124_rmdup.bam		Unpub_Sophy	ANH_124_rmdup.bam		Sophy unpublished data		ANH_124	D	Durango1	Pre	D_Durango1_Pre	Dogs	preContact_Dogs
SC1141_L1_b	GP1		Canis	familiaris	Tooth root	Right lower M1	GrasshopperPueblo	GrasshopperPueblo1	Grasshopper Pueblo	USA			NA						preContact_Dogs							0.61	43		/dss/dssfs03/pn29bi/pn29bi-dss-0002/canids_bam/ancient_rehead/SC1141_rmdup.bam 	/dss/dssfs02/pn29qe/pn29qe-dss-0000/ancient_dogs_bam/Unpub_Sophy/SC1141_rmdup.bam		Unpub_Sophy	SC1141_rmdup.bam		Sophy unpublished data		SC1141	D	GrasshopperPueblo1	NA	D_GrasshopperPueblo1_NA	Dogs	preContact_Dogs
SC1144_L1_b	GP4		Canis	familiaris	Tooth root	Right lower M1	GrasshopperPueblo	GrasshopperPueblo2	Grasshopper Pueblo	USA			NA						preContact_Dogs							0.55	40.75		/dss/dssfs03/pn29bi/pn29bi-dss-0002/canids_bam/ancient_rehead/SC1144_rmdup.bam	/dss/dssfs02/pn29qe/pn29qe-dss-0000/ancient_dogs_bam/Unpub_Sophy/SC1144_rmdup.bam		Unpub_Sophy	SC1144_rmdup.bam		Sophy unpublished data		SC1144	D	GrasshopperPueblo2	NA	D_GrasshopperPueblo2_NA	Dogs	preContact_Dogs
ANH38	ANH_38		Canis	familiaris			Weyanoke		Weyanoke Old Town, Virginia (the Hatch site)	USA			960						American_Dogs							0.06	3.79			/dss/dssfs02/pn29qe/pn29qe-dss-0000/ancient_dogs_bam/Unpub_Sophy/ANH_38_rmdup.bam		Unpub_Sophy	ANH_38_rmdup.bam		Sophy/ Oxford unpublished data		ANH_38	D	Weyanoke2	960	D_Weyanoke2_960	Dogs	preContact_Dogs
TRF.01.23	P27/2017KMG	ZMK 113a/1950	Canis	familiaris	Bone	Petrous	Deering	Deering1	Deering, Qalgi	USA	66.08	-162.72	400	287 ± 24 BP					Arctic_Dogs	A1a	F		11.03			10.5	97.14	/data/feuerborntr/Bams/TRF.01.23_Merged.CanFam3.1Y.rmdup.bam		/dss/dssfs02/pn29qe/pn29qe-dss-0000/ancient_dogs_bam/Unpub_TRF_NA/TRF.01.23_Merged.CanFam3.1Y.rmdup.bam		Unpub_TRF_NA	TRF.01.23_Merged.CanFam3.1Y.rmdup.bam		Tatiana unpublished North America data		TRF.01.23	D	Deering1	400	D_Deering1_400	Dogs	Arctic_Dogs
TRF.01.24	P28/2017KMG	ZMK 113a/1950	Canis	familiaris	Bone	Petrous	Deering	Deering2	Deering, Qalgi	USA	66.08	-162.72	422	388 ± 152 BP					Arctic_Dogs	A1b	M		9.08			8.91	98.77	/data/feuerborntr/Bams/TRF.01.24_Merged.CanFam3.1Y.rmdup.bam		/dss/dssfs02/pn29qe/pn29qe-dss-0000/ancient_dogs_bam/Unpub_TRF_NA/TRF.01.24_Merged.CanFam3.1Y.rmdup.bam		Unpub_TRF_NA	TRF.01.24_Merged.CanFam3.1Y.rmdup.bam		Tatiana unpublished North America data		TRF.01.24	D	Deering2	422	D_Deering2_422	Dogs	Arctic_Dogs
TRF.01.27	P31/2017KMG	ZMK 113a/1950	Canis	familiaris	Bone	Petrous	Deering	Deering3	Deering, Qalgi	USA	66.08	-162.72	Pre	NA					Arctic_Dogs	A1a	F		2.62			2.54	88.64	/data/feuerborntr/Bams/TRF.01.27_Merged.CanFam3.1Y.rmdup.bam		/dss/dssfs02/pn29qe/pn29qe-dss-0000/ancient_dogs_bam/Unpub_TRF_NA/TRF.01.27_Merged.CanFam3.1Y.rmdup.bam		Unpub_TRF_NA	TRF.01.27_Merged.CanFam3.1Y.rmdup.bam		Tatiana unpublished North America data		TRF.01.27	D	Deering3	Pre	D_Deering3_Pre	Dogs	Arctic_Dogs
TRF.02.14	P.32.6	36963_b	Canis	familiaris	Skin		PointHope	PointHope1	Point Hope	USA	68.34	-166.79	Post	Collected 1926					Arctic_Dogs	A1a	?		2.69			2.65	71.98	/data/feuerborntr/Bams/TRF.02.14_Merged.CanFam3.1Y.rmdup.bam		/dss/dssfs02/pn29qe/pn29qe-dss-0000/ancient_dogs_bam/Unpub_TRF_NA/TRF.02.14_Merged.CanFam3.1Y.rmdup.bam		Unpub_TRF_NA	TRF.02.14_Merged.CanFam3.1Y.rmdup.bam		Tatiana unpublished North America data		TRF.02.14	D	PointHope1	Post	D_PointHope1_Post	Dogs	Arctic_Dogs
TRF.02.16	P.1659	36636_b	Canis	familiaris	Skin		StLawrenceIsland	StLawrenceIsland1	St. Lawrence Island	USA	63.4	-170.17	Post	Collected 1939					Arctic_Dogs	A1a	F		1.43			2.24	81.4	/data/feuerborntr/Bams/TRF.02.16_Merged.CanFam3.1Y.rmdup.bam		/dss/dssfs02/pn29qe/pn29qe-dss-0000/ancient_dogs_bam/Unpub_TRF_NA/TRF.02.16_Merged.CanFam3.1Y.rmdup.bam		Unpub_TRF_NA	TRF.02.16_Merged.CanFam3.1Y.rmdup.bam		Tatiana unpublished North America data		TRF.02.16	D	StLawrenceIsland1	Post	D_StLawrenceIsland1_Post	Dogs	Arctic_Dogs
TRF.02.27	P.6402	36681	Canis	lupus			AlaskaAleutian	AlaskaAleutian1	Alaska & Aleutian Islands	USA	65.95	-152.1	Post	Collected 1945					North_American_Wolves	North American Wolf	F		2.55			2.47	86.42	/data/feuerborntr/Bams/TRF.02.27_Merged.CanFam3.1Y.rmdup.bam		/dss/dssfs02/pn29qe/pn29qe-dss-0000/ancient_dogs_bam/Unpub_TRF_NA/TRF.02.27_Merged.CanFam3.1Y.rmdup.bam		Unpub_TRF_NA	TRF.02.27_Merged.CanFam3.1Y.rmdup.bam		Tatiana unpublished North America data		TRF.02.27	W	AlaskaAleutian1	Post	W_AlaskaAleutian1_Post	North_American_Wolves	Wolves
TRF.02.28	P.6396	36676	Canis	lupus			AlaskaAleutian	AlaskaAleutian2	Alaska & Aleutian Islands	USA	65.95	-152.1	Post	Collected 1945					North_American_Wolves	North American Wolf	M		2.44			2.39	85.96	/data/feuerborntr/Bams/TRF.02.28_Merged.CanFam3.1Y.rmdup.bam		/dss/dssfs02/pn29qe/pn29qe-dss-0000/ancient_dogs_bam/Unpub_TRF_NA/TRF.02.28_Merged.CanFam3.1Y.rmdup.bam		Unpub_TRF_NA	TRF.02.28_Merged.CanFam3.1Y.rmdup.bam		Tatiana unpublished North America data		TRF.02.28	W	AlaskaAleutian2	Post	W_AlaskaAleutian2_Post	North_American_Wolves	Wolves
TRF.02.29	P.6397	36677	Canis	familiaris	Skin		AlaskaAleutian	AlaskaAleutian3	Alaska & Aleutian Islands	USA	65.95	-152.1	Post	Collected 1945					Arctic_Dogs	X	M		10.66			11.33	96.39	/data/feuerborntr/Bams/TRF.02.29_Merged.CanFam3.1Y.rmdup.bam		/dss/dssfs02/pn29qe/pn29qe-dss-0000/ancient_dogs_bam/Unpub_TRF_NA/TRF.02.29_Merged.CanFam3.1Y.rmdup.bam		Unpub_TRF_NA	TRF.02.29_Merged.CanFam3.1Y.rmdup.bam		Tatiana unpublished North America data		TRF.02.29	D	AlaskaAleutian3	Post	D_AlaskaAleutian3_Post	Dogs	Arctic_Dogs
ACAD17371	NTC		Canis	lupus			NTC	NTC1	Natural Trap Cave	USA	44.975	-108.193	21200	21200 ± 130 BP					North_American_Wolves							0.17	13.78		/dss/dssfs03/pn29bi/pn29bi-dss-0002/canids_bam/ancient/ACAD17371_rmdup.bam	/dss/dssfs02/pn29qe/pn29qe-dss-0000/ancient_dogs_bam/Other/ACAD17371_rmdup.bam		Other	ACAD17371_rmdup.bam		unpublished data	Y	ACAD17371	W	NTC1	21200	W_NTC1_21200	North_American_Wolves	Wolves
LMU-2201_ACAD17371	ACAD17371	NTC	Canis	lupus	Bone	Phalange	NTC	NTC2	Natural Trap Cave	USA	44.975	-108.193	21200	21200 ± 130 BP					North_American_Wolves		M		0.01			0.01	0.53		/dss/dssfs03/pn29bi/pn29bi-dss-0002/canids_bam/ancient/ACAD17371_rmdup.bam	/dss/dssfs02/pn29qe/pn29qe-dss-0000/ancient_dogs_bam/Other/LMU-2201_ACAD17371.CanFam3.1Y.rmdup.bam		Other	LMU-2201_ACAD17371.CanFam3.1Y.rmdup.bam		unpublished data	Y	LMU-2201_ACAD17371	W	NTC2	21200	W_NTC2_21200	North_American_Wolves	Wolves
LMU-2201_ACAD17354	ACAD17354	ACS1323	Canis	lupus	Bone	Petrous	Moonshiner	Moonshiner1	Moonshiner Cave	USA									North_American_Wolves		M		0.36			#N/A	#N/A					Other	LMU-2201_ACAD17354.CanFam3.1Y.rmdup.bam		unpublished data		#N/A	W	Moonshiner1		W_Moonshiner1_	North_American_Wolves	Wolves
LMU-2201_ACAD17355	ACAD17355	ACS1324	Canis	lupus	Bone	Petrous	Moonshiner	Moonshiner2	Moonshiner Cave	USA									North_American_Wolves		F		0.32			#N/A	#N/A					Other	LMU-2201_ACAD17355.CanFam3.1Y.rmdup.bam		unpublished data		#N/A	W	Moonshiner2		W_Moonshiner2_	North_American_Wolves	Wolves
LMU-2201_ACAD17356	ACAD17356	ACS1325	Canis	lupus	Bone	Petrous	Moonshiner	Moonshiner3	Moonshiner Cave	USA									North_American_Wolves		F		0.25			#N/A	#N/A					Other	LMU-2201_ACAD17356.CanFam3.1Y.rmdup.bam		unpublished data		#N/A	W	Moonshiner3		W_Moonshiner3_	North_American_Wolves	Wolves
JAL545			Canis	lupus baileyi	Bone	Skull	Cloverdale	Cloverdale1	New Mexico, Cloverdale	USA			90	1916					North_American_Wolves				1.85			1.69	72.56			/dss/dssfs02/pn29qe/pn29qe-dss-0000/ancient_dogs_bam/Taron2021/Jal545.bam			Jal545.bam				Jal545	W	Cloverdale1	90	W_Cloverdale1_90	North_American_Wolves	Wolves
JAL547			Canis	lupus baileyi	Bone	Skull	Gila	Gila1	New Mexico, Gila National Forest	USA			90	1907					North_American_Wolves				1.64			1.49	54.68			/dss/dssfs02/pn29qe/pn29qe-dss-0000/ancient_dogs_bam/Taron2021/Jal547.bam			Jal547.bam				Jal547	W	Gila1	90	W_Gila1_90	North_American_Wolves	Wolves
JAL548			Canis	lupus baileyi	Bone	Skull	Gila	Gila2	New Mexico, Gila National Forest	USA			90	1907					North_American_Wolves				2			1.79	51.18			/dss/dssfs02/pn29qe/pn29qe-dss-0000/ancient_dogs_bam/Taron2021/Jal548.bam			Jal548.bam				Jal548	W	Gila2	90	W_Gila2_90	North_American_Wolves	Wolves
JAL549			Canis	lupus baileyi	Bone	Skull	Rankin	Rankin1	Texas, Rankin	USA			90	1915					North_American_Wolves				1.87			1.65	64.75			/dss/dssfs02/pn29qe/pn29qe-dss-0000/ancient_dogs_bam/Taron2021/Jal549.bam			Jal549.bam				Jal549	W	Rankin1	90	W_Rankin1_90	North_American_Wolves	Wolves
JAL550			Canis	lupus baileyi	Bone	Skull	Ozona	Ozona1	Texas, Ozona,	USA			90	1917					North_American_Wolves				1.58			1.54	57.58			/dss/dssfs02/pn29qe/pn29qe-dss-0000/ancient_dogs_bam/Taron2021/Jal550.bam			Jal550.bam				Jal550	W	Ozona1	90	W_Ozona1_90	North_American_Wolves	Wolves
TRF.10.01	UAMES-1606		Canis	lupus			Alaska	Alaska1		USA			20000						Pleistocene_Wolves	NA						0	0.01			/dss/dssfs02/pn29qe/pn29qe-dss-0000/ancient_dogs_bam/Unpub_TRF_NA/TRF.10.01_Merged.CanFam3.1Y.rmdup.bam							TRF.10.01	W	Alaska1	20000	W_Alaska1_20000	Pleistocene_Wolves	Wolves
DS-CANIS-NMW-005	58.535/P5040	NMW_005	Canis	familiaris			Dinorben	Dinorben1	Dinorben	Wales	53.26821667	-3.5488389	3832	3832					European_Dogs				1.04			1.13	66.3		/dss/dssfs03/pn29bi/pn29bi-dss-0002/canids_bam/ancient/NMW_005.bam	/dss/dssfs02/pn29qe/pn29qe-dss-0000/ancient_dogs_bam/Other/NMW_005.bam		Other	NMW_005.bam		Unpublished data		DS-CANIS-NMW-005	D	Dinorben1	3832	D_Dinorben1_3832	Dogs	European_Dogs
Baileyi_109616			Canis	lupus baileyi			Baileyi	Baileyi2					NA						North_American_Wolves							0.89	25.29		/dss/dssfs03/pn29bi/pn29bi-dss-0002/canids_bam/ancient/Baileyi_109616.final.bam	/dss/dssfs02/pn29qe/pn29qe-dss-0000/ancient_dogs_bam/Unpub_redwolf/Baileyi_109616.final_chr.bam		Unpub_redwolf	Baileyi_109616.final_chr.bam		Alberto unpublished data		Baileyi_109616	W	Baileyi2	NA	W_Baileyi2_NA	North_American_Wolves	Wolves
Baileyi_34422			Canis	lupus baileyi			Baileyi	Baileyi3					NA						North_American_Wolves							0.42	15.59		/dss/dssfs03/pn29bi/pn29bi-dss-0002/canids_bam/ancient/Baileyi_34422.final.bam	/dss/dssfs02/pn29qe/pn29qe-dss-0000/ancient_dogs_bam/Unpub_redwolf/Baileyi_34422.final_chr.bam		Unpub_redwolf	Baileyi_34422.final_chr.bam		Alberto unpublished data		Baileyi_34422	W	Baileyi3	NA	W_Baileyi3_NA	North_American_Wolves	Wolves
Baileyi_74828			Canis	lupus baileyi			Baileyi	Baileyi4					NA						North_American_Wolves							0.99	31.54		/dss/dssfs03/pn29bi/pn29bi-dss-0002/canids_bam/ancient/Baileyi_74828.final.bam	/dss/dssfs02/pn29qe/pn29qe-dss-0000/ancient_dogs_bam/Unpub_redwolf/Baileyi_74828.final_chr.bam		Unpub_redwolf	Baileyi_74828.final_chr.bam		Alberto unpublished data		Baileyi_74828	W	Baileyi4	NA	W_Baileyi4_NA	North_American_Wolves	Wolves
HellsGap11000			Canis	latrans			HellsGap	HellsGap1	Hells Gap				11000						Coyotes							0.14	6.84		/dss/dssfs03/pn29bi/pn29bi-dss-0002/canids_bam/ancient/HellsGap11000_rmdup.bam	/dss/dssfs02/pn29qe/pn29qe-dss-0000/ancient_dogs_bam/Unpub_redwolf/HellsGap11000_rmdup.bam		Unpub_redwolf	HellsGap11000_rmdup.bam		Alberto unpublished data		HellsGap11000	C	HellsGap1	11000	C_HellsGap1_11000	Coyotes	Coyotes
HellsGap2500			Canis	latrans			HellsGap	HellsGap2	Hells Gap				2500						Coyotes							0.46	26.57		/dss/dssfs03/pn29bi/pn29bi-dss-0002/canids_bam/ancient/HellsGap2500_rmdup.bam	/dss/dssfs02/pn29qe/pn29qe-dss-0000/ancient_dogs_bam/Unpub_redwolf/HellsGap2500_rmdup.bam		Unpub_redwolf	HellsGap2500_rmdup.bam		Alberto unpublished data		HellsGap2500	C	HellsGap2	2500	C_HellsGap2_2500	Coyotes	Coyotes