Sample_Name	Other_ID	Other_ID_2	Genus	Species	BreedCategory	BreedAbr.	Material	Element	Site_Region	Site_updated	Site	Country	Lat	Long	Age_Name_BP	Age info	Date_Maximum_BP	Date_Minimum_BP	BioProject	Accession	SeqPlatform	Age_note	Meta Population	mt Haplotype	Sex	Y_chr	Cov (reported)	CoverageX	CoverageRatio	Mean Depth	BoC %	Date Sequenced	Notes	Reference	Spcode	Site_Region	Age_Mean_BP	analysis-ID	Wolf-Dog_PCA	"Dog_PCA (European, Arctic+NA, East Asia, Near Eastern Africa)"
Affenpinscher01	CRR055172	Affenpinscher01_33500	Canis	familiaris	Affenpinscher	AFFN									0				PRJNA648123	SAMN15625700	ILLUMINA HI-SEQ 3000		European_Dogs				14.7761	14.8081	0.99783902						D		0	Affenpinscher01	Dogs	European_Dogs
Affenpinscher02	CRR078106	Affenpinscher02_34310	Canis	familiaris	Affenpinscher	AFFN									0				PRJNA648123	SAMN15625701	ILLUMINA HI-SEQ 3000		European_Dogs				10.3734	5.85722	1.77104497						D		0	Affenpinscher02	Dogs	European_Dogs
Affenpinscher03	CRR078107	Affenpinscher03_34314	Canis	familiaris	Affenpinscher	AFFN									0				PRJNA648123	SAMN15625702	ILLUMINA HI-SEQ 3000		European_Dogs		M		19.2589	19.4744	0.98893419						D		0	Affenpinscher03	Dogs	European_Dogs
AfghanHound01		AfghanHound01	Canis	familiaris	Afghan_Hound	AFGH									0				PRJNA208087	SAMN02194722	Illumina HiSeq 2000		African_NearEast_India_Dogs		F		28.3708	15.3887	1.84361252						D		0	AfghanHound01	Dogs	African_NearEast_India_Dogs
AfghanHound03		AfghanHound03	Canis	familiaris	Afghan_Hound	AFGH									0				PRJNA232497	SAMN02485564	Illumina HiSeq 2000		African_NearEast_India_Dogs		M		7.64333	7.71598	0.99058448						D		0	AfghanHound03	Dogs	African_NearEast_India_Dogs
AfghanHound04		AfghanHound04	Canis	familiaris	Afghan_Hound	AFGH									0				PRJNA266585	SAMN03168377	Illumina HiSeq 2000		African_NearEast_India_Dogs				17.5661	9.92331	1.77018555						D		0	AfghanHound04	Dogs	African_NearEast_India_Dogs
AfricanGoldenWolf01	AfricanGoldenWolf_Ethiopia	AfricanGoldenWolf01	Canis	lupaster	African_Golden_Wolf										0				PRJNA494815	SAMN10199001	Illumina HiSeq 2500		Outgroup												W		0	AfricanGoldenWolf01	Outgroup	Wolves
AfricanGoldenWolf02	AfricanGoldenWolfAlgeria	AfricanGoldenWolf02	Canis	lupaster	African_Golden_Wolf										0				PRJCA000335	SAMC009005	Illumina HiSeq 2000		Outgroup												W		0	AfricanGoldenWolf02	Outgroup	Wolves
AfricanGoldenWolf03	AfricanGoldenWolfEgypt	AfricanGoldenWolf03	Canis	lupaster	African_Golden_Wolf										0				PRJCA000335	SAMC010560	Illumina HiSeq 2500		Outgroup												W		0	AfricanGoldenWolf03	Outgroup	Wolves
AfricanGoldenWolf04	AfricanGoldenWolfMorocco	AfricanGoldenWolf04	Canis	lupaster	African_Golden_Wolf										0				PRJCA000335	SAMC010561	Illumina HiSeq 2500		Outgroup												W		0	AfricanGoldenWolf04	Outgroup	Wolves
AfricanGoldenWolf05	AfricanGoldenWolfSenegal	AfricanGoldenWolf05	Canis	lupaster	African_Golden_Wolf										0				PRJCA000335	SAMC010562	Illumina HiSeq 2500		Outgroup												W		0	AfricanGoldenWolf05	Outgroup	Wolves
AfricanGoldenWolf06	C.anthus	AfricanGoldenWolf06	Canis	lupaster	African_Golden_Wolf										0				PRJEB31639	SAMEA5532750	Illumina HiSeq 2000		Outgroup												W		0	AfricanGoldenWolf06	Outgroup	Wolves
AfricanWildDog01	AfricanHuntingDog_Kenya	AfricanWildDog01	Canis	pictus	African_Wild_Dog										0				PRJNA494815	SAMN10180432	Illumina HiSeq 2500		Outgroup												W		0	AfricanWildDog01	Outgroup	Wolves
AfricanWildDog02	L.pictus_SA_SRR2971425	AfricanWildDog02	Canis	pictus	African_Wild_Dog										0				PRJNA304992	SAMN04312208	Illumina HiSeq 2500		Outgroup												W		0	AfricanWildDog02	Outgroup	Wolves
AfricanWildDog03	L.pictus_SA_SRR2971441	AfricanWildDog03	Canis	pictus	African_Wild_Dog										0				PRJNA304992	SAMN04312209	Illumina HiSeq 2500		Outgroup		M										W		0	AfricanWildDog03	Outgroup	Wolves
AiredaleTerrier01		AiredaleTerrier01	Canis	familiaris	Airedale_Terrier	AIRT									0				PRJNA263947	SAMN03580381	Illumina HiSeq 2000		European_Dogs		F		15.5718	9.14245	1.70324147						D		0	AiredaleTerrier01	Dogs	European_Dogs
AiredaleTerrier02		AiredaleTerrier02	Canis	familiaris	Airedale_Terrier	AIRT									0				PRJNA263947	SAMN03580390	Illumina HiSeq 2000		European_Dogs		M		34.6611	35.0843	0.98793763						D		0	AiredaleTerrier02	Dogs	European_Dogs
AiredaleTerrier05		AiredaleTerrier05	Canis	familiaris	Airedale_Terrier	AIRT									0				PRJNA263947	SAMN04196850	Illumina HiSeq 2500		European_Dogs		M		23.9476	13.3739	1.79062203						D		0	AiredaleTerrier05	Dogs	European_Dogs
AiredaleTerrier06	TA001	AiredaleTerrier06	Canis	familiaris	Airedale_Terrier	AIRT									0				PRJEB16012	SAMEA4506896	Illumina HiSeq 2500		European_Dogs				24.9529	13.8024	1.80786675						D		0	AiredaleTerrier06	Dogs	European_Dogs
Akbash01		Akbash01_15287	Canis	familiaris	Akbash_Dog	AKBA									0				PRJNA726547	SAMN29011964	Illumina NovaSeq 6000		African_NearEast_India_Dogs				49.296	49.3439	0.99902926						D		0	Akbash01	Dogs	African_NearEast_India_Dogs
Akita01	CRR078108	Akita01_12758	Canis	familiaris	Akita	AKIT									0				PRJNA648123	SAMN15625707	ILLUMINA HI-SEQ 3000		East_Asian_Dogs		F		19.5588	19.7	0.99283249						D		0	Akita01	Dogs	East_Asian_Dogs
AlapahaBlueBloodBulldog01	SRR10077545	AlapahaBlueBloodBulldog01	Canis	familiaris	Alapaha_Blue_Blood_Bulldog										0				PRJNA263947	SAMN12700554	NextSeq 500		American_European_Dogs				24.9079	25.1064	0.99209365						D		0	AlapahaBlueBloodBulldog01	Dogs	European_Dogs
AlapahaBlueBloodBulldog02	SRR10752633	AlapahaBlueBloodBulldog02	Canis	familiaris	Alapaha_Blue_Blood_Bulldog										0				PRJNA263947	SAMN13655910	Illumina NovaSeq 6000		American_European_Dogs		M		38.0919	37.6017	1.01303665						D		0	AlapahaBlueBloodBulldog02	Dogs	European_Dogs
AlaskanHusky01		AlaskanHusky01	Canis	familiaris	Alaskan_Husky	ALHK									0				PRJEB9590	SAMEA3449656	Illumina HiSeq 2500		Arctic_Dogs		M		16.6072	9.32632	1.78068091						D		0	AlaskanHusky01	Dogs	Arctic_Dogs
AlaskanHusky02		AlaskanHusky02	Canis	familiaris	Alaskan_Husky	ALHK									0				PRJEB9591	SAMEA3449657	Illumina HiSeq 2500		Arctic_Dogs		F		12.9139	7.167	1.80185573						D		0	AlaskanHusky02	Dogs	Arctic_Dogs
AlaskanMalamute01		AlaskanMalamute01_30099	Canis	familiaris	Alaskan_Malamute	AMAL									0				PRJNA448733	SAMN08872810	Illumina HiSeq 3000		Arctic_Dogs		F		18.9033	18.9015	1.00009523						D		0	AlaskanMalamute01	Dogs	Arctic_Dogs
AlaskanMalamute01_Reseq	CRR055127	AlaskanMalamute01_Reseq_30099	Canis	familiaris	Alaskan_Malamute	AMAL									0				PRJNA648123	SAMN15625708	Illumina HiSeq 3000		Arctic_Dogs		F										D		0	AlaskanMalamute01_Reseq	Dogs	Arctic_Dogs
AlaskanMalamute02		AlaskanMalamute02	Canis	familiaris	Alaskan_Malamute	AMAL									0				PRJNA266585	SAMN03168378	Illumina HiSeq 2000		Arctic_Dogs		M		16.3685	16.4837	0.99301128						D		0	AlaskanMalamute02	Dogs	Arctic_Dogs
AlaskanMalamute03	AM007	AlaskanMalamute03	Canis	familiaris	Alaskan_Malamute	AMAL									0				PRJEB16012	SAMEA104091571	Illumina HiSeq 3000		Arctic_Dogs				17.0484	9.64149	1.76823292						D		0	AlaskanMalamute03	Dogs	Arctic_Dogs
AlaskanMalamute04	ERR2750976	AlaskanMalamute04	Canis	familiaris	Alaskan_Malamute	AMAL									0				PRJEB16012	SAMEA4848707	Illumina NovaSeq 6000		Arctic_Dogs		F										D		0	AlaskanMalamute04	Dogs	Arctic_Dogs
AlaskanWolf		AlaskanWolf	Canis	lupus	Wolf	Wolf									0				PRJNA331222	SAMN05439956	Illumina HiSeq 2000		North_American_Wolves		M		7.25354	7.29244	0.99466571						W		0	AlaskanWolf	North_American_Wolves	Wolves
AlgonquinWolf13467		AlgonquinWolf13467	Canis	lupus	Wolf	Wolf									0				PRJNA331222	SAMN05791669	Illumina HiSeq 2000		North_American_Wolves		F		5.16247	3.27685	1.57543678						W		0	AlgonquinWolf13467	North_American_Wolves	Wolves
AlgonquinWolf13470		AlgonquinWolf13470	Canis	lupus	Wolf	Wolf									0				PRJNA331222	SAMN05791668	Illumina HiSeq 2000		North_American_Wolves				7.2025	7.26597	0.99126476						W		0	AlgonquinWolf13470	North_American_Wolves	Wolves
AlpineDachsbrake02	ERR2750982	AlpineDachsbrake02	Canis	familiaris	Alpine_Dachsbracke										0				PRJEB16012	SAMEA4848713	Illumina NovaSeq 6000		European_Dogs		M										D		0	AlpineDachsbrake02	Dogs	European_Dogs
AmericanEskimoDog01		AmericanEskimoDog01_10800	Canis	familiaris	American_Eskimo_Dog	AESK									0				PRJNA685036	SAMN17192040	Illumina NovaSeq 6000		American_European_Dogs		F		27.597	15.2136	1.81396908						D		0	AmericanEskimoDog01	Dogs	European_Dogs
AmericanEskimoDog02		AmericanEskimoDog02_10808	Canis	familiaris	American_Eskimo_Dog	AESK									0				PRJNA685036	SAMN17192041	Illumina NovaSeq 6000		American_European_Dogs		F		48.4186	47.9066	1.01068746						D		0	AmericanEskimoDog02	Dogs	European_Dogs
AmericanEskimoDog03		AmericanEskimoDog03_10810	Canis	familiaris	American_Eskimo_Dog	AESK									0				PRJNA685036	SAMN17192042	Illumina NovaSeq 6000		American_European_Dogs		M		57.1828	56.0084	1.02096828						D		0	AmericanEskimoDog03	Dogs	European_Dogs
AmericanEskimoDog04	CRR037836	AmericanEskimoDog04_8380	Canis	familiaris	American_Eskimo_Dog	AESK									0				PRJNA648123	SAMN15625694	Illumina HiSeq 3000		American_European_Dogs		F		22.1248	12.3032	1.79829638						D		0	AmericanEskimoDog04	Dogs	European_Dogs
AmericanEskimoDog05	CRR037846	AmericanEskimoDog05_10805	Canis	familiaris	American_Eskimo_Dog	AESK									0				PRJNA648123	SAMN15625695	Illumina HiSeq 3000		American_European_Dogs		F		18.2669	18.2195	1.00260161						D		0	AmericanEskimoDog05	Dogs	European_Dogs
AmericanEskimoDog06	CRR037847	AmericanEskimoDog06_10809	Canis	familiaris	American_Eskimo_Dog	AESK									0				PRJNA648123	SAMN15625696	Illumina HiSeq 3000		American_European_Dogs				18.6961	18.6978	0.99990908						D		0	AmericanEskimoDog06	Dogs	European_Dogs
AmericanEskimoDog07	CRR078109	AmericanEskimoDog07_15300	Canis	familiaris	American_Eskimo_Dog	AESK									0				PRJNA648123	SAMN15625697	Illumina HiSeq 3000		American_European_Dogs				19.2455	10.7665	1.78753541						D		0	AmericanEskimoDog07	Dogs	European_Dogs
AmericanEskimoDog08	CRR078110	AmericanEskimoDog08_15301	Canis	familiaris	American_Eskimo_Dog	AESK									0				PRJNA648123	SAMN15625698	Illumina HiSeq 3000		American_European_Dogs				17.4787	9.6862	1.80449506						D		0	AmericanEskimoDog08	Dogs	European_Dogs
AmericanEskimoDog09	CRR078111	AmericanEskimoDog09_15304	Canis	familiaris	American_Eskimo_Dog	AESK									0				PRJNA648123	SAMN15625699	Illumina HiSeq 3000		American_European_Dogs				17.8942	10.058	1.77910121						D		0	AmericanEskimoDog09	Dogs	European_Dogs
AmericanFoxhound01	CRR078112	AmericanFoxhound01_34454	Canis	familiaris	American_Foxhound	AFOX									0				PRJNA648123	SAMN15625703	Illumina HiSeq 3000		American_European_Dogs				18.3804	10.2001	1.80198233						D		0	AmericanFoxhound01	Dogs	European_Dogs
AmericanHairlessTerrier01	CRR078114	AmericanHairlessTerrier01_1121	Canis	familiaris	American_Hairless_Terrier	AHRT									0				PRJNA448733	SAMN08872813	Illumina HiSeq 3000		American_European_Dogs				16.7536	16.8127	0.9964848						D		0	AmericanHairlessTerrier01	Dogs	European_Dogs
AmericanHairlessTerrier01_Reseq	CRR078114	AmericanHairlessTerrier01_Reseq_1121	Canis	familiaris	American_Hairless_Terrier	AHRT									0				PRJNA648123	SAMN15625705	Illumina HiSeq 3000		American_European_Dogs				16.7536	16.8127	0.9964848						D		0	AmericanHairlessTerrier01	Dogs	European_Dogs
AmericanHairlessTerrier02	CRR078113	AmericanHairlessTerrier02_1118	Canis	familiaris	American_Hairless_Terrier	AHRT									0				PRJNA648123	SAMN15625704	Illumina HiSeq 3000		American_European_Dogs				20.0974	11.2698	1.78329695						D		0	AmericanHairlessTerrier02	Dogs	European_Dogs
AmericanHairlessTerrier04	CRR078115	AmericanHairlessTerrier04_1124	Canis	familiaris	American_Hairless_Terrier	AHRT									0				PRJNA648123	SAMN15625706	Illumina HiSeq 3000		American_European_Dogs				16.8811	17.3208	0.97461434						D		0	AmericanHairlessTerrier04	Dogs	European_Dogs
AmericanStaffordshireTerrier01	ERR2759437	AmericanStaffordshireTerrier01	Canis	familiaris	American_Staffordshire_Terrier	AMST									0				PRJEB16012	SAMEA4867927	Illumina NovaSeq 6000		American_European_Dogs		M										D		0	AmericanStaffordshireTerrier01	Dogs	European_Dogs
AmericanStaffordshireTerrier02	CRR055106	AmericanStaffordshireTerrier02_24262	Canis	familiaris	American_Staffordshire_Terrier	AMST									0				PRJNA648123	SAMN15625710	Illumina HiSeq 3000		American_European_Dogs		M		19.0979	10.6741	1.78918129						D		0	AmericanStaffordshireTerrier02	Dogs	European_Dogs
AmericanStaffordshireTerrier03	CRR055125	AmericanStaffordshireTerrier03_29583	Canis	familiaris	American_Staffordshire_Terrier	AMST									0				PRJNA648123	SAMN15625711	Illumina HiSeq 3000		American_European_Dogs		F		20.7475	11.5853	1.79084702						D		0	AmericanStaffordshireTerrier03	Dogs	European_Dogs
AmericanStaffordshireTerrier04	SRR10077543	AmericanStaffordshireTerrier04	Canis	familiaris	American_Staffordshire_Terrier	AMST									0				PRJNA263947	SAMN12700520	Illumina NovaSeq 6000		American_European_Dogs		F		46.7489	47.0564	0.99346529						D		0	AmericanStaffordshireTerrier04	Dogs	European_Dogs
AmericanStaffordshireTerrier05	SRR10077573	AmericanStaffordshireTerrier05	Canis	familiaris	American_Staffordshire_Terrier	AMST									0				PRJNA263947	SAMN12700524	Illumina NovaSeq 6000		American_European_Dogs				39.9814	39.226	1.01925764						D		0	AmericanStaffordshireTerrier05	Dogs	European_Dogs
AmericanStaffordshireTerrier06	CRR078116	AmericanStaffordshireTerrier06_24030	Canis	familiaris	American_Staffordshire_Terrier	AMST									0				PRJNA648123	SAMN15625709	Illumina HiSeq 3000		American_European_Dogs		M		18.2126	18.2534	0.9977648						D		0	AmericanStaffordshireTerrier06	Dogs	European_Dogs
AmericanWaterSpaniel01	CRR037814	AmericanWaterSpaniel01_987	Canis	familiaris	American_Water_Spaniel	AMWS									0				PRJNA648123	SAMN15625712	Illumina HiSeq 3000		American_European_Dogs		M		19.7507	11.014	1.79323588						D		0	AmericanWaterSpaniel01	Dogs	European_Dogs
AmericanWaterSpaniel02	CRR037815	AmericanWaterSpaniel02_988	Canis	familiaris	American_Water_Spaniel	AMWS									0				PRJNA648123	SAMN15625713	Illumina HiSeq 3000		American_European_Dogs		F		20.192	11.1453	1.81170538						D		0	AmericanWaterSpaniel02	Dogs	European_Dogs
AmericanWaterSpaniel03	CRR037908	AmericanWaterSpaniel03_29580	Canis	familiaris	American_Water_Spaniel	AMWS									0				PRJNA648123	SAMN15625714	Illumina HiSeq 3000		American_European_Dogs				18.2874	18.2342	1.00291759						D		0	AmericanWaterSpaniel03	Dogs	European_Dogs
AnatolianShepherdDog01	CRR078117	AnatolianShepherdDog01_7584	Canis	familiaris	Anatolian_Shepherd_Dog	ANAT									0				PRJNA648123	SAMN15625715	Illumina HiSeq 3000		European_Dogs		F		17.5002	9.84706	1.77720051						D		0	AnatolianShepherdDog01	Dogs	European_Dogs
AustralianCattleDog01		AustralianCattleDog01	Canis	familiaris	Australian_Cattle_Dog	AUCD									0				PRJNA263947	SAMN03323677	Illumina HiSeq 2000		European_Dogs		F		28.3248	28.4261	0.99643637						D		0	AustralianCattleDog01	Dogs	European_Dogs
AustralianCattleDog02		AustralianCattleDog02	Canis	familiaris	Australian_Cattle_Dog	AUCD									0				PRJEB13468	SAMEA3928139	Illumina HiSeq 2000		European_Dogs		F		19.5888	19.9371	0.98253006						D		0	AustralianCattleDog02	Dogs	European_Dogs
AustralianCattleDog03		AustralianCattleDog03	Canis	familiaris	Australian_Cattle_Dog	AUCD									0				PRJEB16012	SAMEA4504820	Illumina HiSeq 2000		European_Dogs		M		20.4994	20.6019	0.99502473						D		0	AustralianCattleDog03	Dogs	European_Dogs
AustralianCattleDog04	AC023	AustralianCattleDog04	Canis	familiaris	Australian_Cattle_Dog	AUCD									0				PRJEB16012	SAMEA104091560	Illumina HiSeq 3000		European_Dogs				25.3688	14.1469	1.79324092						D		0	AustralianCattleDog04	Dogs	European_Dogs
AustralianCattleDog06	ERR2263463	AustralianCattleDog06	Canis	familiaris	Australian_Cattle_Dog	AUCD									0				PRJEB16012	SAMEA5657396	Illumina NovaSeq 6000		European_Dogs		M		21.4664	12.3833	1.73349592						D		0	AustralianCattleDog06	Dogs	European_Dogs
AustralianCattleDog07	CRR037840	AustralianCattleDog07_9994	Canis	familiaris	Australian_Cattle_Dog	AUCD									0				PRJNA648123	SAMN15625717	Illumina HiSeq 3000		European_Dogs		F		18.8861	10.5973	1.78216149						D		0	AustralianCattleDog07	Dogs	European_Dogs
AustralianCattleDog08	CRR037884	AustralianCattleDog08_25269	Canis	familiaris	Australian_Cattle_Dog	AUCD									0				PRJNA648123	SAMN15625718	Illumina HiSeq 3000		European_Dogs		F		18.5167	18.5487	0.99827481						D		0	AustralianCattleDog08	Dogs	European_Dogs
AustralianShepherd01		AustralianShepherd01_27104	Canis	familiaris	Australian_Shepherd	AUSS									0				PRJNA685036	SAMN17192043	Illumina NovaSeq 6000		European_Dogs		F		30.9697	30.7706	1.00647046						D		0	AustralianShepherd01	Dogs	European_Dogs
AustralianShepherd02		AustralianShepherd02_30713	Canis	familiaris	Australian_Shepherd	AUSS									0				PRJNA685036	SAMN17192044	Illumina NovaSeq 6000		European_Dogs		F		40.9241	40.5192	1.00999279						D		0	AustralianShepherd02	Dogs	European_Dogs
AustralianShepherd03		AustralianShepherd03_31260	Canis	familiaris	Australian_Shepherd	AUSS									0				PRJNA685036	SAMN17192045	Illumina NovaSeq 6000		European_Dogs		F		26.8512	26.6827	1.00631495						D		0	AustralianShepherd03	Dogs	European_Dogs
AustralianShepherd04		AustralianShepherd04_33489	Canis	familiaris	Australian_Shepherd	AUSS									0				PRJNA685036	SAMN17192046	Illumina NovaSeq 6000		European_Dogs		M		28.2482	28.3183	0.99752457						D		0	AustralianShepherd04	Dogs	European_Dogs
AustralianShepherd05		AustralianShepherd05_33555	Canis	familiaris	Australian_Shepherd	AUSS									0				PRJNA685036	SAMN17192047	Illumina NovaSeq 6000		European_Dogs		F										D		0	AustralianShepherd05	Dogs	European_Dogs
AustralianShepherd06	ERR2759444	AustralianShepherd06	Canis	familiaris	Australian_Shepherd	AUSS									0				PRJEB16012	SAMEA4867934	Illumina NovaSeq 6000		European_Dogs		M		35.179	6.47021	5.43707237						D		0	AustralianShepherd06	Dogs	European_Dogs
AustralianShepherd07	CRR037906	AustralianShepherd07_29479	Canis	familiaris	Australian_Shepherd	AUSS									0				PRJNA648123	SAMN15625719	Illumina HiSeq 3000		European_Dogs		M		20.5594	11.4561	1.7946247						D		0	AustralianShepherd07	Dogs	European_Dogs
AustralianTerrier01	AR001	AustralianTerrier01	Canis	familiaris	Australian_Terrier	AUST									0				PRJEB16012	SAMEA4504840	Illumina HiSeq 2500		European_Dogs		M		29.0017	16.1808	1.79235267						D		0	AustralianTerrier01	Dogs	European_Dogs
AustralianTerrier02	CRR055133	AustralianTerrier02_30508	Canis	familiaris	Australian_Terrier	AUST									0				PRJNA648123	SAMN15625721	Illumina HiSeq 3000		European_Dogs				22.337	12.3638	1.80664521						D		0	AustralianTerrier02	Dogs	European_Dogs
AustralianTerrier03	CRR078118	AustralianTerrier03_8663	Canis	familiaris	Australian_Terrier	AUST									0				PRJNA648123	SAMN15625720	Illumina HiSeq 3000		European_Dogs		M		17.55	17.7788	0.98713074						D		0	AustralianTerrier03	Dogs	European_Dogs
Basenji01		Basenji01	Canis	familiaris	Basenji	BSJI									0				PRJNA274504	SAMN03366708	Illumina HiSeq 2000		African_NearEast_India_Dogs		F		6.41785	3.82856	1.67630911						D		0	Basenji01	Dogs	African_NearEast_India_Dogs
Basenji02		Basenji02	Canis	familiaris	Basenji	BSJI									0				PRJNA263947	SAMN04196845	Illumina HiSeq 2000		African_NearEast_India_Dogs		F		13.9615	14.1515	0.98657386						D		0	Basenji02	Dogs	African_NearEast_India_Dogs
Basenji03		Basenji03	Canis	familiaris	Basenji	BSJI									0				PRJNA263947	SAMN03580393	Illumina HiSeq 2000		African_NearEast_India_Dogs		M		26.9196	27.6907	0.97215311						D		0	Basenji03	Dogs	African_NearEast_India_Dogs
Basenji04	CFA.118003	Basenji04	Canis	familiaris	Basenji	BSJI									0				PRJNA263947	SAMN06159689	Illumina HiSeq X Ten		African_NearEast_India_Dogs				38.846	21.4699	1.80932375						D		0	Basenji04	Dogs	African_NearEast_India_Dogs
Basenji05	SRR10752616	Basenji05	Canis	familiaris	Basenji	BSJI									0				PRJNA263947	SAMN13655894	Illumina NovaSeq 6000		African_NearEast_India_Dogs				37.1408	36.8185	1.00875375						D		0	Basenji05	Dogs	African_NearEast_India_Dogs
Basenji06	SRR10752639	Basenji06	Canis	familiaris	Basenji	BSJI									0				PRJNA263947	SAMN13655905	Illumina NovaSeq 6000		African_NearEast_India_Dogs		F		29.9219	29.6177	1.01027089						D		0	Basenji06	Dogs	African_NearEast_India_Dogs
BassetHound01	CRR037845	BassetHound01_10376	Canis	familiaris	Basset_Hound	BASS									0				PRJNA648123	SAMN15625722	Illumina HiSeq 3000		European_Dogs		M		19.9632	19.779	1.00931291						D		0	BassetHound01	Dogs	European_Dogs
BassetHound02	CRR037859	BassetHound02_12885	Canis	familiaris	Basset_Hound	BASS									0				PRJNA648123	SAMN15625723	Illumina HiSeq 3000		European_Dogs		F		22.3741	12.4367	1.79903833						D		0	BassetHound02	Dogs	European_Dogs
BassetHound03	CRR037862	BassetHound03_13196	Canis	familiaris	Basset_Hound	BASS									0				PRJNA648123	SAMN15625724	Illumina HiSeq 3000		European_Dogs		F		18.8491	18.7363	1.0060204						D		0	BassetHound03	Dogs	European_Dogs
BassetHound04	SRR10077555	BassetHound04	Canis	familiaris	Basset_Hound	BASS									0				PRJNA263947	SAMN12700545	Illumina NovaSeq 6000		European_Dogs		M		50.3534	50.173	1.00359556						D		0	BassetHound04	Dogs	European_Dogs
BavarianHound01	BG064	BavarianHound01	Canis	familiaris	Bavarian_Hound										0				PRJEB16012	SAMEA104091562	Illumina HiSeq 3000		European_Dogs		M		36.6783	20.5181	1.78760704						D		0	BavarianHound01	Dogs	European_Dogs
Beagle01		Beagle01_16145	Canis	familiaris	Beagle	BEAG									0				PRJNA288568	SAMN03801644	Illumina HiSeq 2000		European_Dogs		F		51.8518	29.212	1.77501712			3/23/14			D		0	Beagle01	Dogs	European_Dogs
Beagle02		Beagle02	Canis	familiaris	Beagle	BEAG									0				PRJNA176193	SAMN01737209	Illumina HiSeq 2000		European_Dogs		F		49.3575	49.0613	1.00603735						D		0	Beagle02	Dogs	European_Dogs
Beagle03		Beagle03	Canis	familiaris	Beagle	BEAG									0				PRJEB5500	SAMEA2376414	Illumina HiSeq 2000		European_Dogs		F		15.3425	15.3655	0.99850314						D		0	Beagle03	Dogs	European_Dogs
Beagle04		Beagle04	Canis	familiaris	Beagle	BEAG									0				PRJNA288568	SAMN03801645	Illumina Genome Analyzer IIx		European_Dogs		M		19.9352	20.4101	0.97673211						D		0	Beagle04	Dogs	European_Dogs
Beagle05	CFA.117995	Beagle05	Canis	familiaris	Beagle	BEAG									0				PRJNA263947	SAMN06159681	Illumina HiSeq X Ten		European_Dogs		F		38.4534	21.2488	1.80967396						D		0	Beagle05	Dogs	European_Dogs
BeardedCollie01		BeardedCollie01	Canis	familiaris	Bearded_Collie	BERD									0				PRJEB13468	SAMEA3928140	Illumina HiSeq 2000		European_Dogs		M		19.3526	19.4383	0.99559118						D		0	BeardedCollie01	Dogs	European_Dogs
BeardedCollie02		BeardedCollie02	Canis	familiaris	Bearded_Collie	BERD									0				PRJEB16012	SAMEA4505492	Illumina HiSeq 2000		European_Dogs		M		21.4249	12.0138	1.78335747						D		0	BeardedCollie02	Dogs	European_Dogs
BeardedCollie03		BeardedCollie03	Canis	familiaris	Bearded_Collie	BERD									0				PRJEB16012	SAMEA4504824	Illumina HiSeq 2500		European_Dogs		F		17.5937	9.80601	1.79417521						D		0	BeardedCollie03	Dogs	European_Dogs
BeardedCollie04		BeardedCollie04	Canis	familiaris	Bearded_Collie	BERD									0				PRJEB16012	SAMEA4505493	Illumina HiSeq 2000		European_Dogs		M		18.051	18.1597	0.99401422						D		0	BeardedCollie04	Dogs	European_Dogs
BeardedCollie05		BeardedCollie05	Canis	familiaris	Bearded_Collie	BERD									0				PRJEB16012	SAMEA4504827	Illumina HiSeq 2500		European_Dogs		M		16.5177	9.17038	1.80120126						D		0	BeardedCollie05	Dogs	European_Dogs
BeardedCollie06		BeardedCollie06	Canis	familiaris	Bearded_Collie	BERD									0				PRJEB16012	SAMEA4505496	Illumina HiSeq 2000		European_Dogs		M		11.4566	6.35986	1.80139186						D		0	BeardedCollie06	Dogs	European_Dogs
BeardedCollie07		BeardedCollie07	Canis	familiaris	Bearded_Collie	BERD									0				PRJEB16012	SAMEA4504832	Illumina HiSeq 2500		European_Dogs		F		12.3652	6.81928	1.81327061						D		0	BeardedCollie07	Dogs	European_Dogs
Beauceron01	CRR037909	Beauceron01_29598	Canis	familiaris	Beauceron	BEAU									0				PRJNA648123	SAMN15625725	Illumina HiSeq 3000		European_Dogs		F		18.4549	18.5233	0.99630735						D		0	Beauceron01	Dogs	European_Dogs
Beauceron02	CRR037936	Beauceron02_31956	Canis	familiaris	Beauceron	BEAU									0				PRJNA648123	SAMN15625895	Illumina HiSeq 3000		European_Dogs		M		19.5943	19.7248	0.99338396						D		0	Beauceron02	Dogs	European_Dogs
BedlingtonTerrier01	CRR055120	BedlingtonTerrier01_27328	Canis	familiaris	Bedlington_Terrier	BEDT									0				PRJNA648123	SAMN15625727	Illumina HiSeq 3000		European_Dogs		M		18.8768	10.5638	1.78693273						D		0	BedlingtonTerrier01	Dogs	European_Dogs
BedlingtonTerrier02	CRR055169	BedlingtonTerrier02_33486	Canis	familiaris	Bedlington_Terrier	BEDT									0				PRJNA648123	SAMN15625730	Illumina HiSeq 3000		European_Dogs		M		19.0886	10.6762	1.78795826						D		0	BedlingtonTerrier02	Dogs	European_Dogs
BedlingtonTerrier03	CRR055174	BedlingtonTerrier03_33606	Canis	familiaris	Bedlington_Terrier	BEDT									0				PRJNA648123	SAMN15625731	Illumina HiSeq 3000		European_Dogs				20.8076	11.6164	1.7912262						D		0	BedlingtonTerrier03	Dogs	European_Dogs
BedlingtonTerrier04	CRR078119	BedlingtonTerrier04_28914	Canis	familiaris	Bedlington_Terrier	BEDT									0				PRJNA648123	SAMN15625728	Illumina HiSeq 3000		European_Dogs				11.3452	6.55362	1.73113485						D		0	BedlingtonTerrier04	Dogs	European_Dogs
BedlingtonTerrier05	CRR078120	BedlingtonTerrier05_31124	Canis	familiaris	Bedlington_Terrier	BEDT									0				PRJNA648123	SAMN15625729	Illumina HiSeq 3000		European_Dogs				16.8178	9.26081	1.81601825						D		0	BedlingtonTerrier05	Dogs	European_Dogs
BelgianLaekenois01	CRR078121	BelgianLaekenois01_34575	Canis	familiaris	Belgian_Laekenois	LAEK									0				PRJNA648123	SAMN15625892	Illumina HiSeq 3000		European_Dogs		F		17.2579	17.2925	0.99799913						D		0	BelgianLaekenois01	Dogs	European_Dogs
BelgianMalinois01		BelgianMalinois01	Canis	familiaris	Belgian_Malinois	BMAL									0				PRJNA192935	SAMN01974495	Illumina Genome Analyzer IIx		European_Dogs		F		10.6915	10.0483	1.06401083						D		0	BelgianMalinois01	Dogs	European_Dogs
BelgianMalinois02		BelgianMalinois02	Canis	familiaris	Belgian_Malinois	BMAL									0				PRJEB16012	SAMEA4504823	Illumina HiSeq 2000		European_Dogs		F		17.0234	17.0786	0.99676789						D		0	BelgianMalinois02	Dogs	European_Dogs
BelgianMalinois03		BelgianMalinois03	Canis	familiaris	Belgian_Malinois	BMAL									0				PRJEB16012	SAMEA4504826	Illumina HiSeq 2500		European_Dogs		F		16.6503	16.7578	0.99358508						D		0	BelgianMalinois03	Dogs	European_Dogs
BelgianMalinois04	MA0163	BelgianMalinois04	Canis	familiaris	Belgian_Malinois	BMAL									0				PRJEB16012	SAMEA104032048	Illumina HiSeq 3000		European_Dogs		M		30.8335	31.2459	0.98680147						D		0	BelgianMalinois04	Dogs	European_Dogs
BelgianMalinois05	MA142	BelgianMalinois05	Canis	familiaris	Belgian_Malinois	BMAL									0				PRJEB16012	SAMEA104125121	Illumina HiSeq 3000		European_Dogs				33.5123	19.1299	1.75182829						D		0	BelgianMalinois05	Dogs	European_Dogs
BelgianMalinois06	ERR2750973	BelgianMalinois06	Canis	familiaris	Belgian_Malinois	BMAL									0				PRJEB16012	SAMEA4848704	Illumina HiSeq 3000		European_Dogs				25.394	14.1715	1.79190629						D		0	BelgianMalinois06	Dogs	European_Dogs
BelgianMalinois07	CRR055109	BelgianMalinois07_25490	Canis	familiaris	Belgian_Malinois	BMAL									0				PRJNA648123	SAMN15625738	ILLUMINA HI-SEQ 3000		European_Dogs				18.7403	10.4362	1.7957015						D		0	BelgianMalinois07	Dogs	European_Dogs
BelgianMalinois08		BelgianMalinois08	Canis	familiaris	Belgian_Malinois	BMAL									0				PRJCA000978	SAMC046747	Illumina HiSeq 4000														D		0	BelgianMalinois08	Dogs	European_Dogs
BelgianMalinois09		BelgianMalinois09	Canis	familiaris	Belgian_Malinois	BMAL									0				PRJCA000978	SAMC046751	Illumina HiSeq 4000														D		0	BelgianMalinois09	Dogs	European_Dogs
BelgianMalinois10		BelgianMalinois10	Canis	familiaris	Belgian_Malinois	BMAL									0				PRJCA000978	SAMC046752	Illumina HiSeq 4000														D		0	BelgianMalinois10	Dogs	European_Dogs
BelgianMalinois11		BelgianMalinois11	Canis	familiaris	Belgian_Malinois	BMAL									0				PRJCA000978	SAMC046753	Illumina HiSeq 4000														D		0	BelgianMalinois11	Dogs	European_Dogs
BelgianMalinois12		BelgianMalinois12	Canis	familiaris	Belgian_Malinois	BMAL									0				PRJCA000978	SAMC046756	Illumina HiSeq 4000														D		0	BelgianMalinois12	Dogs	European_Dogs
BelgianMalinois13		BelgianMalinois13	Canis	familiaris	Belgian_Malinois	BMAL									0				PRJCA000978	SAMC046758	Illumina HiSeq 4000														D		0	BelgianMalinois13	Dogs	European_Dogs
BelgianMalinois14		BelgianMalinois14	Canis	familiaris	Belgian_Malinois	BMAL									0				PRJCA000978	SAMC046759	Illumina HiSeq 4000														D		0	BelgianMalinois14	Dogs	European_Dogs
BelgianMalinois15		BelgianMalinois15	Canis	familiaris	Belgian_Malinois	BMAL									0				PRJCA000978	SAMC046760	Illumina HiSeq 4000														D		0	BelgianMalinois15	Dogs	European_Dogs
BelgianMalinois16		BelgianMalinois16	Canis	familiaris	Belgian_Malinois	BMAL									0				PRJCA000978	SAMC046763	Illumina HiSeq 4000														D		0	BelgianMalinois16	Dogs	European_Dogs
BelgianMalinois17		BelgianMalinois17	Canis	familiaris	Belgian_Malinois	BMAL									0				PRJCA000978	SAMC046764	Illumina HiSeq 4000														D		0	BelgianMalinois17	Dogs	European_Dogs
BelgianMalinois18		BelgianMalinois18	Canis	familiaris	Belgian_Malinois	BMAL									0				PRJCA000978	SAMC046769	Illumina HiSeq 4000														D		0	BelgianMalinois18	Dogs	European_Dogs
BelgianMalinois19		BelgianMalinois19	Canis	familiaris	Belgian_Malinois	BMAL									0				PRJCA000978	SAMC046771	Illumina HiSeq 4000														D		0	BelgianMalinois19	Dogs	European_Dogs
BelgianMalinois20		BelgianMalinois20	Canis	familiaris	Belgian_Malinois	BMAL									0				PRJCA000978	SAMC046772	Illumina HiSeq 4000														D		0	BelgianMalinois20	Dogs	European_Dogs
BelgianMalinois21		BelgianMalinois21	Canis	familiaris	Belgian_Malinois	BMAL									0				PRJCA000978	SAMC046775	Illumina HiSeq 4000														D		0	BelgianMalinois21	Dogs	European_Dogs
BelgianMalinois22		BelgianMalinois22	Canis	familiaris	Belgian_Malinois	BMAL									0				PRJCA000978	SAMC046777	Illumina HiSeq 4000														D		0	BelgianMalinois22	Dogs	European_Dogs
BelgianMalinois23		BelgianMalinois23	Canis	familiaris	Belgian_Malinois	BMAL									0				PRJCA000978	SAMC046778	Illumina HiSeq 4000														D		0	BelgianMalinois23	Dogs	European_Dogs
BelgianMalinois24		BelgianMalinois24	Canis	familiaris	Belgian_Malinois	BMAL									0				PRJCA000978	SAMC046780	Illumina HiSeq 4000														D		0	BelgianMalinois24	Dogs	European_Dogs
BelgianMalinois25		BelgianMalinois25	Canis	familiaris	Belgian_Malinois	BMAL									0				PRJCA000978	SAMC046781	Illumina HiSeq 4000														D		0	BelgianMalinois25	Dogs	European_Dogs
BelgianMalinois26		BelgianMalinois26	Canis	familiaris	Belgian_Malinois	BMAL									0				PRJCA000978	SAMC046782	Illumina HiSeq 4000														D		0	BelgianMalinois26	Dogs	European_Dogs
BelgianMalinois27		BelgianMalinois27	Canis	familiaris	Belgian_Malinois	BMAL									0				PRJCA000978	SAMC046783	Illumina HiSeq 4000														D		0	BelgianMalinois27	Dogs	European_Dogs
BelgianMalinois28	CRR078122	BelgianMalinois28_24233	Canis	familiaris	Belgian_Malinois	BMAL									0				PRJNA648123	SAMN15625737	Illumina HiSeq 3000		European_Dogs		F		20.8734	20.992	0.99435023						D		0	BelgianMalinois28	Dogs	European_Dogs
BelgianSheepdog01		BelgianSheepdog01_27485	Canis	familiaris	Belgian_Sheepdog	BELS									0				PRJNA448733	SAMN08872842	ILLUMINA HI-SEQ 3000		European_Dogs		M		45.5056	45.9646	0.99001405			11/27/13			D		0	BelgianSheepdog01	Dogs	European_Dogs
BelgianSheepdog02		BelgianSheepdog02_23570	Canis	familiaris	Belgian_Sheepdog	BELS									0				PRJNA448733	SAMN08872843	ILLUMINA HI-SEQ 3000		European_Dogs		F		15.3211	8.67226	1.76667904			9/23/15			D		0	BelgianSheepdog02	Dogs	European_Dogs
BelgianSheepdog03		BelgianSheepdog03_23572	Canis	familiaris	Belgian_Sheepdog	BELS									0				PRJNA448733	SAMN08872844	ILLUMINA HI-SEQ 3000		European_Dogs		F		20.0191	20.4165	0.98053535			9/23/15			D		0	BelgianSheepdog03	Dogs	European_Dogs
BelgianSheepdog04		BelgianSheepdog04_24974	Canis	familiaris	Belgian_Sheepdog	BELS									0				PRJNA448733	SAMN08872845	ILLUMINA HI-SEQ 3000		European_Dogs				14.6308	14.9227	0.9804392			9/23/15			D		0	BelgianSheepdog04	Dogs	European_Dogs
BelgianSheepdog05		BelgianSheepdog05_15643	Canis	familiaris	Belgian_Sheepdog	BELS									0				PRJNA448733	SAMN08872846	ILLUMINA HI-SEQ 3000		European_Dogs		M		16.1601	9.10052	1.77573369			9/23/15			D		0	BelgianSheepdog05	Dogs	European_Dogs
BelgianSheepdog06		BelgianSheepdog06_24605	Canis	familiaris	Belgian_Sheepdog	BELS									0				PRJNA448733	SAMN08872847	ILLUMINA HI-SEQ 3000		European_Dogs		F		23.1399	13.1195	1.76377911			9/23/15			D		0	BelgianSheepdog06	Dogs	European_Dogs
BelgianSheepdog07		BelgianSheepdog07_24604	Canis	familiaris	Belgian_Sheepdog	BELS									0				PRJNA448733	SAMN08872848	ILLUMINA HI-SEQ 3000		European_Dogs		M		13.6036	13.87	0.98079308			9/23/15			D		0	BelgianSheepdog07	Dogs	European_Dogs
BelgianSheepdog08	CRR037919	BelgianSheepdog08_30647	Canis	familiaris	Belgian_Sheepdog	BELS									0				PRJNA648123	SAMN15625732	Illumina HiSeq 3000		European_Dogs		F		20.4132	11.2472	1.81495839						D		0	BelgianSheepdog08	Dogs	European_Dogs
BelgianSheepdog09	CRR037927	BelgianSheepdog09_31144	Canis	familiaris	Belgian_Sheepdog	BELS									0				PRJNA648123	SAMN15625733	Illumina HiSeq 3000		European_Dogs				19.1671	19.0236	1.00754326						D		0	BelgianSheepdog09	Dogs	European_Dogs
BelgianSheepdog10		BelgianSheepdog10_22740	Canis	familiaris	Belgian_Sheepdog	BELS									0				PRJNA685036	SAMN17192048	Illumina NovaSeq 6000		European_Dogs		M		30.6313	16.8848	1.81413461			6/19/19			D		0	BelgianSheepdog10	Dogs	European_Dogs
BelgianSheepdog11		BelgianSheepdog11_34638	Canis	familiaris	Belgian_Sheepdog	BELS									0				PRJNA685036	SAMN17192049	Illumina NovaSeq 6000		European_Dogs		F		26.7192	14.7733	1.80861419			6/19/19			D		0	BelgianSheepdog11	Dogs	European_Dogs
BelgianSheepdog12		BelgianSheepdog12_34665	Canis	familiaris	Belgian_Sheepdog	BELS									0				PRJNA685036	SAMN17192050	Illumina NovaSeq 6000		European_Dogs		M		30.409	30.4391	0.99901114			6/19/19			D		0	BelgianSheepdog12	Dogs	European_Dogs
BelgianSheepdog13		BelgianSheepdog13_35102	Canis	familiaris	Belgian_Sheepdog	BELS									0				PRJNA685036	SAMN17192051	Illumina NovaSeq 6000		European_Dogs		F		24.7568	24.711	1.00185343			6/19/19			D		0	BelgianSheepdog13	Dogs	European_Dogs
BelgianTervuren01		BelgianTervuren01_27484	Canis	familiaris	Belgian_Tervuren	TERV									0				PRJNA448733	SAMN08872849	Illumina NovaSeq 6000		European_Dogs		M		37.4903	38.0849	0.98438751			9/23/15			D		0	BelgianTervuren01	Dogs	European_Dogs
BelgianTervuren02		BelgianTervuren02_22754	Canis	familiaris	Belgian_Tervuren	TERV									0				PRJNA448733	SAMN08872850	Illumina NovaSeq 6000		European_Dogs		F		14.5738	8.26359	1.76361606			9/23/15			D		0	BelgianTervuren02	Dogs	European_Dogs
BelgianTervuren03		BelgianTervuren03_24639	Canis	familiaris	Belgian_Tervuren	TERV									0				PRJNA448733	SAMN08872851	Illumina NovaSeq 6000		European_Dogs		M		12.2446	12.5646	0.97453162			9/23/15			D		0	BelgianTervuren03	Dogs	European_Dogs
BelgianTervuren04		BelgianTervuren04_24613	Canis	familiaris	Belgian_Tervuren_See_Other_Information	TERV									0				PRJNA448733	SAMN08872859	Illumina NovaSeq 6000		European_Dogs		F		14.9749	8.46385	1.76927758			9/23/15			D		0	BelgianTervuren04	Dogs	European_Dogs
BelgianTervuren05		BelgianTervuren05_28307	Canis	familiaris	Belgian_Tervuren	TERV									0				PRJNA448733	SAMN08872852	Illumina NovaSeq 6000		European_Dogs		M		19.6836	19.8996	0.98914551			9/23/15			D		0	BelgianTervuren05	Dogs	European_Dogs
BelgianTervuren06		BelgianTervuren06_22771	Canis	familiaris	Belgian_Tervuren	TERV									0				PRJNA448733	SAMN08872853	Illumina NovaSeq 6000		European_Dogs		F		16.7271	9.45823	1.76852329			9/23/15			D		0	BelgianTervuren06	Dogs	European_Dogs
BelgianTervuren07		BelgianTervuren07_23576	Canis	familiaris	Belgian_Tervuren	TERV									0				PRJNA448733	SAMN08872854	Illumina NovaSeq 6000		European_Dogs		M		15.6921	16.0523	0.97756085			9/23/15			D		0	BelgianTervuren07	Dogs	European_Dogs
BelgianTervuren08		BelgianTervuren08_28302	Canis	familiaris	Belgian_Tervuren	TERV									0				PRJNA448733	SAMN08872855	Illumina NovaSeq 6000		European_Dogs		M		16.033	9.03221	1.77509159			9/23/15			D		0	BelgianTervuren08	Dogs	European_Dogs
BelgianTervuren09		BelgianTervuren09_28308	Canis	familiaris	Belgian_Tervuren	TERV									0				PRJNA448733	SAMN08872856	Illumina NovaSeq 6000		European_Dogs		F		15.9599	8.99862	1.77359417			9/23/15			D		0	BelgianTervuren09	Dogs	European_Dogs
BelgianTervuren10		BelgianTervuren10_22774	Canis	familiaris	Belgian_Tervuren	TERV									0				PRJNA448733	SAMN08872857	Illumina NovaSeq 6000		European_Dogs		F		16.962	17.2946	0.98076856			9/23/15			D		0	BelgianTervuren10	Dogs	European_Dogs
BelgianTervuren11		BelgianTervuren11_24620	Canis	familiaris	Belgian_Tervuren	TERV									0				PRJNA448733	SAMN08872858	Illumina NovaSeq 6000		European_Dogs		M		48.2004	49.1584	0.98051198			9/23/15			D		0	BelgianTervuren11	Dogs	European_Dogs
BelgianTervuren19	CRR037938	BelgianTervuren19_33058	Canis	familiaris	Belgian_Tervuren	TERV									0				PRJNA648123	SAMN15625726	Illumina HiSeq 3000		European_Dogs				17.7505	9.91118	1.79095728						D		0	BelgianTervuren19	Dogs	European_Dogs
BelgianTervuren20	CRR078123	BelgianTervuren20_34513	Canis	familiaris	Belgian_Tervuren	TERV									0				PRJNA648123	SAMN15626027	Illumina HiSeq 3000		European_Dogs		M		17.78	9.95416	1.78618789						D		0	BelgianTervuren20	Dogs	European_Dogs
BergerBlancSuisse01		BergerBlancSuisse01	Canis	familiaris	Berger_Blanc_Suisse										0				PRJEB16012	SAMEA4506887	Illumina HiSeq 2500		European_Dogs		F		16.5863	9.28219	1.78689512						D		0	BergerBlancSuisse01	Dogs	European_Dogs
BergerPicard01		BergerPicard01	Canis	familiaris	Berger_Picard	BGPC									0				PRJNA263947	SAMN03580405	Illumina HiSeq 2000		European_Dogs		F		25.2395	25.4755	0.9907362						D		0	BergerPicard01	Dogs	European_Dogs
BergerPicard02		BergerPicard02	Canis	familiaris	Berger_Picard	BGPC									0				PRJNA263947	SAMN04196849	Illumina HiSeq 2500		European_Dogs		F		25.632	25.6681	0.99859359						D		0	BergerPicard02	Dogs	European_Dogs
BergerPicard03		BergerPicard03	Canis	familiaris	Berger_Picard	BGPC									0				PRJNA263947	SAMN04196860	Illumina HiSeq 2500		European_Dogs		M		33.0813	33.4401	0.98927037						D		0	BergerPicard03	Dogs	European_Dogs
BergerPicard04	CFA.109670	BergerPicard04	Canis	familiaris	Berger_Picard	BGPC									0				PRJNA263947	SAMN06159678	HiSeq X Ten		European_Dogs		F		57.4548	31.857	1.80352199						D		0	BergerPicard04	Dogs	European_Dogs
BergerPicard05		BergerPicard05_33251	Canis	familiaris	Berger_Picard	BGPC									0				PRJNA685036	SAMN17192052	Illumina NovaSeq 6000		European_Dogs		F		25.6861	25.6777	1.00032713						D		0	BergerPicard05	Dogs	European_Dogs
BergerPicard06		BergerPicard06_33252	Canis	familiaris	Berger_Picard	BGPC									0				PRJNA685036	SAMN17192053	Illumina NovaSeq 6000		European_Dogs		F		24.9868	25.0656	0.99685625						D		0	BergerPicard06	Dogs	European_Dogs
BergerPicard07	SRR10077571	BergerPicard07	Canis	familiaris	Berger_Picard	BGPC									0				PRJNA263947	SAMN12700526	Illumina NovaSeq 6000		European_Dogs		M		34.3103	34.303	1.00021281						D		0	BergerPicard07	Dogs	European_Dogs
Bern_AlpineDachsbracke		Bern_AlpineDachsbracke	Canis	familiaris	Alpine_Dachsbracke										0				PRJEB14840	SAMEA4346711	Illumina HiSeq 2500		European_Dogs		F		34.9449	20.4969	1.70488708						D		0	Bern_AlpineDachsbracke	Dogs	European_Dogs
BerneseMountainDog01		BerneseMountainDog01_4679	Canis	familiaris	Bernese_Mountain_Dog	BMD-									0				PRJNA288568	SAMN03801648	Illumina HiSeq 2000		European_Dogs		F		44.4212	45.0191	0.98671897			11/27/13			D		0	BerneseMountainDog01	Dogs	European_Dogs
BerneseMountainDog02		BerneseMountainDog02_30814	Canis	familiaris	Bernese_Mountain_Dog	BMD-									0				PRJNA448733	SAMN08872866	Illumina HiSeq 2500		European_Dogs		M		49.0902	50.4161	0.97370086			7/21/15			D		0	BerneseMountainDog02	Dogs	European_Dogs
BerneseMountainDog03		BerneseMountainDog03_941	Canis	familiaris	Bernese_Mountain_Dog	BMD-									0				PRJNA448733	SAMN08872867	Illumina HiSeq 2500		European_Dogs		M		9.45044	5.25151	1.79956622			03/06/2016			D		0	BerneseMountainDog03	Dogs	European_Dogs
BerneseMountainDog04		BerneseMountainDog04_1003	Canis	familiaris	Bernese_Mountain_Dog	BMD-									0				PRJNA448733	SAMN08872868	Illumina HiSeq 2500		European_Dogs		F		10.3343	5.84151	1.76911449			03/06/2016			D		0	BerneseMountainDog04	Dogs	European_Dogs
BerneseMountainDog05		BerneseMountainDog05_1300	Canis	familiaris	Bernese_Mountain_Dog	BMD-									0				PRJNA448733	SAMN08872869	Illumina HiSeq 2500		European_Dogs		F		9.35487	9.55996	0.97854698			03/06/2016			D		0	BerneseMountainDog05	Dogs	European_Dogs
BerneseMountainDog06		BerneseMountainDog06_1441	Canis	familiaris	Bernese_Mountain_Dog	BMD-									0				PRJNA448733	SAMN08872870	Illumina HiSeq 2500		European_Dogs		F		7.65702	7.72828	0.99077932			03/06/2016			D		0	BerneseMountainDog06	Dogs	European_Dogs
BerneseMountainDog07		BerneseMountainDog07_2488	Canis	familiaris	Bernese_Mountain_Dog	BMD-									0				PRJNA448733	SAMN08872871	Illumina HiSeq 2500		European_Dogs		F		8.68575	8.89769	0.97618033			03/06/2016			D		0	BerneseMountainDog07	Dogs	European_Dogs
BerneseMountainDog08		BerneseMountainDog08_4164	Canis	familiaris	Bernese_Mountain_Dog	BMD-									0				PRJNA448733	SAMN08872872	Illumina HiSeq 2500		European_Dogs		M		8.67021	8.39318	1.03300656			03/06/2016			D		0	BerneseMountainDog08	Dogs	European_Dogs
BerneseMountainDog09		BerneseMountainDog09_4666	Canis	familiaris	Bernese_Mountain_Dog	BMD-									0				PRJNA448733	SAMN08872873	Illumina HiSeq 2500		European_Dogs		F		9.60641	5.44538	1.76413951			03/06/2016			D		0	BerneseMountainDog09	Dogs	European_Dogs
BerneseMountainDog10		BerneseMountainDog10_4687	Canis	familiaris	Bernese_Mountain_Dog	BMD-									0				PRJNA448733	SAMN08872874	Illumina HiSeq 2500		European_Dogs		M		8.56697	8.88312	0.96441003			03/06/2016			D		0	BerneseMountainDog10	Dogs	European_Dogs
BerneseMountainDog11		BerneseMountainDog11_4767	Canis	familiaris	Bernese_Mountain_Dog	BMD-									0				PRJNA448733	SAMN08872875	Illumina HiSeq 2500		European_Dogs		F		11.3299	6.31884	1.7930348			03/06/2016			D		0	BerneseMountainDog11	Dogs	European_Dogs
BerneseMountainDog12		BerneseMountainDog12_4851	Canis	familiaris	Bernese_Mountain_Dog	BMD-									0				PRJNA448733	SAMN08872876	Illumina HiSeq 2500		European_Dogs		F		10.7539	10.965	0.98074783			03/06/2016			D		0	BerneseMountainDog12	Dogs	European_Dogs
BerneseMountainDog13		BerneseMountainDog13_7507	Canis	familiaris	Bernese_Mountain_Dog	BMD-									0				PRJNA448733	SAMN08872877	Illumina HiSeq 2500		European_Dogs		F		8.61537	8.81847	0.97696879			03/06/2016			D		0	BerneseMountainDog13	Dogs	European_Dogs
BerneseMountainDog14		BerneseMountainDog14_12307	Canis	familiaris	Bernese_Mountain_Dog	BMD-									0				PRJNA448733	SAMN08872878	Illumina HiSeq 2500		European_Dogs		M		11.1957	11.551	0.96924076			03/06/2016			D		0	BerneseMountainDog14	Dogs	European_Dogs
BerneseMountainDog15		BerneseMountainDog15_13020	Canis	familiaris	Bernese_Mountain_Dog	BMD-									0				PRJNA448733	SAMN08872879	Illumina HiSeq 2500		European_Dogs		F		8.6809	5.08508	1.70713145			03/06/2016			D		0	BerneseMountainDog15	Dogs	European_Dogs
BerneseMountainDog16		BerneseMountainDog16_13108	Canis	familiaris	Bernese_Mountain_Dog	BMD-									0				PRJNA448733	SAMN08872880	Illumina HiSeq 2500		European_Dogs		F		10.0181	10.1952	0.98262908			03/06/2016			D		0	BerneseMountainDog16	Dogs	European_Dogs
BerneseMountainDog17		BerneseMountainDog17_20139	Canis	familiaris	Bernese_Mountain_Dog	BMD-									0				PRJNA448733	SAMN08872881	Illumina HiSeq 2500		European_Dogs		F		7.98257	8.11411	0.98378873			03/06/2016			D		0	BerneseMountainDog17	Dogs	European_Dogs
BerneseMountainDog18		BerneseMountainDog18_969	Canis	familiaris	Bernese_Mountain_Dog	BMD-									0				PRJNA448733	SAMN08872882	Illumina HiSeq 2500		European_Dogs				13.6232	13.5572	1.00486826			03/06/2016			D		0	BerneseMountainDog18	Dogs	European_Dogs
BerneseMountainDog19		BerneseMountainDog19_11957	Canis	familiaris	Bernese_Mountain_Dog	BMD-									0				PRJNA726547	SAMN28900530	Illumina NovaSeq 6000		European_Dogs												D		0	BerneseMountainDog19	Dogs	European_Dogs
BerneseMountainDog20		BerneseMountainDog20_21874	Canis	familiaris	Bernese_Mountain_Dog	BMD-									0				PRJNA726547	SAMN29011965	Illumina NovaSeq 6000		European_Dogs												D		0	BerneseMountainDog20	Dogs	European_Dogs
BerneseMountainDog21		BerneseMountainDog21_21878	Canis	familiaris	Bernese_Mountain_Dog	BMD-									0				PRJNA726547	SAMN29011966	Illumina NovaSeq 6000		European_Dogs												D		0	BerneseMountainDog21	Dogs	European_Dogs
BerneseMountainDog22		BerneseMountainDog22_26577	Canis	familiaris	Bernese_Mountain_Dog	BMD-									0				PRJNA726547	SAMN28900531	Illumina NovaSeq 6000		European_Dogs												D		0	BerneseMountainDog22	Dogs	European_Dogs
BerneseMountainDog23		BerneseMountainDog23_26606	Canis	familiaris	Bernese_Mountain_Dog	BMD-									0				PRJNA726547	SAMN29011967	Illumina NovaSeq 6000		European_Dogs												D		0	BerneseMountainDog23	Dogs	European_Dogs
BerneseMountainDog24		BerneseMountainDog24_28441	Canis	familiaris	Bernese_Mountain_Dog	BMD-									0				PRJNA726547	SAMN29011968	Illumina NovaSeq 6000		European_Dogs		F										D		0	BerneseMountainDog24	Dogs	European_Dogs
BerneseMountainDog25	CRR055173	BerneseMountainDog25_33589	Canis	familiaris	Bernese_Mountain_Dog	BMD-									0				PRJNA648123	SAMN15625755	Illumina HiSeq 3000		European_Dogs				21.6925	21.4805	1.00986942						D		0	BerneseMountainDog25	Dogs	European_Dogs
BerneseMountainDog26	CRR078124	BerneseMountainDog26_34297	Canis	familiaris	Bernese_Mountain_Dog	BMD-									0				PRJNA648123	SAMN15625756	Illumina HiSeq 3000		European_Dogs				17.5087	17.7586	0.98592795						D		0	BerneseMountainDog26	Dogs	European_Dogs
BichonFrise01	ERR2865335	BichonFrise01	Canis	familiaris	Bichon_Frise	BICH									0				PRJEB16012	SAMEA5059512	Illumina HiSeq 2500		European_Dogs		F										D		0	BichonFrise01	Dogs	European_Dogs
BichonFrise02	CRR037813	BichonFrise02_974	Canis	familiaris	Bichon_Frise	BICH									0				PRJNA648123	SAMN15625734	Illumina HiSeq 3000		European_Dogs		F		18.9688	19.1594	0.99005188						D		0	BichonFrise02	Dogs	European_Dogs
BichonFrise03	CRR037860	BichonFrise03_13125	Canis	familiaris	Bichon_Frise	BICH									0				PRJNA648123	SAMN15625735	Illumina HiSeq 3000		European_Dogs		F		19.9298	19.607	1.01646351						D		0	BichonFrise03	Dogs	European_Dogs
BichonFrise04	CRR037863	BichonFrise04_13198	Canis	familiaris	Bichon_Frise	BICH									0				PRJNA648123	SAMN15625736	Illumina HiSeq 3000		European_Dogs		M		18.6681	18.7248	0.99697193						D		0	BichonFrise04	Dogs	European_Dogs
BiewerTerrier01		BiewerTerrier01_33805	Canis	familiaris	Biewer_Terrier	BWRT									0				PRJNA685036	SAMN17192054	Illumina NovaSeq 6000		European_Dogs		F		26.3631	14.482	1.82040464						D		0	BiewerTerrier01	Dogs	European_Dogs
BiewerTerrier02	CRR055136	BiewerTerrier02_31246	Canis	familiaris	Biewer_Terrier	BWRT									0				PRJNA648123	SAMN15625766	Illumina HiSeq 3000		European_Dogs		M		15.8377	15.8022	1.00224652						D		0	BiewerTerrier02	Dogs	European_Dogs
BiewerTerrier03	CRR055137	BiewerTerrier03_31247	Canis	familiaris	Biewer_Terrier	BWRT									0				PRJNA648123	SAMN15625767	Illumina HiSeq 3000		European_Dogs		M		20.3114	11.2594	1.80395048						D		0	BiewerTerrier03	Dogs	European_Dogs
BiewerTerrier04	CRR055138	BiewerTerrier04_31248	Canis	familiaris	Biewer_Terrier	BWRT									0				PRJNA648123	SAMN15625768	Illumina HiSeq 3000		European_Dogs		M		17.0708	9.50884	1.79525578						D		0	BiewerTerrier04	Dogs	European_Dogs
BiewerTerrier05	CRR055139	BiewerTerrier05_31253	Canis	familiaris	Biewer_Terrier	BWRT									0				PRJNA648123	SAMN15625769	Illumina HiSeq 3000		European_Dogs		F		16.3661	9.19224	1.78042566						D		0	BiewerTerrier05	Dogs	European_Dogs
BiewerTerrier06	CRR055140	BiewerTerrier06_31256	Canis	familiaris	Biewer_Terrier	BWRT									0				PRJNA648123	SAMN15625770	Illumina HiSeq 3000		European_Dogs				16.1031	16.0239	1.00494262						D		0	BiewerTerrier06	Dogs	European_Dogs
BiewerTerrier07	CRR078125	BiewerTerrier07_34303	Canis	familiaris	Biewer_Terrier	BWRT									0				PRJNA648123	SAMN15625771	Illumina HiSeq 3000		European_Dogs				18.9635	10.6303	1.78391014						D		0	BiewerTerrier07	Dogs	European_Dogs
BlackBackedJackal01	C.mesomelas	BlackBackedJackal01	Canis	mesomelas	Black_Backed_Jackal										0								Outgroup		F										W		0	BlackBackedJackal01	Outgroup	Wolves
BlackRussianTerrier01	SRR1784051	BlackRussianTerrier01	Canis	familiaris	Black_Russian_Terrier	BRTR									0				PRJNA263947	SAMN03323668	Illumina HiSeq 2000		European_Dogs		F		37.3834	37.579	0.99479497						D		0	BlackRussianTerrier01	Dogs	European_Dogs
Bloodhound01		Bloodhound01_25394	Canis	familiaris	Bloodhound	BLDH									0				PRJNA288568	SAMN03801649	Illumina HiSeq 2000		European_Dogs				39.0068	39.7652	0.98092805			11/27/13			D		0	Bloodhound01	Dogs	European_Dogs
Boerboel01		Boerboel01_21873	Canis	familiaris	Boerboel	Boer									0				PRJNA648123	SAMN15625739	Illumina HiSeq 3000		African_NearEast_India_Dogs				19.122	18.9653	1.00826246						D		0	Boerboel01	Dogs	African_NearEast_India_Dogs
Boerboel02		Boerboel02_33148	Canis	familiaris	Boerboel	Boer									0				PRJNA648123	SAMN15625740	Illumina HiSeq 3000		African_NearEast_India_Dogs		F		20.4688	11.3992	1.79563478						D		0	Boerboel02	Dogs	African_NearEast_India_Dogs
BorderCollie01		BorderCollie01	Canis	familiaris	Border_Collie	BORD									0				PRJNA188158	SAMN01908107	Illumina HiSeq 2000		European_Dogs		M		10.7368	10.5889	1.01396746						D		0	BorderCollie01	Dogs	European_Dogs
BorderCollie02		BorderCollie02	Canis	familiaris	Border_Collie	BORD									0				PRJNA288568	SAMN03801650	Illumina Genome Analyzer IIx		European_Dogs		M		18.9138	10.7616	1.75752676						D		0	BorderCollie02	Dogs	European_Dogs
BorderCollie03		BorderCollie03	Canis	familiaris	Border_Collie	BORD									0				PRJNA288568	SAMN03801651	Illumina Genome Analyzer IIx		European_Dogs		F		28.6626	16.1885	1.77055317						D		0	BorderCollie03	Dogs	European_Dogs
BorderCollie06		BorderCollie06	Canis	familiaris	Border_Collie	BORD									0				PRJEB16012	SAMEA4505490	Illumina HiSeq 2000		European_Dogs		F		4.51903	4.59709	0.98301969						D		0	BorderCollie06	Dogs	European_Dogs
BorderCollie07		BorderCollie07	Canis	familiaris	Border_Collie	BORD									0				PRJEB16012	SAMEA4504821	Illumina HiSeq 2000		European_Dogs		F		21.4716	22.0178	0.9751928						D		0	BorderCollie07	Dogs	European_Dogs
BorderCollie08		BorderCollie08	Canis	familiaris	Border_Collie	BORD									0				PRJEB12337	SAMEA3724571	Illumina HiSeq 2500		European_Dogs		F		30.3248	30.4751	0.99506811						D		0	BorderCollie08	Dogs	European_Dogs
BorderCollie09	BC0480	BorderCollie09	Canis	familiaris	Border_Collie	BORD									0				PRJEB16012	SAMEA104091558	Illumina HiSeq 3000		European_Dogs		M		31.0284	30.2771	1.02481413						D		0	BorderCollie09	Dogs	European_Dogs
BorderCollie10	BC485	BorderCollie10	Canis	familiaris	Border_Collie	BORD									0				PRJEB16012	SAMEA104125112	Illumina HiSeq 3000		European_Dogs		F		25.9237	14.4547	1.79344435						D		0	BorderCollie10	Dogs	European_Dogs
BorderCollie11	BC518	BorderCollie11	Canis	familiaris	Border_Collie	BORD									0				PRJEB16012	SAMEA104125113	Illumina HiSeq 3000		European_Dogs		M		26.7622	27.0725	0.98853819						D		0	BorderCollie11	Dogs	European_Dogs
BorderCollie12	BC597	BorderCollie12	Canis	familiaris	Border_Collie	BORD									0				PRJEB16012	SAMEA104125115	Illumina HiSeq 3000		European_Dogs		M		23.3905	13.0725	1.7892905						D		0	BorderCollie12	Dogs	European_Dogs
BorderCollie13	Helsinki_BC1028	BorderCollie13	Canis	familiaris	Border_Collie	BORD									0				PRJNA319610	SAMN04908310	Illumina HiSeq 2500		European_Dogs		F		27.2625	15.3049	1.78129227						D		0	BorderCollie13	Dogs	European_Dogs
BorderCollie14	Helsinki_BC1029	BorderCollie14	Canis	familiaris	Border_Collie	BORD									0				PRJNA319610	SAMN04908311	Illumina HiSeq 2500		European_Dogs		M		25.8034	25.9828	0.99309543						D		0	BorderCollie14	Dogs	European_Dogs
BorderCollie15	Helsinki_BC222	BorderCollie15	Canis	familiaris	Border_Collie	BORD									0				PRJNA319610	SAMN04908307	Illumina HiSeq 2500		European_Dogs		M		26.1475	14.5446	1.79774624						D		0	BorderCollie15	Dogs	European_Dogs
BorderCollie16	Helsinki_BC387	BorderCollie16	Canis	familiaris	Border_Collie	BORD									0				PRJNA319610	SAMN04908308	Illumina HiSeq 2500		European_Dogs		M		24.7281	13.7895	1.79325574						D		0	BorderCollie16	Dogs	European_Dogs
BorderCollie17	Helsinki_BC578	BorderCollie17	Canis	familiaris	Border_Collie	BORD									0				PRJNA319610	SAMN04908309	Illumina HiSeq 2000		European_Dogs				27.035	15.1451	1.7850658						D		0	BorderCollie17	Dogs	European_Dogs
BorderCollie18		BorderCollie18_33928	Canis	familiaris	Border_Collie	BORD									0				PRJNA685036	SAMN17192055	Illumina NovaSeq 6000		European_Dogs				35.6522	35.4584	1.00546556						D		0	BorderCollie18	Dogs	European_Dogs
BorderCollie19		BorderCollie19_33939	Canis	familiaris	Border_Collie	BORD									0				PRJNA685036	SAMN17192056	Illumina NovaSeq 6000		European_Dogs				25.0963	25.018	1.00312975						D		0	BorderCollie19	Dogs	European_Dogs
BorderCollie20		BorderCollie20_33967	Canis	familiaris	Border_Collie	BORD									0				PRJNA685036	SAMN17192057	Illumina NovaSeq 6000		European_Dogs				58.1001	32.1126	1.80926179						D		0	BorderCollie20	Dogs	European_Dogs
BorderCollie21		BorderCollie21_34026	Canis	familiaris	Border_Collie	BORD									0				PRJNA685036	SAMN17192058	Illumina NovaSeq 6000		European_Dogs				28.8231	28.6613	1.00564524						D		0	BorderCollie21	Dogs	European_Dogs
BorderCollie22		BorderCollie22_34073	Canis	familiaris	Border_Collie	BORD									0				PRJNA685036	SAMN17192059	Illumina NovaSeq 6000		European_Dogs				27.3124	15.1532	1.80241797						D		0	BorderCollie22	Dogs	European_Dogs
BorderCollie23		BorderCollie23_34101	Canis	familiaris	Border_Collie	BORD									0				PRJNA685036	SAMN17192060	Illumina NovaSeq 6000		European_Dogs				39.8587	40.2444	0.99041606						D		0	BorderCollie23	Dogs	European_Dogs
BorderCollie24	ERR2759432	BorderCollie24	Canis	familiaris	Border_Collie	BORD									0				PRJEB16012	SAMEA4867922	Illumina HiSeq 3000		European_Dogs		F										D		0	BorderCollie24	Dogs	European_Dogs
BorderCollie25		BorderCollie25_BC_27398	Canis	familiaris	Border_Collie	BORD									0				PRJNA726547	SAMN30953142	Illumina NovaSeq 6000		European_Dogs												D		0	BorderCollie25	Dogs	European_Dogs
BorderCollie26		BorderCollie26_BC_30512	Canis	familiaris	Border_Collie	BORD									0				PRJNA726547	SAMN30953143	Illumina NovaSeq 6000		European_Dogs												D		0	BorderCollie26	Dogs	European_Dogs
BorderCollie27		BorderCollie27_BC_31618	Canis	familiaris	Border_Collie	BORD									0				PRJNA726547	SAMN30953144	Illumina NovaSeq 6000		European_Dogs												D		0	BorderCollie27	Dogs	European_Dogs
BorderCollie28	SRR10077552	BorderCollie28	Canis	familiaris	Border_Collie	BORD									0				PRJNA263947	SAMN12700547	Illumina NovaSeq 6000		European_Dogs				39.5723	39.547	1.00063975						D		0	BorderCollie28	Dogs	European_Dogs
BorderCollie29	SRR10752615	BorderCollie29	Canis	familiaris	Border_Collie	BORD									0				PRJNA263947	SAMN13655895	Illumina NovaSeq 6000		European_Dogs		F		32.2265	31.8139	1.01296917						D		0	BorderCollie29	Dogs	European_Dogs
BorderTerrier01		BorderTerrier01	Canis	familiaris	Border_Terrier	BORT									0				PRJNA263947	SAMN03580407	Illumina HiSeq 2000		European_Dogs		F		23.9053	24.1929	0.98811222						D		0	BorderTerrier01	Dogs	European_Dogs
BorderTerrier02		BorderTerrier02	Canis	familiaris	Border_Terrier	BORT									0				PRJNA263947	SAMN04196855	Illumina HiSeq 2000		European_Dogs		M		33.0344	33.4518	0.98752235						D		0	BorderTerrier02	Dogs	European_Dogs
BorderTerrier03		BorderTerrier03	Canis	familiaris	Border_Terrier	BORT									0				PRJNA263947	SAMN04196856	Illumina HiSeq 2000		European_Dogs		M		30.4872	17.4115	1.75098067						D		0	BorderTerrier03	Dogs	European_Dogs
BorderTerrier04	CFA.107838	BorderTerrier04	Canis	familiaris	Border_Terrier	BORT									0				PRJNA263947	SAMN06159673	HiSeq X Ten		European_Dogs		F		43.2732	23.9522	1.80664824						D		0	BorderTerrier04	Dogs	European_Dogs
Borzoi01		Borzoi01_13141	Canis	familiaris	Borzoi	BORZ									0				PRJNA448733	SAMN08872905	Illumina HiSeq 2500		African_NearEast_India_Dogs		F		50.8505	51.7766	0.98211354			10/29/14			D		0	Borzoi01	Dogs	African_NearEast_India_Dogs
BostonTerrier01		BostonTerrier01_950	Canis	familiaris	Boston_Terrier	BOST									0				PRJNA448733	SAMN08872906	Illumina HiSeq 2500		American_European_Dogs				54.2211	55.2645	0.98111989			10/29/14			D		0	BostonTerrier01	Dogs	European_Dogs
BostonTerrier02	SRR10752622	BostonTerrier02	Canis	familiaris	Boston_Terrier	BOST									0				PRJNA263947	SAMN13655920	Illumina NovaSeq 6000		American_European_Dogs				37.315	20.5432	1.81641614						D		0	BostonTerrier02	Dogs	European_Dogs
BostonTerrier03	SRR10752636	BostonTerrier03	Canis	familiaris	Boston_Terrier	BOST									0				PRJNA263947	SAMN13655890	Illumina NovaSeq 6000		American_European_Dogs		F		30.6235	30.3707	1.00832381						D		0	BostonTerrier03	Dogs	European_Dogs
BouvierDesFlandres01		BouvierDesFlandres01_29776	Canis	familiaris	Bouvier_des_Flandres	BOUV									0				PRJNA448733	SAMN08872908	Illumina HiSeq 2500		European_Dogs		M		63.3404	64.5868	0.98070194			7/21/15			D		0	BouvierDesFlandres01	Dogs	European_Dogs
BouvierDesFlandres02		BouvierDesFlandres02_30531	Canis	familiaris	Bouvier_des_Flandres	BOUV									0				PRJNA448733	SAMN08872909	Illumina HiSeq 2500		European_Dogs		M		21.8817	12.2762	1.78244897			9/23/15			D		0	BouvierDesFlandres02	Dogs	European_Dogs
BouvierDesFlandres03	CFA.107836	BouvierDesFlandres03	Canis	familiaris	Bouvier_des_Flandres	BOUV									0				PRJNA263947	SAMN06159671	HiSeq X Ten		European_Dogs		F		40.9536	22.6082	1.81144894						D		0	BouvierDesFlandres03	Dogs	European_Dogs
BouvierDesFlandres04		BouvierDesFlandres04_28721	Canis	familiaris	Bouvier_Des_Flandres	BOUV									0				PRJNA685036	SAMN17192061	Illumina NovaSeq 6000		European_Dogs		F		38.3487	38.307	1.00108857						D		0	BouvierDesFlandres04	Dogs	European_Dogs
BouvierDesFlandres05		BouvierDesFlandres05_20143	Canis	familiaris	Bouvier_Des_Flandres	BOUV									0				PRJNA685036	SAMN17192062	Illumina NovaSeq 6000		European_Dogs		M		25.7801	25.5191	1.01022763						D		0	BouvierDesFlandres05	Dogs	European_Dogs
BouvierdesFlandres06		BouvierdesFlandres06_15380	Canis	familiaris	Bouvier_des_Flandres	BOUV									0				PRJNA648123	SAMN15625741	Illumina HiSeq 3000		European_Dogs		M		21.2458	11.7252	1.81197762						D		0	BouvierdesFlandres06	Dogs	European_Dogs
BouvierdesFlandres07		BouvierdesFlandres07_22254	Canis	familiaris	Bouvier_des_Flandres	BOUV									0				PRJNA648123	SAMN15625742	Illumina HiSeq 3000		European_Dogs		F		20.7285	11.5613	1.79292121						D		0	BouvierdesFlandres07	Dogs	European_Dogs
Boxer01		Boxer01	Canis	familiaris	Boxer	BOX-									0				PRJNA255370	SAMN02921305	Illumina HiSeq 1000		European_Dogs		F		29.9085	30.5968	0.97750418						D		0	Boxer01	Dogs	European_Dogs
Boxer02		Boxer02_21522	Canis	familiaris	Boxer	BOX-									0				PRJNA648123	SAMN15625743	Illumina HiSeq 3000		European_Dogs		M		22.9064	22.6896	1.00955504						D		0	Boxer02	Dogs	European_Dogs
Boxer03		Boxer03_27749	Canis	familiaris	Boxer	BOX-									0				PRJNA648123	SAMN15625744	Illumina HiSeq 3000		European_Dogs		M		20.4473	10.9421	1.86868152						D		0	Boxer03	Dogs	European_Dogs
BoykinSpaniel01		BoykinSpaniel01_9997	Canis	familiaris	Boykin_Spaniel	BOYK									0				PRJNA648123	SAMN15625746	Illumina HiSeq 3000		American_European_Dogs		M		20.9917	11.6488	1.80204828						D		0	BoykinSpaniel01	Dogs	European_Dogs
BoykinSpaniel02		BoykinSpaniel02_9998	Canis	familiaris	Boykin_Spaniel	BOYK									0				PRJNA648123	SAMN15625747	Illumina HiSeq 3000		American_European_Dogs		M		21.2046	11.7733	1.80107531						D		0	BoykinSpaniel02	Dogs	European_Dogs
BoykinSpaniel03		BoykinSpaniel03_10013	Canis	familiaris	Boykin_Spaniel	BOYK									0				PRJNA648123	SAMN15625749	Illumina HiSeq 3000		American_European_Dogs				20.1208	11.1644	1.80222851						D		0	BoykinSpaniel03	Dogs	European_Dogs
BoykinSpaniel04		BoykinSpaniel04_9911	Canis	familiaris	Boykin_Spaniel	BOYK									0				PRJNA648123	SAMN15625745	Illumina HiSeq 3000		American_European_Dogs				17.4951	9.78908	1.78720574						D		0	BoykinSpaniel04	Dogs	European_Dogs
BoykinSpaniel05		BoykinSpaniel05_10012	Canis	familiaris	Boykin_Spaniel	BOYK									0				PRJNA648123	SAMN15625748	Illumina HiSeq 3000		American_European_Dogs		F		17.4247	17.3202	1.00603342						D		0	BoykinSpaniel05	Dogs	European_Dogs
Briard01		Briard01_15126	Canis	familiaris	Briard	BRIA									0				PRJNA648123	SAMN15625750	Illumina HiSeq 3000		American_European_Dogs		F		18.0178	17.8899	1.00714929						D		0	Briard01	Dogs	European_Dogs
Briard02		Briard02_20209	Canis	familiaris	Briard	BRIA									0				PRJNA648123	SAMN15625751	Illumina HiSeq 3000		American_European_Dogs		F		18.7632	18.83	0.99645247						D		0	Briard02	Dogs	European_Dogs
Briard03		Briard03_20268	Canis	familiaris	Briard	BRIA									0				PRJNA648123	SAMN15625752	Illumina HiSeq 3000		American_European_Dogs		M		19.8433	19.7485	1.00480037						D		0	Briard03	Dogs	European_Dogs
BrittanySpaniel01		BrittanySpaniel01	Canis	familiaris	Brittany	BRIT									0				PRJNA288568	SAMN03801653	Illumina Genome Analyzer IIx		American_European_Dogs		M		10.1812	5.82125	1.74897144						D		0	BrittanySpaniel01	Dogs	European_Dogs
BrittanySpaniel02		BrittanySpaniel02_33265	Canis	familiaris	Brittany	BRIT									0				PRJNA648123	SAMN15625754	Illumina HiSeq 3000		American_European_Dogs				20.288	11.3277	1.79100788						D		0	BrittanySpaniel02	Dogs	European_Dogs
BrittanySpaniel03		BrittanySpaniel03_12726	Canis	familiaris	Brittany	BRIT									0				PRJNA648123	SAMN15625753	Illumina HiSeq 3000		American_European_Dogs		F		17.338	17.3665	0.99835891						D		0	BrittanySpaniel03	Dogs	European_Dogs
BrusselsGriffon01		BrusselsGriffon01_6033	Canis	familiaris	Brussels_Griffon	BRUS									0				PRJNA648123	SAMN15625758	Illumina HiSeq 3000		American_European_Dogs		F		18.6835	18.6292	1.00291478						D		0	BrusselsGriffon01	Dogs	European_Dogs
BrusselsGriffon02		BrusselsGriffon02_6692	Canis	familiaris	Brussels_Griffon	BRUS									0				PRJNA648123	SAMN15625759	Illumina HiSeq 3000		American_European_Dogs		F		21.1602	21.2314	0.99664648						D		0	BrusselsGriffon02	Dogs	European_Dogs
BrusselsGriffon03		BrusselsGriffon03_15571	Canis	familiaris	Brussels_Griffon	BRUS									0				PRJNA648123	SAMN15625760	Illumina HiSeq 3000		American_European_Dogs		F		19.2768	19.2124	1.003352						D		0	BrusselsGriffon03	Dogs	European_Dogs
BrusselsGriffon04		BrusselsGriffon04_21511	Canis	familiaris	Brussels_Griffon	BRUS									0				PRJNA648123	SAMN15625761	Illumina HiSeq 3000		American_European_Dogs		M		20.397	20.2926	1.00514473						D		0	BrusselsGriffon04	Dogs	European_Dogs
BrusselsGriffon05		BrusselsGriffon05_31228	Canis	familiaris	Brussels_Griffon	BRUS									0				PRJNA648123	SAMN15625762	Illumina HiSeq 3000		American_European_Dogs				18.1019	10.2293	1.76961278						D		0	BrusselsGriffon05	Dogs	European_Dogs
BrusselsGriffon06		BrusselsGriffon06_3036	Canis	familiaris	Brussels_Griffon	BRUS									0				PRJNA648123	SAMN15625757	Illumina HiSeq 3000		American_European_Dogs		M		18.0007	10.0293	1.7948112						D		0	BrusselsGriffon06	Dogs	European_Dogs
BullMastiff01		Bulldog01_14566	Canis	familiaris	Bulldog	BULD									0				PRJNA288568	SAMN03801654	Illumina HiSeq 2000		American_European_Dogs		F		52.3821	52.2868	1.00182264			3/23/14			D		0	Bulldog01	Dogs	European_Dogs
BullMastiff02	BU002	BullMastiff01	Canis	familiaris	Bullmastiff	BULM									0				PRJEB16012	SAMEA103949042	Illumina HiSeq 3000		American_European_Dogs		F		13.8461	7.73634	1.78974812						D		0	BullMastiff01	Dogs	European_Dogs
BullMastiff03		BullMastiff02_1125	Canis	familiaris	Bullmastiff	BULM									0				PRJNA648123	SAMN15625763	Illumina HiSeq 3000		American_European_Dogs		M		20.3753	20.0376	1.01685332						D		0	BullMastiff02	Dogs	European_Dogs
BullTerrier01		BullMastiff03_26414	Canis	familiaris	Bullmastiff	BULM									0				PRJNA648123	SAMN15625764	Illumina HiSeq 3000		American_European_Dogs		F		20.6369	11.5372	1.7887269						D		0	BullMastiff03	Dogs	European_Dogs
BullTerrier02		BullTerrier01	Canis	familiaris	Bull_Terrier	BULT									0				PRJNA448733	SAMN08872913	Illumina HiSeq 2500		American_European_Dogs		M		38.0364	38.6128	0.98507231						D		0	BullTerrier01	Dogs	European_Dogs
BullTerrier03		BullTerrier02	Canis	familiaris	Bull_Terrier	BULT									0				PRJNA448733	SAMN08872914	Illumina HiSeq 2500		American_European_Dogs		M		41.7003	23.2819	1.79110382						D		0	BullTerrier02	Dogs	European_Dogs
BullTerrier04		BullTerrier03_23604	Canis	familiaris	Bull_Terrier	BULT									0				PRJNA448733	SAMN08872915	Illumina HiSeq 2500		American_European_Dogs		M		49.6998	27.8097	1.78713902			3/17/16			D		0	BullTerrier03	Dogs	European_Dogs
BullTerrier05		BullTerrier04_23664	Canis	familiaris	Bull_Terrier	BULT									0				PRJNA448733	SAMN08872916	Illumina HiSeq 2500		American_European_Dogs		M		48.3324	26.952	1.79327694			3/17/16			D		0	BullTerrier04	Dogs	European_Dogs
BullTerrier06		BullTerrier05_23673	Canis	familiaris	Bull_Terrier	BULT									0				PRJNA448733	SAMN08872917	Illumina HiSeq 2500		American_European_Dogs		F		61.8073	34.6729	1.78258236			3/17/16			D		0	BullTerrier05	Dogs	European_Dogs
BullTerrier07		BullTerrier06	Canis	familiaris	Bull_Terrier	BULT									0				PRJNA448733	SAMN08872918	Illumina HiSeq 2500		American_European_Dogs		M		93.8265	95.9352	0.97801954						D		0	BullTerrier06	Dogs	European_Dogs
BullTerrier08		BullTerrier07	Canis	familiaris	Bull_Terrier	BULT									0				PRJNA448733	SAMN08872919	Illumina HiSeq 2500		American_European_Dogs		M		7.43861	4.28866	1.7344835						D		0	BullTerrier07	Dogs	European_Dogs
BullTerrier09		BullTerrier08	Canis	familiaris	Bull_Terrier	BULT									0				PRJNA448733	SAMN08872920	Illumina HiSeq 2500		American_European_Dogs		F		8.15817	4.68432	1.7415911						D		0	BullTerrier08	Dogs	European_Dogs
BullTerrier10	BT1021	BullTerrier09	Canis	familiaris	Bull_Terrier	BULT									0				PRJEB16012	SAMEA104125116	Illumina HiSeq 3000		American_European_Dogs				23.1618	23.5249	0.98456529						D		0	BullTerrier09	Dogs	European_Dogs
BullTerrier11		BullTerrier10_23587	Canis	familiaris	Bull_Terrier	BULT									0				PRJNA726547	SAMN29011969	Illumina NovaSeq 6000		American_European_Dogs				29.7924	29.6687	1.00416938			01/07/2019			D		0	BullTerrier10	Dogs	European_Dogs
BullTerrier12		BullTerrier11_23589	Canis	familiaris	Bull_Terrier	BULT									0				PRJNA726547	SAMN29011970	Illumina NovaSeq 6000		American_European_Dogs				27.7159	27.6962	1.00071129			01/07/2019			D		0	BullTerrier11	Dogs	European_Dogs
BullTerrier13		BullTerrier12_23590	Canis	familiaris	Bull_Terrier	BULT									0				PRJNA726547	SAMN29011971	Illumina NovaSeq 6000		American_European_Dogs				34.5379	19.1833	1.80041494			01/07/2019			D		0	BullTerrier12	Dogs	European_Dogs
BullTerrier14		BullTerrier13_23592	Canis	familiaris	Bull_Terrier	BULT									0				PRJNA726547	SAMN29011972	Illumina NovaSeq 6000		American_European_Dogs				32.5116	32.4895	1.00068022			01/07/2019			D		0	BullTerrier13	Dogs	European_Dogs
BullTerrier15		BullTerrier14_23602	Canis	familiaris	Bull_Terrier	BULT									0				PRJNA726547	SAMN29011973	Illumina NovaSeq 6000		American_European_Dogs				23.8897	23.8347	1.00230756			01/07/2019			D		0	BullTerrier14	Dogs	European_Dogs
BullTerrier16		BullTerrier15_23624	Canis	familiaris	Bull_Terrier	BULT									0				PRJNA726547	SAMN29011974	Illumina NovaSeq 6000		American_European_Dogs				27.1573	15.0055	1.80982307			01/07/2019			D		0	BullTerrier15	Dogs	European_Dogs
BullTerrier17		BullTerrier16_23634	Canis	familiaris	Bull_Terrier	BULT									0				PRJNA726547	SAMN29011975	Illumina NovaSeq 6000		American_European_Dogs				39.2916	21.8054	1.80192063			01/07/2019			D		0	BullTerrier16	Dogs	European_Dogs
BullTerrier18		BullTerrier17_23636	Canis	familiaris	Bull_Terrier	BULT									0				PRJNA726547	SAMN29011976	Illumina NovaSeq 6000		American_European_Dogs				26.8106	14.8809	1.80167866			01/07/2019			D		0	BullTerrier17	Dogs	European_Dogs
BullTerrier19		BullTerrier18_23653	Canis	familiaris	Bull_Terrier	BULT									0				PRJNA726547	SAMN29011977	Illumina NovaSeq 6000		American_European_Dogs				29.2185	16.201	1.80349978			01/07/2019			D		0	BullTerrier18	Dogs	European_Dogs
BullTerrier20		BullTerrier19_23656	Canis	familiaris	Bull_Terrier	BULT									0				PRJNA726547	SAMN29011978	Illumina NovaSeq 6000		American_European_Dogs				29.2938	16.1965	1.80865002			01/07/2019			D		0	BullTerrier19	Dogs	European_Dogs
BullTerrier21		BullTerrier20_23658	Canis	familiaris	Bull_Terrier	BULT									0				PRJNA726547	SAMN29011979	Illumina NovaSeq 6000		American_European_Dogs				30.977	30.9604	1.00053617			01/07/2019			D		0	BullTerrier20	Dogs	European_Dogs
BullTerrier22		BullTerrier21_23659	Canis	familiaris	Bull_Terrier	BULT									0				PRJNA726547	SAMN29011980	Illumina NovaSeq 6000		American_European_Dogs				25.1601	13.8988	1.81023542			01/07/2019			D		0	BullTerrier21	Dogs	European_Dogs
BullTerrier23		BullTerrier22_23667	Canis	familiaris	Bull_Terrier	BULT									0				PRJNA726547	SAMN29011981	Illumina NovaSeq 6000		American_European_Dogs				23.1351	12.821	1.80446923			01/07/2019			D		0	BullTerrier22	Dogs	European_Dogs
BullTerrier24		BullTerrier23_23668	Canis	familiaris	Bull_Terrier	BULT									0				PRJNA726547	SAMN29011982	Illumina NovaSeq 6000		American_European_Dogs				30.4799	16.813	1.81287694			01/07/2019			D		0	BullTerrier23	Dogs	European_Dogs
BullTerrier25		BullTerrier24_23676	Canis	familiaris	Bull_Terrier	BULT									0				PRJNA726547	SAMN29011983	Illumina NovaSeq 6000		American_European_Dogs				29.1962	16.1284	1.81023536			01/07/2019			D		0	BullTerrier24	Dogs	European_Dogs
BullTerrier26		BullTerrier25_23678	Canis	familiaris	Bull_Terrier	BULT									0				PRJNA726547	SAMN29011984	Illumina NovaSeq 6000		American_European_Dogs				31.5707	17.4862	1.80546374			01/07/2019			D		0	BullTerrier25	Dogs	European_Dogs
BullTerrier27		BullTerrier26_23700	Canis	familiaris	Bull_Terrier	BULT									0				PRJNA726547	SAMN29011985	Illumina NovaSeq 6000		American_European_Dogs				29.3611	16.2282	1.80926412			01/07/2019			D		0	BullTerrier26	Dogs	European_Dogs
BullTerrier28		BullTerrier27_23702	Canis	familiaris	Bull_Terrier	BULT									0				PRJNA726547	SAMN29011986	Illumina NovaSeq 6000		American_European_Dogs				29.4533	29.3962	1.00194243			01/07/2019			D		0	BullTerrier27	Dogs	European_Dogs
BullTerrier29		BullTerrier28_23704	Canis	familiaris	Bull_Terrier	BULT									0				PRJNA726547	SAMN29011987	Illumina NovaSeq 6000		American_European_Dogs				22.7731	22.7432	1.00131468			01/07/2019			D		0	BullTerrier28	Dogs	European_Dogs
BullTerrier30		BullTerrier29_23710	Canis	familiaris	Bull_Terrier	BULT									0				PRJNA726547	SAMN29011988	Illumina NovaSeq 6000		American_European_Dogs				33.1788	18.3871	1.80446074			01/07/2019			D		0	BullTerrier29	Dogs	European_Dogs
BullTerrier31		BullTerrier30_23717	Canis	familiaris	Bull_Terrier	BULT									0				Unreleased		Illumina NovaSeq 6000		American_European_Dogs				30.6569	30.6232	1.00110047			01/07/2019			D		0	BullTerrier30	Dogs	European_Dogs
BullTerrier32		BullTerrier31_23719	Canis	familiaris	Bull_Terrier	BULT									0				PRJNA726547	SAMN29011989	Illumina NovaSeq 6000		American_European_Dogs				29.4268	29.3187	1.00368707			01/07/2019			D		0	BullTerrier31	Dogs	European_Dogs
BullTerrier33		BullTerrier32_23720	Canis	familiaris	Bull_Terrier	BULT									0				PRJNA726547	SAMN29011990	Illumina NovaSeq 6000		American_European_Dogs				32.2188	32.2371	0.99943233			01/07/2019			D		0	BullTerrier32	Dogs	European_Dogs
BullTerrier34		BullTerrier33_23722	Canis	familiaris	Bull_Terrier	BULT									0				PRJNA726547	SAMN29011991	Illumina NovaSeq 6000		American_European_Dogs				32.9799	19.1105	1.72574763			01/07/2019			D		0	BullTerrier33	Dogs	European_Dogs
BullTerrier35		BullTerrier34_23723	Canis	familiaris	Bull_Terrier	BULT									0				PRJNA726547	SAMN29011992	Illumina NovaSeq 6000		American_European_Dogs				28.6087	15.7753	1.81351226			01/07/2019			D		0	BullTerrier34	Dogs	European_Dogs
BullTerrier36		BullTerrier35_23727	Canis	familiaris	Bull_Terrier	BULT									0				PRJNA726547	SAMN29011993	Illumina NovaSeq 6000		American_European_Dogs		M		33.6006	18.5507	1.81128475			01/07/2019			D		0	BullTerrier35	Dogs	European_Dogs
BullTerrier37		BullTerrier36_24718	Canis	familiaris	Bull_Terrier	BULT									0				PRJNA726547	SAMN29011994	Illumina NovaSeq 6000		American_European_Dogs		F		30.643	16.9955	1.80300668			01/07/2019			D		0	BullTerrier36	Dogs	European_Dogs
BullTerrier38		BullTerrier37_24725	Canis	familiaris	Bull_Terrier	BULT									0				PRJNA726547	SAMN29011995	Illumina NovaSeq 6000		American_European_Dogs		M		25.3786	25.3611	1.00069003			01/07/2019			D		0	BullTerrier37	Dogs	European_Dogs
BullTerrier39		BullTerrier38_34137	Canis	familiaris	Bull_Terrier	BULT									0				PRJNA726547	SAMN29011996	Illumina NovaSeq 6000		American_European_Dogs				17.8942	9.93542	1.80105119			01/07/2019			D		0	BullTerrier38	Dogs	European_Dogs
BullTerrier40		BullTerrier39_23703	Canis	familiaris	Bull_Terrier	BULT									0				PRJNA726547	SAMN29011997	Illumina NovaSeq 6000		American_European_Dogs				29.7835	16.4675	1.80862305						D		0	BullTerrier39	Dogs	European_Dogs
BullTerrier41		BullTerrier40_23675	Canis	familiaris	Bull_Terrier	BULT									0				PRJNA726547	SAMN29011998	Illumina NovaSeq 6000		American_European_Dogs		F		29.0694	28.99	1.00273888			6/19/19			D		0	BullTerrier40	Dogs	European_Dogs
BullTerrier42		BullTerrier41_24720	Canis	familiaris	Bull_Terrier	BULT									0				PRJNA726547	SAMN29011999	Illumina NovaSeq 6000		American_European_Dogs		F		22.9302	22.9705	0.99824558			6/19/19			D		0	BullTerrier41	Dogs	European_Dogs
BullTerrier43		BullTerrier42_34622	Canis	familiaris	Bull_Terrier	BULT									0				PRJNA726547	SAMN29012000	Illumina NovaSeq 6000		American_European_Dogs		F		28.6132	28.7472	0.99533868			6/19/19			D		0	BullTerrier42	Dogs	European_Dogs
BullTerrier44		BullTerrier43_34623	Canis	familiaris	Bull_Terrier	BULT									0				PRJNA726547	SAMN29012001	Illumina NovaSeq 6000		American_European_Dogs				28.5497	28.5364	1.00046607			6/19/19			D		0	BullTerrier43	Dogs	European_Dogs
Bulldog01		BullTerrier44_23713	Canis	familiaris	Bull_Terrier	BULT									0				PRJNA648123	SAMN15625765	Illumina HiSeq 3000		American_European_Dogs		F		18.1446	10.0398	1.80726708						D		0	BullTerrier44	Dogs	European_Dogs
CairnTerrier01	CE073	CairnTerrier01	Canis	familiaris	Cairn_Terrier	CAIR									0				PRJEB16012	SAMEA104091555	Illumina HiSeq 3000		American_European_Dogs		M		28.2772	28.8043	0.98170065						D		0	CairnTerrier01	Dogs	European_Dogs
CairnTerrier02		CairnTerrier02	Canis	familiaris	Cairn_Terrier	CAIR									0				PRJNA517114	SAMN10740994	Illumina HiSeq 3000		American_European_Dogs		U		12.9075	7.42394	1.73863205						D		0	CairnTerrier02	Dogs	European_Dogs
CairnTerrier03		CairnTerrier03	Canis	familiaris	Cairn_Terrier	CAIR									0				PRJNA517114	SAMN10740995	Illumina HiSeq 3000		American_European_Dogs		M		13.6341	7.94016	1.71710646						D		0	CairnTerrier03	Dogs	European_Dogs
CairnTerrier04		CairnTerrier04	Canis	familiaris	Cairn_Terrier	CAIR									0				PRJNA517114	SAMN10740992	Illumina HiSeq 3000		American_European_Dogs		F		10.3334	6.07872	1.69993025						D		0	CairnTerrier04	Dogs	European_Dogs
CairnTerrier05		CairnTerrier05	Canis	familiaris	Cairn_Terrier	CAIR									0				PRJNA517114	SAMN10740993	Illumina HiSeq 3000		American_European_Dogs		M		9.68738	9.9062	0.9779108						D		0	CairnTerrier05	Dogs	European_Dogs
CairnTerrier06		CairnTerrier06	Canis	familiaris	Cairn_Terrier	CAIR									0				PRJNA517114	SAMN10740944	Illumina HiSeq 3000		American_European_Dogs		U		11.5203	6.76475	1.70298976						D		0	CairnTerrier06	Dogs	European_Dogs
CairnTerrier07		CairnTerrier07	Canis	familiaris	Cairn_Terrier	CAIR									0				PRJNA517114	SAMN10740945	Illumina HiSeq 3000		American_European_Dogs		F		13.3431	13.2758	1.00506937						D		0	CairnTerrier07	Dogs	European_Dogs
CairnTerrier08		CairnTerrier08	Canis	familiaris	Cairn_Terrier	CAIR									0				PRJNA517114	SAMN10740942	Illumina HiSeq 3000		American_European_Dogs		M		12.6982	12.7947	0.99245782						D		0	CairnTerrier08	Dogs	European_Dogs
CairnTerrier09		CairnTerrier09	Canis	familiaris	Cairn_Terrier	CAIR									0				PRJNA517114	SAMN10740943	Illumina HiSeq 3000		American_European_Dogs		F		9.44143	5.55714	1.69897285						D		0	CairnTerrier09	Dogs	European_Dogs
CairnTerrier10		CairnTerrier10	Canis	familiaris	Cairn_Terrier	CAIR									0				PRJNA517114	SAMN10740940	Illumina HiSeq 3000		American_European_Dogs		U		12.8426	12.8813	0.99699565						D		0	CairnTerrier10	Dogs	European_Dogs
CairnTerrier11		CairnTerrier11	Canis	familiaris	Cairn_Terrier	CAIR									0				PRJNA517114	SAMN10740941	Illumina HiSeq 3000		American_European_Dogs		M		13.0755	7.54686	1.73257487						D		0	CairnTerrier11	Dogs	European_Dogs
CairnTerrier12		CairnTerrier12	Canis	familiaris	Cairn_Terrier	CAIR									0				PRJNA517114	SAMN10740938	Illumina HiSeq 3000		American_European_Dogs		M		12.6817	7.43297	1.70614169						D		0	CairnTerrier12	Dogs	European_Dogs
CairnTerrier13		CairnTerrier13	Canis	familiaris	Cairn_Terrier	CAIR									0				PRJNA517114	SAMN10740939	Illumina HiSeq 3000		American_European_Dogs		M		9.07454	5.49394	1.65173628						D		0	CairnTerrier13	Dogs	European_Dogs
CairnTerrier14		CairnTerrier14	Canis	familiaris	Cairn_Terrier	CAIR									0				PRJNA517114	SAMN10740936	Illumina HiSeq 3000		American_European_Dogs		M		12.067	7.05333	1.71082312						D		0	CairnTerrier14	Dogs	European_Dogs
CairnTerrier15		CairnTerrier15	Canis	familiaris	Cairn_Terrier	CAIR									0				PRJNA517114	SAMN10740937	Illumina HiSeq 3000		American_European_Dogs				12.7049	7.36024	1.72615295						D		0	CairnTerrier15	Dogs	European_Dogs
CairnTerrier16		CairnTerrier16_25446	Canis	familiaris	Cairn_Terrier	CAIR									0				PRJNA648123	SAMN15625772	Illumina HiSeq 3000		American_European_Dogs		F		17.5371	9.90197	1.77107182						D		0	CairnTerrier16	Dogs	European_Dogs
CaneCorso01	SRR2747522	CaneCorso01	Canis	familiaris	Cane_Corso	CNCS									0				PRJNA263947	SAMN04196864	Illumina HiSeq 2500		American_European_Dogs		F		29.7657	30.2582	0.98372342						D		0	CaneCorso01	Dogs	European_Dogs
CaneCorso02		CaneCorso02_27352	Canis	familiaris	Cane_Corso	CNCS									0				PRJNA648123	SAMN15625797	Illumina HiSeq 3000		American_European_Dogs		M		22.0103	22.0431	0.99851201						D		0	CaneCorso02	Dogs	European_Dogs
CaneCorso03	SRR10077570	CaneCorso03	Canis	familiaris	Cane_Corso	CNCS									0				PRJNA263947	SAMN12700527	Illumina NovaSeq 6000		American_European_Dogs		F		32.0107	17.8296	1.79536838						D		0	CaneCorso03	Dogs	European_Dogs
CardiganWelshCorgi01		CardiganWelshCorgi01_9284	Canis	familiaris	Cardigan_Welsh_Corgi	CARD									0				PRJNA648123	SAMN15625773	Illumina HiSeq 3000		American_European_Dogs		F		20.1072	20.0096	1.00487766						D		0	CardiganWelshCorgi01	Dogs	European_Dogs
CardiganWelshCorgi02		CardiganWelshCorgi02_33210	Canis	familiaris	Cardigan_Welsh_Corgi	CARD									0				PRJNA648123	SAMN15626026	Illumina HiSeq 3000		American_European_Dogs		M		18.5299	18.3935	1.00741566						D		0	CardiganWelshCorgi02	Dogs	European_Dogs
CardiganWelshCorgi03		CardiganWelshCorgi03_33212	Canis	familiaris	Cardigan_Welsh_Corgi	CARD									0				PRJNA648123	SAMN15625775	Illumina HiSeq 3000		American_European_Dogs				21.196	11.8287	1.79191289						D		0	CardiganWelshCorgi03	Dogs	European_Dogs
CarolinaDog01		CarolinaDog01_7771	Canis	familiaris	Carolina_Dog	CARO-									0				PRJNA448733	SAMN08872926	Illumina HiSeq 2500		American_Dogs				19.4688	19.6618	0.99018401						D		0	CarolinaDog01	Dogs	Americas_Dogs
CarolinaDog01_Reseq		CarolinaDog01_Reseq_7771	Canis	familiaris	Carolina_Dog	CARO-									0				PRJNA648123	SAMN15625776	Illumina HiSeq 3000		American_Dogs				19.4688	19.6618	0.99018401						D		0	CarolinaDog01_Reseq	Dogs	Americas_Dogs
CarolinaDog03		CarolinaDog03_31703	Canis	familiaris	Carolina_Dog	CARO-									0				PRJNA648123	SAMN15625777	Illumina HiSeq 3000		American_Dogs				21.0938	21.6681	0.9734956						D		0	CarolinaDog03	Dogs	Americas_Dogs
CarolinaDog04		CarolinaDog04_31707	Canis	familiaris	Carolina_Dog	CARO-									0				PRJNA648123	SAMN15625778	Illumina HiSeq 3000		American_Dogs				17.8291	17.9904	0.99103411						D		0	CarolinaDog04	Dogs	Americas_Dogs
CatahoulaLeopardDog01		CatahoulaLeopardDog01_Reseq_33138	Canis	familiaris	Catahoula_Leopard_Dog	LEOP									0				Unreleased		ILLUMINA HI-SEQ 3000		American_Dogs		F		17.1438	9.65242	1.77611418						D		0	CatahoulaLeopardDog01	Dogs	Americas_Dogs
CatahoulaLeopardDog01_Reseqx2		CatahoulaLeopardDog01_Reseqx2_33138	Canis	familiaris	Catahoula_Leopard_Dog	LEOP									0				Unreleased		ILLUMINA HI-SEQ 3000		American_Dogs		F		17.1438	9.65242	1.77611418						D		0	CatahoulaLeopardDog01_Reseq	Dogs	Americas_Dogs
CatahoulaLeopardDog02		CatahoulaLeopardDog02_33137	Canis	familiaris	Catahoula_Leopard_Dog	LEOP									0				PRJNA648123	SAMN15625902	ILLUMINA HI-SEQ 3000		American_Dogs		F		19.6945	19.6516	1.00218303						D		0	CatahoulaLeopardDog02	Dogs	Americas_Dogs
CatahoulaLeopardDog03		CatahoulaLeopardDog03_33139	Canis	familiaris	Catahoula_Leopard_Dog	LEOP									0				PRJNA648123	SAMN15625904	ILLUMINA HI-SEQ 3000		American_Dogs		M		21.1481	21.2285	0.99621264						D		0	CatahoulaLeopardDog03	Dogs	Americas_Dogs
CatahoulaLeopardDog04		CatahoulaLeopardDog04_33152	Canis	familiaris	Catahoula_Leopard_Dog	LEOP									0				PRJNA648123	SAMN15625905	ILLUMINA HI-SEQ 3000		American_Dogs		M		17.2588	9.67606	1.78365988						D		0	CatahoulaLeopardDog04	Dogs	Americas_Dogs
CatahoulaLeopardDog05		CatahoulaLeopardDog05_33321	Canis	familiaris	Catahoula_Leopard_Dog	LEOP									0				PRJNA648123	SAMN15625906	ILLUMINA HI-SEQ 3000		American_Dogs				18.3305	10.1979	1.79747791						D		0	CatahoulaLeopardDog05	Dogs	Americas_Dogs
CatahoulaLeopardDog06		CatahoulaLeopardDog06_10791	Canis	familiaris	Catahoula_Leopard_Dog	LEOP									0				Unreleased		ILLUMINA HI-SEQ 3000		American_Dogs				16.5337	9.28126	1.78140684						D		0	CatahoulaLeopardDog06	Dogs	Americas_Dogs
CatahoulaLeopardDog07		CatahoulaLeopardDog07_10792	Canis	familiaris	Catahoula_Leopard_Dog	LEOP									0				PRJNA648123	SAMN15625899	ILLUMINA HI-SEQ 3000		American_Dogs				18.0849	18.0579	1.00149519						D		0	CatahoulaLeopardDog07	Dogs	Americas_Dogs
CatahoulaLeopardDog08		CatahoulaLeopardDog08_31598	Canis	familiaris	Catahoula_Leopard_Dog	LEOP									0				PRJNA648123	SAMN15625900	ILLUMINA HI-SEQ 3000		American_Dogs				19.0079	10.8534	1.75133138						D		0	CatahoulaLeopardDog08	Dogs	Americas_Dogs
CatahoulaLeopardDog09		CatahoulaLeopardDog09_33136	Canis	familiaris	Catahoula_Leopard_Dog	LEOP									0				PRJNA648123	SAMN15625901	ILLUMINA HI-SEQ 3000		American_Dogs				18.5502	18.833	0.98498381						D		0	CatahoulaLeopardDog09	Dogs	Americas_Dogs
CatahoulaLeopardDog11	SRR10752630	CatahoulaLeopardDog11	Canis	familiaris	Catahoula_Leopard_Dog	LEOP									0				PRJNA263947	SAMN13655913	Illumina NovaSeq 6000		American_Dogs		F		48.332	26.5686	1.81913989						D		0	CatahoulaLeopardDog11	Dogs	Americas_Dogs
CaucasianOvcharka01		CaucasianOvcharka01	Canis	familiaris	Caucasian_Ovcharka	CAUC									0				PRJNA232497	SAMN02485585	Illumina HiSeq 2000		African_NearEast_India_Dogs				10.3331	10.6352	0.97159433						D		0	CaucasianOvcharka01	Dogs	African_NearEast_India_Dogs
CaucasianOvcharka02		CaucasianOvcharka02_7997	Canis	familiaris	Caucasian_Ovcharka	CAUC									0				PRJNA648123	SAMN15625779	ILLUMINA HI-SEQ 3000		African_NearEast_India_Dogs		F		19.6351	19.9014	0.98661903						D		0	CaucasianOvcharka02	Dogs	African_NearEast_India_Dogs
CavalierKingCharlesSpaniel01	CK006	CavalierKingCharlesSpaniel01	Canis	familiaris	Cavalier_King_Charles_Spaniel	CKCS									0				PRJEB16012	SAMEA104091570	Illumina HiSeq 3000		European_Dogs		F		29.3105	29.5293	0.99259041						D		0	CavalierKingCharlesSpaniel01	Dogs	European_Dogs
CavalierKingCharlesSpaniel02	CK023	CavalierKingCharlesSpaniel02	Canis	familiaris	Cavalier_King_Charles_Spaniel	CKCS									0				PRJEB16012	SAMEA104091569	Illumina HiSeq 3000		European_Dogs				31.1405	31.4455	0.99030068						D		0	CavalierKingCharlesSpaniel02	Dogs	European_Dogs
CavalierKingCharlesSpaniel03		CavalierKingCharlesSpaniel03_952	Canis	familiaris	Cavalier_King_Charles_Spaniel	CKCS									0				PRJNA648123	SAMN15625792	Illumina HiSeq 3000		European_Dogs				18.3794	18.8844	0.97325835						D		0	CavalierKingCharlesSpaniel03	Dogs	European_Dogs
CavalierKingCharlesSpaniel04		CavalierKingCharlesSpaniel04_15286	Canis	familiaris	Cavalier_King_Charles_Spaniel	CKCS									0				PRJNA648123	SAMN15625793	Illumina HiSeq 3000		European_Dogs		M		17.7488	17.7328	1.00090228						D		0	CavalierKingCharlesSpaniel04	Dogs	European_Dogs
CeskyTerrier01		CeskyTerrier01_31125	Canis	familiaris	Cesky_Terrier	CESK									0				PRJNA648123	SAMN15625813	ILLUMINA HI-SEQ 3000		European_Dogs				14.2237	7.88731	1.80336515						D		0	CeskyTerrier01	Dogs	European_Dogs
CeskyTerrier02		CeskyTerrier02_33431	Canis	familiaris	Cesky_Terrier	CESK									0				PRJNA648123	SAMN15625814	ILLUMINA HI-SEQ 3000		European_Dogs		F		17.7801	10.0856	1.76291941						D		0	CeskyTerrier02	Dogs	European_Dogs
CeskyTerrier02_Reseq		CeskyTerrier02_Reseq_33431	Canis	familiaris	Cesky_Terrier	CESK									0				PRJNA648123	SAMN15625815	ILLUMINA HI-SEQ 3000		European_Dogs		F		17.7801	10.0856	1.76291941						D		0	CeskyTerrier02	Dogs	European_Dogs
CeskyTerrier03		CeskyTerrier03_33463	Canis	familiaris	Cesky_Terrier	CESK									0				PRJNA648123	SAMN15625816	ILLUMINA HI-SEQ 3000		European_Dogs				20.124	20.118	1.00029824						D		0	CeskyTerrier03	Dogs	European_Dogs
CeskyTerrier04		CeskyTerrier04_31121	Canis	familiaris	Cesky_Terrier	CESK									0				PRJNA648123	SAMN15625812	ILLUMINA HI-SEQ 3000		European_Dogs		M		8.18518	8.12329	1.00761883						D		0	CeskyTerrier04	Dogs	European_Dogs
ChesapeakeBayRetriever01	CFA.109671	ChesapeakeBayRetriever01	Canis	familiaris	Chesapeake_Bay_Retriever	CHBR									0				PRJNA263947	SAMN06159679	Illumina HiSeq X Ten		American_European_Dogs				38.6352	21.2877	1.8149072						D		0	ChesapeakeBayRetriever01	Dogs	European_Dogs
ChesapeakeBayRetriever02		ChesapeakeBayRetriever02_7292	Canis	familiaris	Chesapeake_Bay_Retriever	CHBR									0				PRJNA648123	SAMN15625780	ILLUMINA HI-SEQ 3000		American_European_Dogs				19.428	19.5968	0.99138635						D		0	ChesapeakeBayRetriever02	Dogs	European_Dogs
ChesapeakeBayRetriever03		ChesapeakeBayRetriever03_12347	Canis	familiaris	Chesapeake_Bay_Retriever	CHBR									0				PRJNA648123	SAMN15625781	ILLUMINA HI-SEQ 3000		American_European_Dogs				18.5802	10.3969	1.78709038						D		0	ChesapeakeBayRetriever03	Dogs	European_Dogs
ChesapeakeBayRetriever04	SRR10752621	ChesapeakeBayRetriever04	Canis	familiaris	Chesapeake_Bay_Retriever	CHBR									0				PRJNA263947	SAMN13655921	Illumina NovaSeq 6000		American_European_Dogs		F		35.2202	19.2834	1.82645177						D		0	ChesapeakeBayRetriever04	Dogs	European_Dogs
Chihuahua01		Chihuahua01_13131	Canis	familiaris	Chihuahua	CHIH									0				PRJNA448733	SAMN08872931	Illumina HiSeq 2000		American_Dogs		M		53.8916	54.5735	0.98750493			3/23/14			D		0	Chihuahua01	Dogs	Americas_Dogs
Chihuahua03		Chihuahua03	Canis	familiaris	Chihuahua	CHIH									0				PRJNA266585	SAMN03168379	Illumina HiSeq 2000		American_Dogs		M		18.4128	10.3508	1.778877						D		0	Chihuahua03	Dogs	Americas_Dogs
Chihuahua05		Chihuahua05	Canis	familiaris	Chihuahua	CHIH									0				PRJEB13139	SAMEA3905753	Illumina HiSeq 2500		American_Dogs				32.0361	17.1606	1.86684032						D		0	Chihuahua05	Dogs	Americas_Dogs
Chihuahua06	ERR2750983	Chihuahua06	Canis	familiaris	Chihuahua	CHIH									0				PRJEB16012	SAMEA4848714	Illumina NovaSeq 6000		American_Dogs		M		25.9094	25.7564	1.00594027						D		0	Chihuahua06	Dogs	Americas_Dogs
ChineseCrested01		ChineseCrested01	Canis	familiaris	Chinese_Crested	CRES									0				PRJNA261736	SAMN03075611	Illumina HiSeq 2000		East_Asian_Dogs		M		35.3472	19.7353	1.79106474						D		0	ChineseCrested01	Dogs	East_Asian_Dogs
ChineseCrested05		ChineseCrested05	Canis	familiaris	Chinese_Crested	CRES									0				PRJNA255370	SAMN02921308	Illumina HiSeq 1000		East_Asian_Dogs				21.9051	12.259	1.78685863						D		0	ChineseCrested05	Dogs	East_Asian_Dogs
ChineseCrested06	SRR10752648	ChineseCrested06	Canis	familiaris	Chinese_Crested	CRES									0				PRJNA263947	SAMN13655888	Illumina NovaSeq 6000		East_Asian_Dogs		F		18.088	18.6222	0.97131381						D		0	ChineseCrested06	Dogs	East_Asian_Dogs
ChineseIndigenousDog01		ChineseIndigenousDog01	Canis	familiaris	Chinese_Indigenous_Dog	VILL									0				PRJNA266585	SAMN03168352	Illumina HiSeq 2000		East_Asian_Dogs		M		17.6852	17.0102	1.03968207						D		0	ChineseIndigenousDog01	Dogs	East_Asian_Dogs
ChineseIndigenousDog02		ChineseIndigenousDog02	Canis	familiaris	Chinese_Indigenous_Dog	VILL									0				PRJNA266585	SAMN03168353	Illumina HiSeq 2000		East_Asian_Dogs		F		20.9199	13.2024	1.58455281						D		0	ChineseIndigenousDog02	Dogs	East_Asian_Dogs
ChineseIndigenousDog03		ChineseIndigenousDog03	Canis	familiaris	Chinese_Indigenous_Dog	VILL									0				PRJNA266585	SAMN03168354	Illumina HiSeq 2000		East_Asian_Dogs		F		18.7551	18.6859	1.00370333						D		0	ChineseIndigenousDog03	Dogs	East_Asian_Dogs
ChineseIndigenousDog04		ChineseIndigenousDog04	Canis	familiaris	Chinese_Indigenous_Dog	VILL									0				PRJNA266585	SAMN03168355	Illumina HiSeq 2000		East_Asian_Dogs		M		19.2314	21.2	0.90714151						D		0	ChineseIndigenousDog04	Dogs	East_Asian_Dogs
ChineseIndigenousDog05		ChineseIndigenousDog05	Canis	familiaris	Chinese_Indigenous_Dog	VILL									0				PRJNA266585	SAMN03168363	Illumina HiSeq 2000		East_Asian_Dogs		M		19.6799	12.023	1.63685436						D		0	ChineseIndigenousDog05	Dogs	East_Asian_Dogs
ChineseIndigenousDog06		ChineseIndigenousDog06	Canis	familiaris	Chinese_Indigenous_Dog	VILL									0				PRJNA266585	SAMN03168364	Illumina HiSeq 2000		East_Asian_Dogs		F		16.8617	10.5895	1.5923037						D		0	ChineseIndigenousDog06	Dogs	East_Asian_Dogs
ChineseIndigenousDog07		ChineseIndigenousDog07	Canis	familiaris	Chinese_Indigenous_Dog	VILL									0				PRJNA266585	SAMN03168356	Illumina HiSeq 2000		East_Asian_Dogs		M		19.0626	19.1296	0.99649757						D		0	ChineseIndigenousDog07	Dogs	East_Asian_Dogs
ChineseIndigenousDog08		ChineseIndigenousDog08	Canis	familiaris	Chinese_Indigenous_Dog	VILL									0				PRJNA266585	SAMN03168358	Illumina HiSeq 2000		East_Asian_Dogs		M		17.1405	9.7191	1.76358922						D		0	ChineseIndigenousDog08	Dogs	East_Asian_Dogs
ChineseIndigenousDog09		ChineseIndigenousDog09	Canis	familiaris	Chinese_Indigenous_Dog	VILL									0				PRJNA266585	SAMN03168359	Illumina HiSeq 2000		East_Asian_Dogs		F		19.2646	11.9294	1.61488424						D		0	ChineseIndigenousDog09	Dogs	East_Asian_Dogs
ChineseIndigenousDog10		ChineseIndigenousDog10	Canis	familiaris	Chinese_Indigenous_Dog	VILL									0				PRJNA266585	SAMN03168360	Illumina HiSeq 2000		East_Asian_Dogs		F		12.7991	11.9546	1.07064226						D		0	ChineseIndigenousDog10	Dogs	East_Asian_Dogs
ChineseIndigenousDog11		ChineseIndigenousDog11	Canis	familiaris	Chinese_Indigenous_Dog	VILL									0				PRJNA266585	SAMN03168361	Illumina HiSeq 2000		East_Asian_Dogs		M		17.487	16.7678	1.04289173						D		0	ChineseIndigenousDog11	Dogs	East_Asian_Dogs
ChineseIndigenousDog12		ChineseIndigenousDog12	Canis	familiaris	Chinese_Indigenous_Dog	VILL									0				PRJNA266585	SAMN03168365	Illumina HiSeq 2000		East_Asian_Dogs		F		16.4313	9.18143	1.78962319						D		0	ChineseIndigenousDog12	Dogs	East_Asian_Dogs
ChineseIndigenousDog13		ChineseIndigenousDog13	Canis	familiaris	Chinese_Indigenous_Dog	VILL									0				PRJNA266585	SAMN03168366	Illumina HiSeq 2000		East_Asian_Dogs		M		18.1389	17.4144	1.0416035						D		0	ChineseIndigenousDog13	Dogs	East_Asian_Dogs
ChineseIndigenousDog14		ChineseIndigenousDog14	Canis	familiaris	Chinese_Indigenous_Dog	VILL									0				PRJNA266585	SAMN03168367	Illumina HiSeq 2000		East_Asian_Dogs		M		10.2317	6.10571	1.67575925						D		0	ChineseIndigenousDog14	Dogs	East_Asian_Dogs
ChineseIndigenousDog15		ChineseIndigenousDog15	Canis	familiaris	Chinese_Indigenous_Dog	VILL									0				PRJNA266585	SAMN03168357	Illumina HiSeq 2000		East_Asian_Dogs		M		18.2738	11.4518	1.59571421						D		0	ChineseIndigenousDog15	Dogs	East_Asian_Dogs
ChineseSharpei01	NGSDOG024	ChineseSharpei01	Canis	familiaris	Chinese_Shar_Pei	SHAR									0				PRJNA327712	SAMN05356426	Illumina MiSeq		East_Asian_Dogs		M		10.6133	6.41543	1.65433962						D		0	ChineseSharpei01	Dogs	East_Asian_Dogs
ChineseSharpei02	NGSDOG025	ChineseSharpei02	Canis	familiaris	Chinese_Shar_Pei	SHAR									0				PRJNA327712	SAMN05356427	Illumina MiSeq		East_Asian_Dogs		F		10.7233	6.38439	1.6796123						D		0	ChineseSharpei02	Dogs	East_Asian_Dogs
ChineseSharpei03		ChineseSharpei03_11443	Canis	familiaris	Chinese_Shar_Pei	SHAR									0				PRJNA648123	SAMN15625979	ILLUMINA HI-SEQ 3000		East_Asian_Dogs		F		18.4062	18.6865	0.98499987						D		0	ChineseSharpei03	Dogs	East_Asian_Dogs
ChineseSharpei04		ChineseSharpei04_11447	Canis	familiaris	Chinese_Shar_Pei	SHAR									0				PRJNA648123	SAMN15625980	ILLUMINA HI-SEQ 3000		East_Asian_Dogs		M		19.017	19.0093	1.00040507						D		0	ChineseSharpei04	Dogs	East_Asian_Dogs
ChineseSharpei05		ChineseSharpei05_11448	Canis	familiaris	Chinese_Shar_Pei	SHAR									0				PRJNA648123	SAMN15625981	ILLUMINA HI-SEQ 3000		East_Asian_Dogs		F		21.4916	12.1028	1.77575437						D		0	ChineseSharpei05	Dogs	East_Asian_Dogs
Chinook01		Chinook01	Canis	familiaris	Chinook	COOK									0				PRJNA263947	SAMN03580382	Illumina HiSeq 2000		American_Dogs		F		16.9789	17.8536	0.95100708						D		0	Chinook01	Dogs	Americas_Dogs
Chinook02		Chinook02_33140	Canis	familiaris	Chinook	COOK									0				PRJNA648123	SAMN15625801	ILLUMINA HI-SEQ 3000		American_Dogs		F		18.3804	18.4218	0.99775266						D		0	Chinook02	Dogs	Americas_Dogs
Chinook03		Chinook03_33141	Canis	familiaris	Chinook	COOK									0				PRJNA648123	SAMN15625802	ILLUMINA HI-SEQ 3000		American_Dogs		F		21.0545	21.0461	1.00039912						D		0	Chinook03	Dogs	Americas_Dogs
Chinook04		Chinook04_33143	Canis	familiaris	Chinook	COOK									0				PRJNA648123	SAMN15625803	ILLUMINA HI-SEQ 3000		American_Dogs		M		20.3007	20.316	0.9992469						D		0	Chinook04	Dogs	Americas_Dogs
Chinook05		Chinook05_33256	Canis	familiaris	Chinook	COOK									0				PRJNA648123	SAMN15625804	ILLUMINA HI-SEQ 3000		American_Dogs				17.7676	9.91734	1.79156911						D		0	Chinook05	Dogs	Americas_Dogs
Chinook06		Chinook06_33257	Canis	familiaris	Chinook	COOK									0				PRJNA648123	SAMN15625805	ILLUMINA HI-SEQ 3000		American_Dogs				17.046	9.52998	1.78867112						D		0	Chinook06	Dogs	Americas_Dogs
Chinook07		Chinook07_33317	Canis	familiaris	Chinook	COOK									0				PRJNA648123	SAMN15625806	ILLUMINA HI-SEQ 3000		American_Dogs				17.1505	17.1289	1.00126103						D		0	Chinook07	Dogs	Americas_Dogs
Chinook08		Chinook08_33360	Canis	familiaris	Chinook	COOK									0				PRJNA648123	SAMN15625807	ILLUMINA HI-SEQ 3000		American_Dogs				12.1772	6.94427	1.75356085						D		0	Chinook08	Dogs	Americas_Dogs
Chinook09		Chinook09_33362	Canis	familiaris	Chinook	COOK									0				PRJNA648123	SAMN15625808	ILLUMINA HI-SEQ 3000		American_Dogs				9.40051	5.40613	1.73886126						D		0	Chinook09	Dogs	Americas_Dogs
Chinook10		Chinook10_33386	Canis	familiaris	Chinook	COOK									0				PRJNA648123	SAMN15625809	ILLUMINA HI-SEQ 3000		American_Dogs		M		10.8202	10.8353	0.99860641						D		0	Chinook10	Dogs	Americas_Dogs
ChongqingDog01		ChongqingDog01	Canis	familiaris	Chongqing_Dog										0				PRJNA232497	SAMN02485578	Illumina HiSeq 2000		East_Asian_Dogs		F		7.44037	4.30652	1.72769893						D		0	ChongqingDog01	Dogs	East_Asian_Dogs
ChowChow01		ChowChow01_15630	Canis	familiaris	Chow_Chow	CHOW									0				PRJNA448733	SAMN08872955	Illumina HiSeq 1000		East_Asian_Dogs		F		6.04295	6.16182	0.98070862						D		0	ChowChow01	Dogs	East_Asian_Dogs
ChowChow02		ChowChow02_13802	Canis	familiaris	Chow_Chow	CHOW									0				PRJNA448733	SAMN08872956	Illumina HiSeq 2000		East_Asian_Dogs		M		64.8361	65.0404	0.99685888			3/23/14			D		0	ChowChow02	Dogs	East_Asian_Dogs
ChowChow03		ChowChow03	Canis	familiaris	Chow_Chow	CHOW									0				PRJNA232497	SAMN02485574	Illumina HiSeq 2000		East_Asian_Dogs		F		7.3007	4.23122	1.72543616						D		0	ChowChow03	Dogs	East_Asian_Dogs
ChowChow04	CW011	ChowChow04	Canis	familiaris	Chow_Chow	CHOW									0				PRJEB16012	SAMEA104091566	Illumina HiSeq 3000		East_Asian_Dogs		F		19.6776	19.7772	0.9949639						D		0	ChowChow04	Dogs	East_Asian_Dogs
ChowChow05		ChowChow05_29846	Canis	familiaris	Chow_Chow	CHOW									0				PRJNA648123	SAMN15625786	ILLUMINA HI-SEQ 3000		East_Asian_Dogs		M		20.2122	20.2049	1.0003613						D		0	ChowChow05	Dogs	East_Asian_Dogs
ChowChow06		ChowChow06_30105	Canis	familiaris	Chow_Chow	CHOW									0				PRJNA648123	SAMN15625787	ILLUMINA HI-SEQ 3000		East_Asian_Dogs		M		20.0033	11.1038	1.80148238						D		0	ChowChow06	Dogs	East_Asian_Dogs
ChowChow07		ChowChow07_30210	Canis	familiaris	Chow_Chow	CHOW									0				PRJNA648123	SAMN15625788	ILLUMINA HI-SEQ 3000		East_Asian_Dogs		M		18.8533	10.5343	1.78970601						D		0	ChowChow07	Dogs	East_Asian_Dogs
CirnecodellEtna01		CirnecodellEtna01_26441	Canis	familiaris	Cirneco_dellEtna	CIRN									0				PRJNA648123	SAMN15625789	ILLUMINA HI-SEQ 3000		European_Dogs		F		18.5089	10.3355	1.79080838						D		0	CirnecodellEtna01	Dogs	European_Dogs
CirnecodellEtna02		CirnecodellEtna02_31283	Canis	familiaris	Cirneco_dellEtna	CIRN									0				PRJNA648123	SAMN15625790	ILLUMINA HI-SEQ 3000		European_Dogs		F		19.1266	19.0266	1.0052558						D		0	CirnecodellEtna02	Dogs	European_Dogs
CirnecodellEtna03		CirnecodellEtna03_31284	Canis	familiaris	Cirneco_dellEtna	CIRN									0				PRJNA648123	SAMN15625791	ILLUMINA HI-SEQ 3000		European_Dogs		M		18.0467	17.9387	1.0060205						D		0	CirnecodellEtna03	Dogs	European_Dogs
ClumberSpaniel01		ClumberSpaniel01	Canis	familiaris	Clumber_Spaniel	CLSP									0				PRJNA448733	SAMN08872959	Illumina Genome Analyzer IIx		European_Dogs		F		18.3149	10.3579	1.76820591						D		0	ClumberSpaniel01	Dogs	European_Dogs
ClumberSpaniel02		ClumberSpaniel02_27422	Canis	familiaris	Clumber_Spaniel	CLSP									0				PRJNA648123	SAMN15625794	ILLUMINA HI-SEQ 3000		European_Dogs		M		19.8761	19.8022	1.00373191						D		0	ClumberSpaniel02	Dogs	European_Dogs
ClumberSpaniel03		ClumberSpaniel03_33091	Canis	familiaris	Clumber_Spaniel	CLSP									0				PRJNA648123	SAMN15625795	ILLUMINA HI-SEQ 3000		European_Dogs		F		20.1819	11.186	1.80421062						D		0	ClumberSpaniel03	Dogs	European_Dogs
ClumberSpaniel04		ClumberSpaniel04_33092	Canis	familiaris	Clumber_Spaniel	CLSP									0				PRJNA648123	SAMN15625796	ILLUMINA HI-SEQ 3000		European_Dogs		F		19.6011	19.5183	1.00424217						D		0	ClumberSpaniel04	Dogs	European_Dogs
CockerSpanielAmerican01		CockerSpanielAmerican01_11414	Canis	familiaris	Cocker_Spaniel_American	ACKR									0				PRJNA288568	SAMN03801660	Illumina HiSeq 2000		American_European_Dogs		M		41.9174	42.7007	0.98165604			11/27/13			D		0	CockerSpanielAmerican01	Dogs	European_Dogs
CockerSpanielAmerican02		CockerSpanielAmerican02	Canis	familiaris	Cocker_Spaniel_American	ACKR									0				PRJNA288568	SAMN03801661	Illumina Genome Analyzer IIx		American_European_Dogs		M		18.9048	10.7244	1.76278393						D		0	CockerSpanielAmerican02	Dogs	European_Dogs
CockerSpanielAmerican03		CockerSpanielAmerican03	Canis	familiaris	Cocker_Spaniel_American	ACKR									0				PRJNA389682	SAMN07205121	Illumina HiSeq 2000		American_European_Dogs		F		38.3195	18.474	2.07423947						D		0	CockerSpanielAmerican03	Dogs	European_Dogs
CockerSpanielAmerican04		CockerSpanielAmerican04	Canis	familiaris	Cocker_Spaniel_American	ACKR									0				PRJNA389682	SAMN07205122	Illumina HiSeq 2000		American_European_Dogs		F		48.0214	48.1072	0.99821648						D		0	CockerSpanielAmerican04	Dogs	European_Dogs
CockerSpanielAmerican05		CockerSpanielAmerican05	Canis	familiaris	Cocker_Spaniel_American	ACKR									0				PRJNA389682	SAMN07205123	Illumina HiSeq 2000		American_European_Dogs		M		35.7986	35.8271	0.99920451						D		0	CockerSpanielAmerican05	Dogs	European_Dogs
CockerSpanielAmerican06		CockerSpanielAmerican06	Canis	familiaris	Cocker_Spaniel_American	ACKR									0				PRJNA389682	SAMN07205124	Illumina HiSeq 2000		American_European_Dogs		F		49.8103	27.6157	1.803695						D		0	CockerSpanielAmerican06	Dogs	European_Dogs
CockerSpanielAmerican07		CockerSpanielAmerican07_12451	Canis	familiaris	Cocker_Spaniel_American	ACKR									0				PRJNA648123	SAMN15625691	ILLUMINA HI-SEQ 3000		American_European_Dogs		M		19.5929	19.5053	1.00449109						D		0	CockerSpanielAmerican07	Dogs	European_Dogs
CockerSpanielAmerican08		CockerSpanielAmerican08_12452	Canis	familiaris	Cocker_Spaniel_American	ACKR									0				PRJNA648123	SAMN15625692	ILLUMINA HI-SEQ 3000		American_European_Dogs		F		18.6923	10.459	1.78719763						D		0	CockerSpanielAmerican08	Dogs	European_Dogs
CockerSpanielAmerican09		CockerSpanielAmerican09_12453	Canis	familiaris	Cocker_Spaniel_American	ACKR									0				PRJNA648123	SAMN15625693	ILLUMINA HI-SEQ 3000		American_European_Dogs		M		27.3138	27.1899	1.00455684						D		0	CockerSpanielAmerican09	Dogs	European_Dogs
CockerSpanielEnglish01		CockerSpanielEnglish01	Canis	familiaris	English_Cocker_Spaniel	ECKR									0				PRJEB2162	SAMEA1521941	Illumina HiSeq 2000		European_Dogs		M		23.3002	13.0228	1.78918512						D		0	CockerSpanielEnglish01	Dogs	European_Dogs
CockerSpanielEnglish02	SRR1784122	CockerSpanielEnglish02	Canis	familiaris	English_Cocker_Spaniel	ECKR									0				PRJNA263947	SAMN03323672	Illumina HiSeq 2000		European_Dogs		F		8.07838	4.97452	1.62395166						D		0	CockerSpanielEnglish02	Dogs	European_Dogs
CockerSpanielEnglish03	SRR1784124	CockerSpanielEnglish03	Canis	familiaris	English_Cocker_Spaniel	ECKR									0				PRJNA263947	SAMN03323673	Illumina HiSeq 2000		European_Dogs		M		14.3196	14.3947	0.9947828						D		0	CockerSpanielEnglish03	Dogs	European_Dogs
CockerSpanielEnglish04		CockerSpanielEnglish04	Canis	familiaris	English_Cocker_Spaniel	ECKR									0				PRJNA255370	SAMN02921306	Illumina HiSeq 1000		European_Dogs		F		10.9031	6.44878	1.6907229						D		0	CockerSpanielEnglish04	Dogs	European_Dogs
CockerSpanielEnglish05		CockerSpanielEnglish05	Canis	familiaris	English_Cocker_Spaniel	ECKR									0				PRJNA389682	SAMN07205125	Illumina HiSeq 2500		European_Dogs		M		36.04	35.5789	1.01295993						D		0	CockerSpanielEnglish05	Dogs	European_Dogs
CockerSpanielEnglish06	CP003	CockerSpanielEnglish06	Canis	familiaris	English_Cocker_Spaniel	ECKR									0				PRJEB16012	SAMEA4506900	Illumina HiSeq 2000		European_Dogs		F		27.5029	15.4293	1.7825112						D		0	CockerSpanielEnglish06	Dogs	European_Dogs
CockerSpanielEnglish07		CockerSpanielEnglish07_12021	Canis	familiaris	English_Cocker_Spaniel	ECKR									0				PRJNA648123	SAMN15625827	Illumina HiSeq 3000		European_Dogs		F		18.7398	18.6942	1.00243926						D		0	CockerSpanielEnglish07	Dogs	European_Dogs
CockerSpanielEnglish08		CockerSpanielEnglish08_13589	Canis	familiaris	English_Cocker_Spaniel	ECKR									0				PRJNA648123	SAMN15625828	Illumina HiSeq 3000		European_Dogs		F		20.6643	20.6821	0.99913935						D		0	CockerSpanielEnglish08	Dogs	European_Dogs
CockerSpanielEnglish09		CockerSpanielEnglish09_28381	Canis	familiaris	English_Cocker_Spaniel	ECKR									0				PRJNA648123	SAMN15625829	Illumina HiSeq 3000		European_Dogs		M		19.1366	20.4643	0.93512116						D		0	CockerSpanielEnglish09	Dogs	European_Dogs
Collie01		Collie01_13303	Canis	familiaris	Collie	COLL									0				PRJNA648123	SAMN15625798	Illumina HiSeq 3000		European_Dogs		F		20.3005	11.3046	1.7957734						D		0	Collie01	Dogs	European_Dogs
Collie02		Collie02_28861	Canis	familiaris	Collie	COLL									0				PRJNA648123	SAMN15625799	Illumina HiSeq 3000		European_Dogs		M		19.7757	19.3827	1.02027581						D		0	Collie02	Dogs	European_Dogs
Collie03		Collie03_29554	Canis	familiaris	Collie	COLL									0				PRJNA648123	SAMN15625800	Illumina HiSeq 3000		European_Dogs		F		19.9903	11.2219	1.78136501						D		0	Collie03	Dogs	European_Dogs
Coonhound01		Coonhound01	Canis	familiaris	Black_and_Tan_Coonhound	BTAN									0				PRJNA263947	SAMN04196853	Illumina HiSeq 2500		American_European_Dogs		F		27.3033	27.5502	0.99103818						D		0	Coonhound01	Dogs	European_Dogs
CotonDeTulear01		CotonDeTulear01_33217	Canis	familiaris	Coton_De_Tulear	COTO									0				PRJNA648123	SAMN15625810	Illumina HiSeq 3000		African_NearEast_India_Dogs		M		19.6115	19.5487	1.00321249						D		0	CotonDeTulear01	Dogs	African_NearEast_India_Dogs
CotonDeTulear02	SRR10077546	CotonDeTulear02	Canis	familiaris	Coton_De_Tulear	COTO									0				PRJNA263947	SAMN12700553	NextSeq 500		African_NearEast_India_Dogs				25.7645	14.3795	1.79175215						D		0	CotonDeTulear02	Dogs	African_NearEast_India_Dogs
CotonDeTulear03		CotonDeTulear03_33882	Canis	familiaris	Coton_De_Tulear	COTO									0				PRJNA648123	SAMN15625811	Illumina HiSeq 3000		African_NearEast_India_Dogs		M		17.6251	17.6577	0.99815378						D		0	CotonDeTulear03	Dogs	African_NearEast_India_Dogs
Coyote01	cac	Coyote01	Canis	latrans	Coyote	COYO									0				PRJNA255370	SAMN02921301	Illumina HiSeq 1500		Coyotes		M		26.2511	14.6481	1.79211638						C		0	Coyote01	Outgroup	Coyotes
Coyote02	alc	Coyote02	Canis	latrans	Coyote	COYO									0				PRJNA255370	SAMN02921302	Illumina HiSeq 1000		Coyotes		M		6.77105	4.15164	1.6309338						C		0	Coyote02	Outgroup	Coyotes
Coyote03	mwc	Coyote03	Canis	latrans	Coyote	COYO									0				PRJNA255370	SAMN02921303	Illumina HiSeq 1000		Coyotes				7.99192	4.48833	1.78059991						C		0	Coyote03	Outgroup	Coyotes
Coyote04	Coyote_Mexico	Coyote04	Canis	latrans	Coyote	COYO									0				PRJNA494815	SAMN10180422	Illumina HiSeq 2500		Coyotes												C		0	Coyote04	Outgroup	Coyotes
Coyote05	coyS19	Coyote05	Canis	latrans	Coyote	COYO									0								Coyotes												C		0	Coyote05	Outgroup	Coyotes
Coyote06	Coyote_Alaska	Coyote06	Canis	latrans	Coyote	COYO									0				PRJNA494815	SAMN10180421	Illumina HiSeq 2500		Coyotes												C		0	Coyote06	Outgroup	Coyotes
Coyote07	FloridaCoyote	Coyote07	Canis	latrans	Coyote	COYO									0				PRJNA331222	SAMN05439957	Illumina HiSeq 2000		Coyotes												C		0	Coyote07	Outgroup	Coyotes
Coyote08	Quebeck_wolf	Coyote08	Canis	latrans	Coyote	COYO									0				PRJNA331222	SAMN05736724	Illumina HiSeq 2000		Coyotes												C		0	Coyote08	Outgroup	Coyotes
CretanTracer01	FAM005078	CretanTracer01	Canis	familiaris	Cretan_Tracer										0								European_Dogs												D		0	CretanTracer01	Dogs	European_Dogs
CretanTracer02	FAM005079	CretanTracer02	Canis	familiaris	Cretan_Tracer										0								European_Dogs												D		0	CretanTracer02	Dogs	European_Dogs
CretanTracer03	FAM005080	CretanTracer03	Canis	familiaris	Cretan_Tracer										0								European_Dogs												D		0	CretanTracer03	Dogs	European_Dogs
CretanTracer04	FAM005081	CretanTracer04	Canis	familiaris	Cretan_Tracer										0								European_Dogs												D		0	CretanTracer04	Dogs	European_Dogs
CretanTracer05	FAM005082	CretanTracer05	Canis	familiaris	Cretan_Tracer										0								European_Dogs		F										D		0	CretanTracer05	Dogs	European_Dogs
CurlyCoatedRetriever01	CR039	CurlyCoatedRetriever01	Canis	familiaris	Curly_Coated_Retriever	CCRT									0				PRJEB16012	SAMEA104091556	Illumina HiSeq 3000		European_Dogs				22.3259	22.7602	0.98091845						D		0	CurlyCoatedRetriever01	Dogs	European_Dogs
CurlyCoatedRetriever02	ERR2750978	CurlyCoatedRetriever02	Canis	familiaris	Curly_Coated_Retriever	CCRT									0				PRJEB16012	SAMEA4848709	Illumina NovaSeq 6000		European_Dogs				46.2469	25.2861	1.82894555						D		0	CurlyCoatedRetriever02	Dogs	European_Dogs
CurlyCoatedRetriever03	ERR2750979	CurlyCoatedRetriever03	Canis	familiaris	Curly_Coated_Retriever	CCRT									0				PRJEB16012	SAMEA4848710	Illumina NovaSeq 6000		European_Dogs				35.2947	34.7256	1.01638849						D		0	CurlyCoatedRetriever03	Dogs	European_Dogs
CurlyCoatedRetriever04	ERR2759440	CurlyCoatedRetriever04	Canis	familiaris	Curly_Coated_Retriever	CCRT									0				PRJEB16012	SAMEA4867930	Illumina NovaSeq 6000		European_Dogs				31.1511	17.15	1.81639067						D		0	CurlyCoatedRetriever04	Dogs	European_Dogs
CurlyCoatedRetriever05	ERR2759441	CurlyCoatedRetriever05	Canis	familiaris	Curly_Coated_Retriever	CCRT									0				PRJEB16012	SAMEA4867931	Illumina NovaSeq 6000		European_Dogs		M		29.13	28.858	1.00942546						D		0	CurlyCoatedRetriever05	Dogs	European_Dogs
Dachshund01		Dachshund01	Canis	familiaris	Dachshund	DACH									0				PRJEB7736	SAMEA3121338	Illumina HiSeq 2000		European_Dogs		M		17.2778	9.80851	1.76151118						D		0	Dachshund01	Dogs	European_Dogs
Dachshund02	CFA.107835	Dachshund02	Canis	familiaris	Dachshund	DACH									0				PRJNA263947	SAMN06159670	HiSeq X Ten		European_Dogs		M		44.898	24.7558	1.81363559						D		0	Dachshund02	Dogs	European_Dogs
Dachshund03	CFA.109668	Dachshund03	Canis	familiaris	Dachshund	DACH									0				PRJNA263947	SAMN06159676	HiSeq X Ten		European_Dogs		M		36.173	20.0182	1.80700563						D		0	Dachshund03	Dogs	European_Dogs
Dachshund04	DH0117	Dachshund04	Canis	familiaris	Dachshund	DACH									0				PRJEB16012	SAMEA104091567	Illumina HiSeq 3000		European_Dogs		F		25.6137	14.2119	1.80227134						D		0	Dachshund04	Dogs	European_Dogs
Dachshund05	DH126	Dachshund05	Canis	familiaris	Dachshund	DACH									0				PRJEB16012	SAMEA104125117	Illumina HiSeq 3000		European_Dogs		M		18.8905	19.0051	0.99397004						D		0	Dachshund05	Dogs	European_Dogs
Dachshund06		Dachshund06_8242	Canis	familiaris	Dachshund	DACH									0				PRJNA685036	SAMN17192063	Illumina NovaSeq 6000		European_Dogs		F		55.9273	30.9318	1.80808424						D		0	Dachshund06	Dogs	European_Dogs
Dachshund07		Dachshund07_8249	Canis	familiaris	Dachshund	DACH									0				PRJNA685036	SAMN17192064	Illumina NovaSeq 6000		European_Dogs		M		25.887	25.8129	1.00287066						D		0	Dachshund07	Dogs	European_Dogs
Dachshund08		Dachshund08_12335	Canis	familiaris	Dachshund	DACH									0				PRJNA685036	SAMN17192065	Illumina NovaSeq 6000		European_Dogs		F		27.2185	14.9772	1.81732901						D		0	Dachshund08	Dogs	European_Dogs
Dachshund09		Dachshund09_27368	Canis	familiaris	Dachshund	DACH									0				PRJNA685036	SAMN17192066	Illumina NovaSeq 6000		European_Dogs		F		48.9206	48.2687	1.01350565						D		0	Dachshund09	Dogs	European_Dogs
Dachshund10		Dachshund10_8257	Canis	familiaris	Dachshund	DACH									0				PRJNA648123	SAMN15625817	Illumina HiSeq 3000		European_Dogs		F		19.3525	19.3195	1.00170812						D		0	Dachshund10	Dogs	European_Dogs
Dachshund11		Dachshund11_8272	Canis	familiaris	Dachshund	DACH									0				PRJNA648123	SAMN15625818	Illumina HiSeq 3000		European_Dogs		M		22.1323	22.0992	1.00149779						D		0	Dachshund11	Dogs	European_Dogs
Dachshund12	SRR10077566	Dachshund12	Canis	familiaris	Dachshund	DACH									0				PRJNA263947	SAMN12700535	Illumina NovaSeq 6000		European_Dogs				47.5738	26.2932	1.80935755						D		0	Dachshund12	Dogs	European_Dogs
Dachshund13	SRR10752613	Dachshund13	Canis	familiaris	Dachshund	DACH									0				PRJNA263947	SAMN13655897	Illumina NovaSeq 6000		European_Dogs				35.686	35.3465	1.00960491						D		0	Dachshund13	Dogs	European_Dogs
Dachshund14	SRR10752642	Dachshund14	Canis	familiaris	Dachshund	DACH									0				PRJNA263947	SAMN13655902	Illumina NovaSeq 6000		European_Dogs				36.1767	35.7866	1.01090073						D		0	Dachshund14	Dogs	European_Dogs
Dachshund15	SRR10752643	Dachshund15	Canis	familiaris	Dachshund	DACH									0				PRJNA263947	SAMN13655901	Illumina NovaSeq 6000		European_Dogs				27.1911	27.1643	1.00098659						D		0	Dachshund15	Dogs	European_Dogs
Dachshund16	SRR10752646	Dachshund16	Canis	familiaris	Dachshund	DACH									0				PRJNA263947	SAMN13655898	Illumina NovaSeq 6000		European_Dogs		F		34.2114	18.8359	1.81628698						D		0	Dachshund16	Dogs	European_Dogs
Dalmatian01		Dalmatian01	Canis	familiaris	Dalmatian	DALM									0				PRJNA448733	SAMN08872976	Illumina HiSeq 2500		European_Dogs		M		34.5204	34.4887	1.00091914						D		0	Dalmatian01	Dogs	European_Dogs
Dalmatian02	DAL162K1	Dalmatian02	Canis	familiaris	Dalmatian	DALM									0				PRJNA360671	SAMN06214558	Illumina HiSeq 2500		European_Dogs		M		15.5739	8.56508	1.81830176						D		0	Dalmatian02	Dogs	European_Dogs
Dalmatian03		Dalmatian03_7305	Canis	familiaris	Dalmatian	DALM									0				PRJNA648123	SAMN15625819	Illumina HiSeq 3000		European_Dogs		F		23.461	13.0706	1.79494438						D		0	Dalmatian03	Dogs	European_Dogs
Dalmatian04		Dalmatian04_13301	Canis	familiaris	Dalmatian	DALM									0				PRJNA648123	SAMN15625820	Illumina HiSeq 3000		European_Dogs		M		18.9644	18.9833	0.99900439						D		0	Dalmatian04	Dogs	European_Dogs
DandieDinmontTerrier01		DandieDinmontTerrier01_7731	Canis	familiaris	Dandie_Dinmont_Terrier	DDMT									0				PRJNA648123	SAMN15625821	Illumina HiSeq 3000		European_Dogs		F		21.7336	12.1207	1.79309776						D		0	DandieDinmontTerrier01	Dogs	European_Dogs
DandieDinmontTerrier02		DandieDinmontTerrier02_7732	Canis	familiaris	Dandie_Dinmont_Terrier	DDMT									0				PRJNA648123	SAMN15625822	Illumina HiSeq 3000		European_Dogs		F		19.2347	18.9725	1.01382						D		0	DandieDinmontTerrier02	Dogs	European_Dogs
DandieDinmontTerrier03		DandieDinmontTerrier03_7733	Canis	familiaris	Dandie_Dinmont_Terrier	DDMT									0				PRJNA648123	SAMN15625823	Illumina HiSeq 3000		European_Dogs				21.1872	21.0608	1.00600167						D		0	DandieDinmontTerrier03	Dogs	European_Dogs
Dhole02	Dhole_BerlinZoo	Dhole02	Canis	alpinus	Dhole										0								Outgroup		M										W		0	Dhole02	Outgroup	Outgroup
Dingo01		Dingo01	Canis	familiaris	Dingo	DNGO									0				PRJNA274504	SAMN03366709	Illumina HiSeq 2000		East_Asian_Dogs				6.82211	3.98845	1.71046647						D		0	Dingo01	Dogs	East_Asian_Dogs
Dingo02		Dingo02_34694	Canis	familiaris	Dingo	DNGO									0				Unpublished (Consult Heidi Parker before using)				East_Asian_Dogs										Heidi Parker's Unpublished - Do not use		D		0	Dingo02	Dogs	East_Asian_Dogs
Dingo03		Dingo03_35294	Canis	familiaris	Dingo	DNGO									0				Unpublished (Consult Heidi Parker before using)				East_Asian_Dogs										Heidi Parker's Unpublished - Do not use		D		0	Dingo03	Dogs	East_Asian_Dogs
Dingo04		Dingo04_35295	Canis	familiaris	Dingo	DNGO									0				Unpublished (Consult Heidi Parker before using)				East_Asian_Dogs										Heidi Parker's Unpublished - Do not use		D		0	Dingo04	Dogs	East_Asian_Dogs
Dingo05		Dingo05_35296	Canis	familiaris	Dingo	DNGO									0				Unpublished (Consult Heidi Parker before using)				East_Asian_Dogs										Heidi Parker's Unpublished - Do not use		D		0	Dingo05	Dogs	East_Asian_Dogs
Dingo06		Dingo06_35297	Canis	familiaris	Dingo	DNGO									0				Unpublished (Consult Heidi Parker before using)				East_Asian_Dogs										Heidi Parker's Unpublished - Do not use		D		0	Dingo06	Dogs	East_Asian_Dogs
Dingo07		Dingo07_35298	Canis	familiaris	Dingo	DNGO									0				Unpublished (Consult Heidi Parker before using)				East_Asian_Dogs										Heidi Parker's Unpublished - Do not use		D		0	Dingo07	Dogs	East_Asian_Dogs
Dingo08		Dingo08_35299	Canis	familiaris	Dingo	DNGO									0				Unpublished (Consult Heidi Parker before using)				East_Asian_Dogs										Heidi Parker's Unpublished - Do not use		D		0	Dingo08	Dogs	East_Asian_Dogs
Dingo09		Dingo09_35300	Canis	familiaris	Dingo	DNGO									0				Unpublished (Consult Heidi Parker before using)				East_Asian_Dogs										Heidi Parker's Unpublished - Do not use		D		0	Dingo09	Dogs	East_Asian_Dogs
Dingo10		Dingo10_35301	Canis	familiaris	Dingo	DNGO									0				Unpublished (Consult Heidi Parker before using)				East_Asian_Dogs										Heidi Parker's Unpublished - Do not use		D		0	Dingo10	Dogs	East_Asian_Dogs
Dingo11		Dingo11_35302	Canis	familiaris	Dingo	DNGO									0				Unpublished (Consult Heidi Parker before using)				East_Asian_Dogs										Heidi Parker's Unpublished - Do not use		D		0	Dingo11	Dogs	East_Asian_Dogs
Dingo12		Dingo12_35303	Canis	familiaris	Dingo	DNGO									0				Unpublished (Consult Heidi Parker before using)				East_Asian_Dogs										Heidi Parker's Unpublished - Do not use		D		0	Dingo12	Dogs	East_Asian_Dogs
Dingo13		Dingo13_35304	Canis	familiaris	Dingo	DNGO									0				Unpublished (Consult Heidi Parker before using)				East_Asian_Dogs										Heidi Parker's Unpublished - Do not use		D		0	Dingo13	Dogs	East_Asian_Dogs
Dingo14		Dingo14_35305	Canis	familiaris	Dingo	DNGO									0				Unpublished (Consult Heidi Parker before using)				East_Asian_Dogs										Heidi Parker's Unpublished - Do not use		D		0	Dingo14	Dogs	East_Asian_Dogs
Dingo15		Dingo15_35306	Canis	familiaris	Dingo	DNGO									0				Unpublished (Consult Heidi Parker before using)				East_Asian_Dogs										Heidi Parker's Unpublished - Do not use		D		0	Dingo15	Dogs	East_Asian_Dogs
Dingo16		Dingo16_35307	Canis	familiaris	Dingo	DNGO									0				Unpublished (Consult Heidi Parker before using)				East_Asian_Dogs										Heidi Parker's Unpublished - Do not use		D		0	Dingo16	Dogs	East_Asian_Dogs
Dingo17		Dingo17_35308	Canis	familiaris	Dingo	DNGO									0				Unpublished (Consult Heidi Parker before using)				East_Asian_Dogs										Heidi Parker's Unpublished - Do not use		D		0	Dingo17	Dogs	East_Asian_Dogs
Dingo18		Dingo18_35309	Canis	familiaris	Dingo	DNGO									0				Unpublished (Consult Heidi Parker before using)				East_Asian_Dogs										Heidi Parker's Unpublished - Do not use		D		0	Dingo18	Dogs	East_Asian_Dogs
Dingo19		Dingo19_35310	Canis	familiaris	Dingo	DNGO									0				Unpublished (Consult Heidi Parker before using)				East_Asian_Dogs										Heidi Parker's Unpublished - Do not use		D		0	Dingo19	Dogs	East_Asian_Dogs
Dingo20		Dingo20_35311	Canis	familiaris	Dingo	DNGO									0				Unpublished (Consult Heidi Parker before using)				East_Asian_Dogs										Heidi Parker's Unpublished - Do not use		D		0	Dingo20	Dogs	East_Asian_Dogs
Dingo21		Dingo21_35312	Canis	familiaris	Dingo	DNGO									0				Unpublished (Consult Heidi Parker before using)				East_Asian_Dogs										Heidi Parker's Unpublished - Do not use		D		0	Dingo21	Dogs	East_Asian_Dogs
Dingo22		Dingo22_35313	Canis	familiaris	Dingo	DNGO									0				Unpublished (Consult Heidi Parker before using)				East_Asian_Dogs										Heidi Parker's Unpublished - Do not use		D		0	Dingo22	Dogs	East_Asian_Dogs
Dingo23		Dingo23	Canis	familiaris	Dingo	DNGO									0				PRJNA593363	SAMN13476886	Illumina HiSeq 2000		East_Asian_Dogs												D		0	Dingo23	Dogs	East_Asian_Dogs
Dingo24		Dingo24	Canis	familiaris	Dingo	DNGO									0				PRJNA593363	SAMN13476881	Illumina HiSeq 2000		East_Asian_Dogs												D		0	Dingo24	Dogs	East_Asian_Dogs
Dingo25		Dingo25	Canis	familiaris	Dingo	DNGO									0				PRJNA593363	SAMN13476879	Illumina HiSeq 2000		East_Asian_Dogs												D		0	Dingo25	Dogs	East_Asian_Dogs
Dingo26		Dingo26	Canis	familiaris	Dingo	DNGO									0				PRJNA593363	SAMN13476877	Illumina HiSeq 2000		East_Asian_Dogs												D		0	Dingo26	Dogs	East_Asian_Dogs
Dingo27		Dingo27	Canis	familiaris	Dingo	DNGO									0				PRJNA593363	SAMN13476866	Illumina HiSeq 2000		East_Asian_Dogs												D		0	Dingo27	Dogs	East_Asian_Dogs
Dingo28		Dingo28	Canis	familiaris	Dingo	DNGO									0				PRJNA593363	SAMN13476865	Illumina HiSeq 2000		East_Asian_Dogs												D		0	Dingo28	Dogs	East_Asian_Dogs
Dingo29		Dingo29	Canis	familiaris	Dingo	DNGO									0				PRJNA593363	SAMN13476608	Illumina HiSeq 2000		East_Asian_Dogs												D		0	Dingo29	Dogs	East_Asian_Dogs
Dingo30		Dingo30	Canis	familiaris	Dingo	DNGO									0				PRJNA593363	SAMN13476607	Illumina HiSeq 2000		East_Asian_Dogs												D		0	Dingo30	Dogs	East_Asian_Dogs
Dingo31		Dingo31	Canis	familiaris	Dingo	DNGO									0				PRJNA593363	SAMN13476532	Illumina HiSeq 2000		East_Asian_Dogs												D		0	Dingo31	Dogs	East_Asian_Dogs
Dingo32		Dingo32	Canis	familiaris	Dingo	DNGO									0				PRJNA593363	SAMN13476347	Illumina HiSeq 2000		East_Asian_Dogs		F										D		0	Dingo32	Dogs	East_Asian_Dogs
Doberman01		Doberman01	Canis	familiaris	Doberman_Pinscher	DOBP									0				PRJNA288568	SAMN03801662	Illumina Genome Analyzer IIx		European_Dogs		M		32.2931	32.9063	0.98136527						D		0	Doberman01	Dogs	European_Dogs
Doberman02		Doberman02	Canis	familiaris	Doberman_Pinscher	DOBP									0				PRJNA263947	SAMN03580409	Illumina HiSeq 2000		European_Dogs		F		27.0783	15.6551	1.72967915						D		0	Doberman02	Dogs	European_Dogs
Doberman03		Doberman03	Canis	familiaris	Doberman_Pinscher	DOBP									0				PRJEB16012	SAMEA4509491	Illumina HiSeq 2500		European_Dogs		M		7.54702	7.59951	0.99309298						D		0	Doberman03	Dogs	European_Dogs
Doberman04		Doberman04	Canis	familiaris	Doberman_Pinscher	DOBP									0				PRJEB16012	SAMEA4509492	Illumina HiSeq 2500		European_Dogs		F		8.56702	4.898	1.74908534						D		0	Doberman04	Dogs	European_Dogs
Doberman05	DO242	Doberman05	Canis	familiaris	Doberman_Pinscher	DOBP									0				PRJEB16012	SAMEA4505489	Illumina HiSeq 2000		European_Dogs		F		40.3793	41.0485	0.98369733						D		0	Doberman05	Dogs	European_Dogs
Doberman06	SRR10077558	Doberman06	Canis	familiaris	Doberman_Pinscher	DOBP									0				PRJNA263947	SAMN12700542	Illumina NovaSeq 6000		European_Dogs				47.9437	48.165	0.99540538						D		0	Doberman06	Dogs	European_Dogs
Doberman07	SRR10752619	Doberman07	Canis	familiaris	Doberman_Pinscher	DOBP									0				PRJNA263947	SAMN13655923	Illumina NovaSeq 6000		European_Dogs				31.3835	17.2919	1.81492491						D		0	Doberman07	Dogs	European_Dogs
Doberman08	SRR10752623	Doberman08	Canis	familiaris	Doberman_Pinscher	DOBP									0				PRJNA263947	SAMN13655919	Illumina NovaSeq 6000		European_Dogs				34.3998	34.2028	1.00575976						D		0	Doberman08	Dogs	European_Dogs
DogoArgentino01		DogoArgentino01_22900	Canis	familiaris	Dogo_Argentino	DARG									0				PRJNA648123	SAMN15625824	Illumina HiSeq 3000		American_European_Dogs				17.0995	9.96665	1.71567177						D		0	DogoArgentino01	Dogs	European_Dogs
DogoArgentino02		DogoArgentino02_33067	Canis	familiaris	Dogo_Argentino	DARG									0				PRJNA648123	SAMN15625825	Illumina HiSeq 3000		American_European_Dogs				15.3231	15.0676	1.01695691						D		0	DogoArgentino02	Dogs	European_Dogs
DogueDeBordeaux01		DogueDeBordeaux01_25487	Canis	familiaris	Dogue_De_Bordeaux	DDBX									0				PRJNA648123	SAMN15625826	Illumina HiSeq 3000		European_Dogs				17.0838	9.62715	1.77454387						D		0	DogueDeBordeaux01	Dogs	European_Dogs
DutchShepherd01	ERR2865334	DutchShepherd01	Canis	familiaris	Dutch_Shepherd										0				PRJEB16012	SAMEA5059511	Illumina HiSeq 2500		European_Dogs		F		12.887	3.1252	4.12357609						D		0	DutchShepherd01	Dogs	European_Dogs
EastSiberianLaika01		EastSiberianLaika01	Canis	familiaris	East_Siberian_Laika	ESLK									0				PRJNA266585	SAMN03168390	Illumina HiSeq 2000		Arctic_Dogs		M		17.5103	17.7636	0.9857405						D		0	EastSiberianLaika01	Dogs	Arctic_Dogs
Elo01		Elo01	Canis	familiaris	Elo	ELO-									0				PRJEB16012	SAMEA4506890	Illumina HiSeq 2500		European_Dogs				18.1116	9.90946	1.82770807						D		0	Elo01	Dogs	European_Dogs
EnglishBulldog01	ERR2750977	EnglishBulldog01	Canis	familiaris	English_Bulldog										0				PRJEB16012	SAMEA4848708	Illumina NovaSeq 6000		European_Dogs		M		27.7313	3.77109	7.35365637						D		0	EnglishBulldog01	Dogs	European_Dogs
EnglishFoxhound02		EnglishFoxhound02_947	Canis	familiaris	English_Foxhound	EFOX									0				PRJNA648123	SAMN15625831	Illumina HiSeq 3000		European_Dogs		M		19.3865	10.7777	1.7987604						D		0	EnglishFoxhound02	Dogs	European_Dogs
EnglishFoxhound03		EnglishFoxhound03_27119	Canis	familiaris	English_Foxhound	EFOX									0				PRJNA648123	SAMN15625832	Illumina HiSeq 3000		European_Dogs		F		17.11	9.52745	1.79586353						D		0	EnglishFoxhound03	Dogs	European_Dogs
EnglishMastiff01		EnglishMastiff01_21270	Canis	familiaris	Mastiff_English	MAST									0				PRJNA288568	SAMN03801664	Illumina HiSeq 2000		European_Dogs		M		73.3827	73.9496	0.99233397			3/23/14			D		0	EnglishMastiff01	Dogs	European_Dogs
EnglishMastiff02		EnglishMastiff02	Canis	familiaris	Mastiff_English	MAST									0				PRJNA263947	SAMN03580412	Illumina HiSeq 2000		European_Dogs				18.8333	10.5079	1.79229913						D		0	EnglishMastiff02	Dogs	European_Dogs
EnglishMastiff03		EnglishMastiff03_24151	Canis	familiaris	Mastiff	MAST									0				PRJNA648123	SAMN15625914	Illumina HiSeq 3000		European_Dogs				17.0456	9.71168	1.75516492						D		0	EnglishMastiff03	Dogs	European_Dogs
EnglishMastiff04		EnglishMastiff04_30097	Canis	familiaris	Mastiff	MAST									0				PRJNA648123	SAMN15625915	Illumina HiSeq 3000		European_Dogs		M		24.0439	24.2533	0.99136612						D		0	EnglishMastiff04	Dogs	European_Dogs
EnglishMastiff05	SRR10077576	EnglishMastiff05	Canis	familiaris	Mastiff	MAST									0				PRJNA263947	SAMN12700531	NextSeq 500		European_Dogs				25.8694	14.3813	1.79882208						D		0	EnglishMastiff05	Dogs	European_Dogs
EnglishMastiff06	SRR10752629	EnglishMastiff06	Canis	familiaris	Mastiff_English	MAST									0				PRJNA263947	SAMN13655914	Illumina NovaSeq 6000		European_Dogs		M		49.0717	26.9118	1.8234269						D		0	EnglishMastiff06	Dogs	European_Dogs
EnglishPointer01		EnglishPointer01	Canis	familiaris	Pointer_English	PNTR									0				PRJNA288568	SAMN03801665	Illumina Genome Analyzer IIx		European_Dogs		F		22.0355	12.4887	1.76443505						D		0	EnglishPointer01	Dogs	European_Dogs
EnglishPointer02		EnglishPointer02	Canis	familiaris	Pointer_English	PNTR									0				PRJNA263947	SAMN03580383	Illumina HiSeq 2000		European_Dogs		M		18.0962	18.881	0.95843441						D		0	EnglishPointer02	Dogs	European_Dogs
EnglishSetter01		EnglishSetter01	Canis	familiaris	English_Setter	ESET									0				PRJNA263947	SAMN04196858	Illumina HiSeq 2000		European_Dogs		F		25.6421	14.3635	1.78522644						D		0	EnglishSetter01	Dogs	European_Dogs
EnglishSetter02	CFA.105990	EnglishSetter02	Canis	familiaris	English_Setter	ESET									0				PRJNA263947	SAMN06159667	HiSeq X Ten		European_Dogs		M		27.9622	27.9883	0.99906747						D		0	EnglishSetter02	Dogs	European_Dogs
EnglishSetter03	CFA.117996	EnglishSetter03	Canis	familiaris	English_Setter	ESET									0				PRJNA263947	SAMN06159682	HiSeq X Ten		European_Dogs		F		39.4001	21.8432	1.80376959						D		0	EnglishSetter03	Dogs	European_Dogs
EnglishSetter04		EnglishSetter04_15386	Canis	familiaris	English_Setter	ESET									0				PRJNA648123	SAMN15625839	Illumina HiSeq 3000		European_Dogs		F		18.4163	18.4037	1.00068465						D		0	EnglishSetter04	Dogs	European_Dogs
EnglishSetter05		EnglishSetter05_26982	Canis	familiaris	English_Setter	ESET									0				PRJNA648123	SAMN15625840	Illumina HiSeq 3000		European_Dogs				19.1989	18.9877	1.01112299						D		0	EnglishSetter05	Dogs	European_Dogs
EnglishSetter07		EnglishSetter07	Canis	familiaris	English_Setter	ESET									0				PRJNA263947	SAMN10940779	HiSeq X Ten		European_Dogs				34.0618	33.9565	1.00310103						D		0	EnglishSetter07	Dogs	European_Dogs
EnglishSetter08		EnglishSetter08	Canis	familiaris	English_Setter	ESET									0				PRJNA263947	SAMN10940811	HiSeq X Ten		European_Dogs		M		37.0444	37.099	0.99852826						D		0	EnglishSetter08	Dogs	European_Dogs
EnglishSpringerSpaniel01		EnglishSpringerSpaniel01	Canis	familiaris	English_Springer_Spaniel	ESSP									0				PRJNA263947	SAMN03580391	Illumina HiSeq 2000		European_Dogs		M		31.3651	17.9941	1.7430769						D		0	EnglishSpringerSpaniel01	Dogs	European_Dogs
EnglishSpringerSpaniel03		EnglishSpringerSpaniel03	Canis	familiaris	English_Springer_Spaniel	ESSP									0				PRJNA263947	SAMN04196857	Illumina HiSeq 2000		European_Dogs		F		31.3495	17.7881	1.76238609						D		0	EnglishSpringerSpaniel03	Dogs	European_Dogs
EnglishSpringerSpaniel04		EnglishSpringerSpaniel04_4238	Canis	familiaris	English_Springer_Spaniel	ESSP									0				PRJNA648123	SAMN15625842	Illumina HiSeq 3000		European_Dogs		F		18.054	17.9743	1.00443411						D		0	EnglishSpringerSpaniel04	Dogs	European_Dogs
EnglishSpringerSpaniel05		EnglishSpringerSpaniel05_4239	Canis	familiaris	English_Springer_Spaniel	ESSP									0				PRJNA648123	SAMN15625843	Illumina HiSeq 3000		European_Dogs				24.2735	24.187	1.0035763						D		0	EnglishSpringerSpaniel05	Dogs	European_Dogs
EnglishSpringerSpaniel07		EnglishSpringerSpaniel07	Canis	familiaris	English_Springer_Spaniel	ESSP									0				PRJNA263947	SAMN10940818	NextSeq 500		European_Dogs				19.4024	10.7984	1.79678471						D		0	EnglishSpringerSpaniel07	Dogs	European_Dogs
EnglishSpringerSpaniel08		EnglishSpringerSpaniel08	Canis	familiaris	English_Springer_Spaniel	ESSP									0				PRJNA263947	SAMN10940783	HiSeq X Ten		European_Dogs		M		34.0124	18.8354	1.80576999						D		0	EnglishSpringerSpaniel08	Dogs	European_Dogs
EnglishSpringerSpaniel09	SRR10077547	EnglishSpringerSpaniel09	Canis	familiaris	English_Springer_Spaniel	ESSP									0				PRJNA263947	SAMN12700552	NextSeq 500		European_Dogs		F		25.5619	14.173	1.80356311						D		0	EnglishSpringerSpaniel09	Dogs	European_Dogs
EnglishSpringerSpaniel10	SRR10077567	EnglishSpringerSpaniel10	Canis	familiaris	English_Springer_Spaniel	ESSP									0				PRJNA263947	SAMN12700534	Illumina NovaSeq 6000		European_Dogs		M		50.7663	50.6765	1.00177203						D		0	EnglishSpringerSpaniel10	Dogs	European_Dogs
EntlebucherSennenhund01		EntlebucherSennenhund01	Canis	familiaris	Entlebucher_Sennenhund	ENTL									0				PRJEB16012	SAMEA4504828	Illumina HiSeq 2500		European_Dogs		M		13.7681	7.70949	1.78586392						D		0	EntlebucherSennenhund01	Dogs	European_Dogs
EntlebucherSennenhund02		EntlebucherSennenhund02	Canis	familiaris	Entlebucher_Sennenhund	ENTL									0				PRJEB16012	SAMEA4505497	Illumina HiSeq 2000		European_Dogs		M		13.1998	7.22657	1.82656502						D		0	EntlebucherSennenhund02	Dogs	European_Dogs
EntlebucherSennenhund03		EntlebucherSennenhund03	Canis	familiaris	Entlebucher_Sennenhund	ENTL									0				PRJEB16012	SAMEA4504829	Illumina HiSeq 2500		European_Dogs		M		12.3218	6.74192	1.8276396						D		0	EntlebucherSennenhund03	Dogs	European_Dogs
EntlebucherSennenhund04		EntlebucherSennenhund04	Canis	familiaris	Entlebucher_Sennenhund	ENTL									0				PRJEB16012	SAMEA4505498	Illumina HiSeq 2000		European_Dogs		M		11.9363	6.60897	1.80607568						D		0	EntlebucherSennenhund04	Dogs	European_Dogs
EntlebucherSennenhund05		EntlebucherSennenhund05	Canis	familiaris	Entlebucher_Sennenhund	ENTL									0				PRJEB16012	SAMEA4504830	Illumina HiSeq 2500		European_Dogs		M		11.9071	6.65164	1.79009989						D		0	EntlebucherSennenhund05	Dogs	European_Dogs
EntlebucherSennenhund06		EntlebucherSennenhund06	Canis	familiaris	Entlebucher_Sennenhund	ENTL									0				PRJEB16012	SAMEA4505499	Illumina HiSeq 2000		European_Dogs		M		13.8693	7.79771	1.77863757						D		0	EntlebucherSennenhund06	Dogs	European_Dogs
EntlebucherSennenhund07		EntlebucherSennenhund07	Canis	familiaris	Entlebucher_Sennenhund	ENTL									0				PRJEB16012	SAMEA4505500	Illumina HiSeq 2000		European_Dogs		M		13.0596	7.37277	1.77132882						D		0	EntlebucherSennenhund07	Dogs	European_Dogs
EntlebucherSennenhund08		EntlebucherSennenhund08	Canis	familiaris	Entlebucher_Sennenhund	ENTL									0				PRJEB16012	SAMEA4505501	Illumina HiSeq 2000		European_Dogs		F		17.0766	9.41899	1.81299694						D		0	EntlebucherSennenhund08	Dogs	European_Dogs
EntlebucherSennenhund09		EntlebucherSennenhund09_12841	Canis	familiaris	Entlebucher_Sennenhund	ENTL									0				PRJNA648123	SAMN15625833	Illumina HiSeq 3000		European_Dogs		M		21.7446	21.6759	1.00316942						D		0	EntlebucherSennenhund09	Dogs	European_Dogs
EntlebucherSennenhund10		EntlebucherSennenhund10_12842	Canis	familiaris	Entlebucher_Sennenhund	ENTL									0				PRJNA648123	SAMN15625834	Illumina HiSeq 3000		European_Dogs				19.7069	10.9663	1.79704185						D		0	EntlebucherSennenhund10	Dogs	European_Dogs
EntlebucherSennenhund11		EntlebucherSennenhund11_12859	Canis	familiaris	Entlebucher_Sennenhund	ENTL									0				PRJNA648123	SAMN15625835	Illumina HiSeq 3000		European_Dogs				17.563	9.85352	1.78240872						D		0	EntlebucherSennenhund11	Dogs	European_Dogs
EthiopianWolf01	EthiopianWolf_Ethiopia	EthiopianWolf01	Canis	simensis	Ethiopian_Wolf										0				PRJNA494815	SAMN10180425	Illumina HiSeq 2500		Outgroup		F										W		0	EthiopianWolf01	Outgroup	Wolves
Eurasier01		Eurasier01	Canis	familiaris	Eurasier	EURA									0				PRJEB6079	SAMEA2446720	Illumina HiSeq 2000		European_Dogs		M		12.1854	12.2709	0.9930323						D		0	Eurasier01	Dogs	European_Dogs
Eurasier02		Eurasier02	Canis	familiaris	Eurasier	EURA									0				PRJEB16012	SAMEA4506889	Illumina HiSeq 2500		European_Dogs				16.1855	9.08217	1.78211815						D		0	Eurasier02	Dogs	European_Dogs
Eurasier03		Eurasier03_22815	Canis	familiaris	Eurasier	EURA									0				PRJNA648123	SAMN15625844	Illumina HiSeq 3000		European_Dogs		M		17.3557	9.67701	1.7934982						D		0	Eurasier03	Dogs	European_Dogs
FieldSpaniel01	CFA.107833	FieldSpaniel01	Canis	familiaris	Field_Spaniel	FIEL									0				PRJNA263947	SAMN06159668	HiSeq X Ten		European_Dogs		M		42.1655	23.2253	1.81549862						D		0	FieldSpaniel01	Dogs	European_Dogs
FieldSpaniel02		FieldSpaniel02_27364	Canis	familiaris	Field_Spaniel	FIEL									0				PRJNA648123	SAMN15625848	Illumina HiSeq 3000		European_Dogs		F		20.516	11.4162	1.79709536						D		0	FieldSpaniel02	Dogs	European_Dogs
FieldSpaniel03		FieldSpaniel03_28377	Canis	familiaris	Field_Spaniel	FIEL									0				PRJNA648123	SAMN15625849	Illumina HiSeq 3000		European_Dogs		M		18.791	18.5893	1.01085033						D		0	FieldSpaniel03	Dogs	European_Dogs
FieldSpaniel04		FieldSpaniel04_28378	Canis	familiaris	Field_Spaniel	FIEL									0				PRJNA648123	SAMN15625850	Illumina HiSeq 3000		European_Dogs		M		22.4498	12.302	1.82489026						D		0	FieldSpaniel04	Dogs	European_Dogs
FinnishLapphund01		FinnishLapphund01	Canis	familiaris	Finnish_Lapphund										0				PRJNA266585	SAMN03168391	Illumina HiSeq 2000		European_Dogs		F		18.5545	10.627	1.74597723						D		0	FinnishLapphund01	Dogs	European_Dogs
FinnishSpitz01		FinnishSpitz01_7309	Canis	familiaris	Finnish_Spitz	FINN									0				PRJNA648123	SAMN15625851	Illumina HiSeq 3000		European_Dogs		F		20.0512	20.0512	1						D		0	FinnishSpitz01	Dogs	European_Dogs
FlatCoatedRetriever01		FlatCoatedRetriever01_20576	Canis	familiaris	Flat_Coated_Retriever	FCR-									0				PRJNA288568	SAMN03801666	Illumina HiSeq 2000		European_Dogs		F		68.8716	70.3225	0.97936791			3/23/14			D		0	FlatCoatedRetriever01	Dogs	European_Dogs
FlatCoatedRetriever02		FlatCoatedRetriever02_24743	Canis	familiaris	Flat_Coated_Retriever	FCR-									0				PRJNA288568	SAMN03801667	Illumina HiSeq 2000		European_Dogs		F		44.0783	44.671	0.98673188			11/27/13			D		0	FlatCoatedRetriever02	Dogs	European_Dogs
FlatCoatedRetriever03		FlatCoatedRetriever03_28051	Canis	familiaris	Flat_Coated_Retriever	FCR-									0				PRJNA448733	SAMN08873011	Illumina HiSeq 2500		European_Dogs		F		42.4232	43.3655	0.97827075			10/29/14			D		0	FlatCoatedRetriever03	Dogs	European_Dogs
FlatCoatedRetriever04		FlatCoatedRetriever04_9023	Canis	familiaris	Flat_Coated_Retriever	FCR-									0				PRJNA685036	SAMN17192067	Illumina NovaSeq 6000		European_Dogs		F							12/05/2018			D		0	FlatCoatedRetriever04	Dogs	European_Dogs
FlatCoatedRetriever05		FlatCoatedRetriever05_23470	Canis	familiaris	Flat_Coated_Retriever	FCR-									0				PRJNA685036	SAMN17192068	Illumina NovaSeq 6000		European_Dogs		M		43.8824	44.136	0.99425412			12/05/2018			D		0	FlatCoatedRetriever05	Dogs	European_Dogs
FlatCoatedRetriever06		FlatCoatedRetriever06_25517	Canis	familiaris	Flat_Coated_Retriever	FCR-									0				PRJNA685036	SAMN17192069	Illumina NovaSeq 6000		European_Dogs		M		39.1859	21.791	1.79826075			12/05/2018			D		0	FlatCoatedRetriever06	Dogs	European_Dogs
FlatCoatedRetriever07		FlatCoatedRetriever07_25539	Canis	familiaris	Flat_Coated_Retriever	FCR-									0				PRJNA685036	SAMN17192070	Illumina NovaSeq 6000		European_Dogs		M		41.4594	23.0118	1.80165828			12/05/2018			D		0	FlatCoatedRetriever07	Dogs	European_Dogs
FlatCoatedRetriever08		FlatCoatedRetriever08_28072	Canis	familiaris	Flat_Coated_Retriever	FCR-									0				PRJNA685036	SAMN17192071	Illumina NovaSeq 6000		European_Dogs		F		47.6061	26.8491	1.77309854			12/05/2018			D		0	FlatCoatedRetriever08	Dogs	European_Dogs
FlatCoatedRetriever09		FlatCoatedRetriever09_28203	Canis	familiaris	Flat_Coated_Retriever	FCR-									0				PRJNA685036	SAMN17192072	Illumina NovaSeq 6000		European_Dogs		F		47.455	47.445	1.00021077			12/05/2018			D		0	FlatCoatedRetriever09	Dogs	European_Dogs
FlatCoatedRetriever10		FlatCoatedRetriever10_30377	Canis	familiaris	Flat_Coated_Retriever	FCR-									0				PRJNA648123	SAMN15625852	Illumina HiSeq 3000		European_Dogs		F		18.6838	18.9367	0.98664498						D		0	FlatCoatedRetriever10	Dogs	European_Dogs
FlatCoatedRetriever11		FlatCoatedRetriever11_30651	Canis	familiaris	Flat_Coated_Retriever	FCR-									0				PRJNA648123	SAMN15625853	Illumina HiSeq 3000		European_Dogs		F		21.9535	21.9731							D		0	FlatCoatedRetriever11	Dogs	European_Dogs
FlatCoatedRetriever12		FlatCoatedRetriever12_31166	Canis	familiaris	Flat_Coated_Retriever	FCR-									0				PRJNA648123	SAMN15625854	Illumina HiSeq 3000		European_Dogs				18.3422	18.337							D		0	FlatCoatedRetriever12	Dogs	European_Dogs
FlatCoatedRetriever13	SRR10752618	FlatCoatedRetriever13	Canis	familiaris	Flat_Coated_Retriever	FCR-									0				PRJNA263947	SAMN13655892	Illumina NovaSeq 6000		European_Dogs		F		34.7733	19.2684	1.8046802						D		0	FlatCoatedRetriever13	Dogs	European_Dogs
FonniDog01		FonniDog01_29859	Canis	familiaris	Fonni's_Dog	FONN									0				PRJNA448733	SAMN08873012	Illumina HiSeq 2500		European_Dogs		M		42.448	43.1027	0.9848107			7/21/15			D		0	FonniDog01	Dogs	European_Dogs
FrenchBulldog01		FrenchBulldog01	Canis	familiaris	French_Bulldog	FBUL									0				PRJEB13468	SAMEA3928146	Illumina HiSeq 2000		European_Dogs		M		19.7029	11.0097	1.78959463						D		0	FrenchBulldog01	Dogs	European_Dogs
FrenchBulldog02	FB065	FrenchBulldog02	Canis	familiaris	French_Bulldog	FBUL									0				PRJEB16012	SAMEA4504835	Illumina HiSeq 2500		European_Dogs		F		14.4448	8.2	1.76156098						D		0	FrenchBulldog02	Dogs	European_Dogs
FrenchBulldog03		FrenchBulldog03_14473	Canis	familiaris	French_Bulldog	FBUL									0				PRJNA648123	SAMN15625845	Illumina HiSeq 3000		European_Dogs		M		19.3929	19.3287	1.00332149						D		0	FrenchBulldog03	Dogs	European_Dogs
FrenchBulldog04		FrenchBulldog04_14477	Canis	familiaris	French_Bulldog	FBUL									0				PRJNA648123	SAMN15625846	Illumina HiSeq 3000		European_Dogs		M		22.6059	12.5668	1.7988589						D		0	FrenchBulldog04	Dogs	European_Dogs
FrenchBulldog05		FrenchBulldog05_16072	Canis	familiaris	French_Bulldog	FBUL									0				PRJNA648123	SAMN15625847	Illumina HiSeq 3000		European_Dogs				17.9661	9.98158	1.79992546						D		0	FrenchBulldog05	Dogs	European_Dogs
TSQ5		GL01-21	Canis	familiaris	Greenland_Sled_Dog	GLSD									0				Unpublished (Consult Tatiana before using)				Arctic_Dogs										Tatiana's Unpublished - Do Not Use		D		1	GLSD_NGQ1_0	Dogs	Arctic_Dogs
TSQ4		GL01-22	Canis	familiaris	Greenland_Sled_Dog	GLSD									0				Unpublished (Consult Tatiana before using)				Arctic_Dogs										Tatiana's Unpublished - Do Not Use		D		2	GLSD_STT5_0	Dogs	Arctic_Dogs
TSQ3		GL01.01	Canis	familiaris	Greenland_Sled_Dog	GLSD									0				Unpublished (Consult Tatiana before using)				Arctic_Dogs										Tatiana's Unpublished - Do Not Use		D		0	GLSD_TSQ5_0	Dogs	Arctic_Dogs
KMT1		GL01.02	Canis	familiaris	Greenland_Sled_Dog	GLSD									0				Unpublished (Consult Tatiana before using)				Arctic_Dogs										Tatiana's Unpublished - Do Not Use		D		0	GLSD_TSQ4_0	Dogs	Arctic_Dogs
QTQ11		GL01.03	Canis	familiaris	Greenland_Sled_Dog	GLSD									0				Unpublished (Consult Tatiana before using)				Arctic_Dogs										Tatiana's Unpublished - Do Not Use		D		0	GLSD_TSQ3_0	Dogs	Arctic_Dogs
QNQ5		GL01.05	Canis	familiaris	Greenland_Sled_Dog	GLSD									0				Unpublished (Consult Tatiana before using)				Arctic_Dogs										Tatiana's Unpublished - Do Not Use		D		0	GLSD_KMT1_0	Dogs	Arctic_Dogs
STT4		GL01.17	Canis	familiaris	Greenland_Sled_Dog	GLSD									0				Unpublished (Consult Tatiana before using)				Arctic_Dogs										Tatiana's Unpublished - Do Not Use		D		0	GLSD_QTQ11_0	Dogs	Arctic_Dogs
ITT3		GL01.18	Canis	familiaris	Greenland_Sled_Dog	GLSD									0				Unpublished (Consult Tatiana before using)				Arctic_Dogs										Tatiana's Unpublished - Do Not Use		D		0	GLSD_QNQ5_0	Dogs	Arctic_Dogs
ITT2		GL01.23	Canis	familiaris	Greenland_Sled_Dog	GLSD									0				Unpublished (Consult Tatiana before using)				Arctic_Dogs										Tatiana's Unpublished - Do Not Use		D		0	GLSD_STT4_0	Dogs	Arctic_Dogs
SMT6		GL03.03	Canis	familiaris	Greenland_Sled_Dog	GLSD									0				Unpublished (Consult Tatiana before using)				Arctic_Dogs										Tatiana's Unpublished - Do Not Use		D		0	GLSD_ITT3_0	Dogs	Arctic_Dogs
SPD1		GL03.09	Canis	familiaris	Greenland_Sled_Dog	GLSD									0				Unpublished (Consult Tatiana before using)				Arctic_Dogs										Tatiana's Unpublished - Do Not Use		D		0	GLSD_ITT2_0	Dogs	Arctic_Dogs
SPD2		GL04.01	Canis	familiaris	Greenland_Sled_Dog	GLSD									0				Unpublished (Consult Tatiana before using)				Arctic_Dogs										Tatiana's Unpublished - Do Not Use		D		0	GLSD_SMT6_0	Dogs	Arctic_Dogs
ILS9	QIM2_81	GL05.05	Canis	familiaris	Greenland_Sled_Dog	GLSD									0				Unpublished (Consult Tatiana before using)				Arctic_Dogs										Tatiana's Unpublished - Do Not Use		D		0	GLSD_SPD1_0	Dogs	Arctic_Dogs
ILS8		GL05.06	Canis	familiaris	Greenland_Sled_Dog	GLSD									0				Unpublished (Consult Tatiana before using)				Arctic_Dogs										Tatiana's Unpublished - Do Not Use		D		0	GLSD_SPD2_0	Dogs	Arctic_Dogs
STT2		GL07-17	Canis	familiaris	Greenland_Sled_Dog	GLSD									0				Unpublished (Consult Tatiana before using)				Arctic_Dogs										Tatiana's Unpublished - Do Not Use		D		0	GLSD_STT3_0	Dogs	Arctic_Dogs
UKS2		GL07-31	Canis	familiaris	Greenland_Sled_Dog	GLSD									0				Unpublished (Consult Tatiana before using)				Arctic_Dogs										Tatiana's Unpublished - Do Not Use		D		0	GLSD_STT1_0	Dogs	Arctic_Dogs
UKS1		GL07.04	Canis	familiaris	Greenland_Sled_Dog	GLSD									0				Unpublished (Consult Tatiana before using)				Arctic_Dogs										Tatiana's Unpublished - Do Not Use		D		0	GLSD_ILS9_0	Dogs	Arctic_Dogs
UKS3		GL07.05	Canis	familiaris	Greenland_Sled_Dog	GLSD									0				Unpublished (Consult Tatiana before using)				Arctic_Dogs										Tatiana's Unpublished - Do Not Use		D		0	GLSD_ILS8_0	Dogs	Arctic_Dogs
QTQ10		GL07.26	Canis	familiaris	Greenland_Sled_Dog	GLSD									0				Unpublished (Consult Tatiana before using)				Arctic_Dogs										Tatiana's Unpublished - Do Not Use		D		0	GLSD_STT2_0	Dogs	Arctic_Dogs
QTQ9		GL07.34	Canis	familiaris	Greenland_Sled_Dog	GLSD									0				Unpublished (Consult Tatiana before using)				Arctic_Dogs										Tatiana's Unpublished - Do Not Use		D		0	GLSD_UKS2_0	Dogs	Arctic_Dogs
QTQ8		GL07.35	Canis	familiaris	Greenland_Sled_Dog	GLSD									0				Unpublished (Consult Tatiana before using)				Arctic_Dogs										Tatiana's Unpublished - Do Not Use		D		0	GLSD_UKS1_0	Dogs	Arctic_Dogs
ILS7		GL07.36	Canis	familiaris	Greenland_Sled_Dog	GLSD									0				Unpublished (Consult Tatiana before using)				Arctic_Dogs										Tatiana's Unpublished - Do Not Use		D		0	GLSD_UKS3_0	Dogs	Arctic_Dogs
ILS6		GL08.03	Canis	familiaris	Greenland_Sled_Dog	GLSD									0				Unpublished (Consult Tatiana before using)				Arctic_Dogs										Tatiana's Unpublished - Do Not Use		D		0	GLSD_QTQ10_0	Dogs	Arctic_Dogs
AST4		GL08.11	Canis	familiaris	Greenland_Sled_Dog	GLSD									0				Unpublished (Consult Tatiana before using)				Arctic_Dogs										Tatiana's Unpublished - Do Not Use		D		0	GLSD_QTQ9_0	Dogs	Arctic_Dogs
AST3		GL08.17	Canis	familiaris	Greenland_Sled_Dog	GLSD									0				Unpublished (Consult Tatiana before using)				Arctic_Dogs										Tatiana's Unpublished - Do Not Use		D		0	GLSD_QTQ8_0	Dogs	Arctic_Dogs
SMT4		GL09.07	Canis	familiaris	Greenland_Sled_Dog	GLSD									0				Unpublished (Consult Tatiana before using)				Arctic_Dogs										Tatiana's Unpublished - Do Not Use		D		0	GLSD_ILS7_0	Dogs	Arctic_Dogs
SMT5		GL10.04	Canis	familiaris	Greenland_Sled_Dog	GLSD									0				Unpublished (Consult Tatiana before using)				Arctic_Dogs										Tatiana's Unpublished - Do Not Use		D		0	GLSD_ILS6_0	Dogs	Arctic_Dogs
ISK3		GL10.17	Canis	familiaris	Greenland_Sled_Dog	GLSD									0				Unpublished (Consult Tatiana before using)				Arctic_Dogs										Tatiana's Unpublished - Do Not Use		D		0	GLSD_AST4_0	Dogs	Arctic_Dogs
ISK1		GL10.19	Canis	familiaris	Greenland_Sled_Dog	GLSD									0				Unpublished (Consult Tatiana before using)				Arctic_Dogs										Tatiana's Unpublished - Do Not Use		D		0	GLSD_AST3_0	Dogs	Arctic_Dogs
ISK2		GL11.06	Canis	familiaris	Greenland_Sled_Dog	GLSD									0				Unpublished (Consult Tatiana before using)				Arctic_Dogs										Tatiana's Unpublished - Do Not Use		D		0	GLSD_SMT4_0	Dogs	Arctic_Dogs
SQQ3		GL11.08	Canis	familiaris	Greenland_Sled_Dog	GLSD									0				Unpublished (Consult Tatiana before using)				Arctic_Dogs										Tatiana's Unpublished - Do Not Use		D		0	GLSD_SMT5_0	Dogs	Arctic_Dogs
SQQ2		GL11.13	Canis	familiaris	Greenland_Sled_Dog	GLSD									0				Unpublished (Consult Tatiana before using)				Arctic_Dogs										Tatiana's Unpublished - Do Not Use		D		0	GLSD_ISK3_0	Dogs	Arctic_Dogs
SQQ1		GL11.17	Canis	familiaris	Greenland_Sled_Dog	GLSD									0				Unpublished (Consult Tatiana before using)				Arctic_Dogs										Tatiana's Unpublished - Do Not Use		D		0	GLSD_ISK1_0	Dogs	Arctic_Dogs
NQS2		GL11.18	Canis	familiaris	Greenland_Sled_Dog	GLSD									0				Unpublished (Consult Tatiana before using)				Arctic_Dogs										Tatiana's Unpublished - Do Not Use		D		0	GLSD_ISK2_0	Dogs	Arctic_Dogs
ILS5		GL11.19	Canis	familiaris	Greenland_Sled_Dog	GLSD									0				Unpublished (Consult Tatiana before using)				Arctic_Dogs										Tatiana's Unpublished - Do Not Use		D		0	GLSD_SQQ3_0	Dogs	Arctic_Dogs
ILS4		GL12.01	Canis	familiaris	Greenland_Sled_Dog	GLSD									0				Unpublished (Consult Tatiana before using)				Arctic_Dogs										Tatiana's Unpublished - Do Not Use		D		0	GLSD_SQQ2_0	Dogs	Arctic_Dogs
SMT3		GL12.05	Canis	familiaris	Greenland_Sled_Dog	GLSD									0				Unpublished (Consult Tatiana before using)				Arctic_Dogs										Tatiana's Unpublished - Do Not Use		D		0	GLSD_SQQ1_0	Dogs	Arctic_Dogs
NQS1		GL12.08	Canis	familiaris	Greenland_Sled_Dog	GLSD									0				Unpublished (Consult Tatiana before using)				Arctic_Dogs										Tatiana's Unpublished - Do Not Use		D		0	GLSD_NQS2_0	Dogs	Arctic_Dogs
UMQ4		GL12.12	Canis	familiaris	Greenland_Sled_Dog	GLSD									0				Unpublished (Consult Tatiana before using)				Arctic_Dogs										Tatiana's Unpublished - Do Not Use		D		0	GLSD_ILS5_0	Dogs	Arctic_Dogs
UMQ3		GL12.13	Canis	familiaris	Greenland_Sled_Dog	GLSD									0				Unpublished (Consult Tatiana before using)				Arctic_Dogs										Tatiana's Unpublished - Do Not Use		D		0	GLSD_ILS4_0	Dogs	Arctic_Dogs
UMQ1		GL13.04	Canis	familiaris	Greenland_Sled_Dog	GLSD									0				Unpublished (Consult Tatiana before using)				Arctic_Dogs										Tatiana's Unpublished - Do Not Use		D		0	GLSD_SMT3_0	Dogs	Arctic_Dogs
UMQ2		GL13.07	Canis	familiaris	Greenland_Sled_Dog	GLSD									0				Unpublished (Consult Tatiana before using)				Arctic_Dogs										Tatiana's Unpublished - Do Not Use		D		0	GLSD_NQS1_0	Dogs	Arctic_Dogs
QNQ4		GL13.09	Canis	familiaris	Greenland_Sled_Dog	GLSD									0				Unpublished (Consult Tatiana before using)				Arctic_Dogs										Tatiana's Unpublished - Do Not Use		D		0	GLSD_UMQ4_0	Dogs	Arctic_Dogs
QNQ3		GL14.06	Canis	familiaris	Greenland_Sled_Dog	GLSD									0				Unpublished (Consult Tatiana before using)				Arctic_Dogs										Tatiana's Unpublished - Do Not Use		D		0	GLSD_UMQ3_0	Dogs	Arctic_Dogs
QTQ7		GL14.07	Canis	familiaris	Greenland_Sled_Dog	GLSD									0				Unpublished (Consult Tatiana before using)				Arctic_Dogs										Tatiana's Unpublished - Do Not Use		D		0	GLSD_UMQ1_0	Dogs	Arctic_Dogs
QTQ6		GL14.08	Canis	familiaris	Greenland_Sled_Dog	GLSD									0				Unpublished (Consult Tatiana before using)				Arctic_Dogs										Tatiana's Unpublished - Do Not Use		D		0	GLSD_UMQ2_0	Dogs	Arctic_Dogs
QTQ5		GL14.12	Canis	familiaris	Greenland_Sled_Dog	GLSD									0				Unpublished (Consult Tatiana before using)				Arctic_Dogs										Tatiana's Unpublished - Do Not Use		D		0	GLSD_QNQ4_0	Dogs	Arctic_Dogs
QTQ4		GL14.17	Canis	familiaris	Greenland_Sled_Dog	GLSD									0				Unpublished (Consult Tatiana before using)				Arctic_Dogs										Tatiana's Unpublished - Do Not Use		D		0	GLSD_QNQ3_0	Dogs	Arctic_Dogs
KGL2		GL15.04	Canis	familiaris	Greenland_Sled_Dog	GLSD									0				Unpublished (Consult Tatiana before using)				Arctic_Dogs										Tatiana's Unpublished - Do Not Use		D		0	GLSD_QTQ7_0	Dogs	Arctic_Dogs
QTQ3		GL15.12	Canis	familiaris	Greenland_Sled_Dog	GLSD									0				Unpublished (Consult Tatiana before using)				Arctic_Dogs										Tatiana's Unpublished - Do Not Use		D		0	GLSD_QTQ6_0	Dogs	Arctic_Dogs
QTQ2		GL15.26	Canis	familiaris	Greenland_Sled_Dog	GLSD									0				Unpublished (Consult Tatiana before using)				Arctic_Dogs										Tatiana's Unpublished - Do Not Use		D		0	GLSD_QTQ5_0	Dogs	Arctic_Dogs
KGL1		GL15.27	Canis	familiaris	Greenland_Sled_Dog	GLSD									0				Unpublished (Consult Tatiana before using)				Arctic_Dogs										Tatiana's Unpublished - Do Not Use		D		0	GLSD_QTQ4_0	Dogs	Arctic_Dogs
QTQ1		GL15.44	Canis	familiaris	Greenland_Sled_Dog	GLSD									0				Unpublished (Consult Tatiana before using)				Arctic_Dogs										Tatiana's Unpublished - Do Not Use		D		0	GLSD_KGL2_0	Dogs	Arctic_Dogs
ILS3		GL15.49	Canis	familiaris	Greenland_Sled_Dog	GLSD									0				Unpublished (Consult Tatiana before using)				Arctic_Dogs										Tatiana's Unpublished - Do Not Use		D		0	GLSD_QTQ3_0	Dogs	Arctic_Dogs
ITT1		GL15.52	Canis	familiaris	Greenland_Sled_Dog	GLSD									0				Unpublished (Consult Tatiana before using)				Arctic_Dogs										Tatiana's Unpublished - Do Not Use		D		0	GLSD_QTQ2_0	Dogs	Arctic_Dogs
GermanHuntingTerrier01	JT007	GermanHuntingTerrier01	Canis	familiaris	German_Hunting_Terrier										0				PRJEB16012	SAMEA104125120	Illumina HiSeq 3000		European_Dogs		F		37.5165	20.9689	1.78914965						D		0	GermanHuntingTerrier01	Dogs	European_Dogs
GermanShepherd01		GermanShepherd01	Canis	familiaris	German_Shepherd_Dog	GSD									0				PRJNA192935	SAMN01974494	Illumina Genome Analyzer IIx		European_Dogs		F		9.99699	9.91396	1.00837506						D		0	GermanShepherd01	Dogs	European_Dogs
GermanShepherd02		GermanShepherd02	Canis	familiaris	German_Shepherd_Dog	GSD									0				PRJNA233638	SAMN02585201	Illumina HiSeq 2000		European_Dogs		M		15.9152	16.0369	0.99241125						D		0	GermanShepherd02	Dogs	European_Dogs
GermanShepherd03		GermanShepherd03	Canis	familiaris	German_Shepherd_Dog	GSD									0				PRJNA233638	SAMN02585202	Illumina HiSeq 2000		European_Dogs		F		16.695	9.44183	1.76819536						D		0	GermanShepherd03	Dogs	European_Dogs
GermanShepherd04		GermanShepherd04	Canis	familiaris	German_Shepherd_Dog	GSD									0				PRJNA233638	SAMN02585203	Illumina HiSeq 2000		European_Dogs		F		16.3665	16.6404	0.98354006						D		0	GermanShepherd04	Dogs	European_Dogs
GermanShepherd05		GermanShepherd05	Canis	familiaris	German_Shepherd_Dog	GSD									0				PRJNA233638	SAMN02585204	Illumina HiSeq 2000		European_Dogs		F		16.2179	16.5083	0.98240885						D		0	GermanShepherd05	Dogs	European_Dogs
GermanShepherd06		GermanShepherd06	Canis	familiaris	German_Shepherd_Dog	GSD									0				PRJNA233638	SAMN02585205	Illumina HiSeq 2000		European_Dogs		M		15.4978	15.7666	0.9829513						D		0	GermanShepherd06	Dogs	European_Dogs
GermanShepherd07		GermanShepherd07	Canis	familiaris	German_Shepherd_Dog	GSD									0				PRJNA233638	SAMN02585206	Illumina HiSeq 2000		European_Dogs		M		16.4451	9.34145	1.76044404						D		0	GermanShepherd07	Dogs	European_Dogs
GermanShepherd08		GermanShepherd08	Canis	familiaris	German_Shepherd_Dog	GSD									0				PRJNA233638	SAMN02585207	Illumina HiSeq 2000		European_Dogs		M		17.0837	9.75571	1.75114881						D		0	GermanShepherd08	Dogs	European_Dogs
GermanShepherd09		GermanShepherd09	Canis	familiaris	German_Shepherd_Dog	GSD									0				PRJNA233638	SAMN02585208	Illumina HiSeq 2000		European_Dogs		M		15.5221	8.81343	1.76118719						D		0	GermanShepherd09	Dogs	European_Dogs
GermanShepherd10		GermanShepherd10	Canis	familiaris	German_Shepherd_Dog	GSD									0				PRJNA233638	SAMN02585209	Illumina HiSeq 2000		European_Dogs		M		17.131	9.76946	1.75352578						D		0	GermanShepherd10	Dogs	European_Dogs
GermanShepherd11		GermanShepherd11	Canis	familiaris	German_Shepherd_Dog	GSD									0				PRJNA233638	SAMN02585210	Illumina HiSeq 2000		European_Dogs		M		16.1927	9.19712	1.76062724						D		0	GermanShepherd11	Dogs	European_Dogs
GermanShepherd12		GermanShepherd12	Canis	familiaris	German_Shepherd_Dog	GSD									0				PRJNA263947	SAMN03580392	Illumina HiSeq 2000		European_Dogs		F		29.2333	16.7362	1.74671072						D		0	GermanShepherd12	Dogs	European_Dogs
GermanShepherd13	DS043	GermanShepherd13	Canis	familiaris	German_Shepherd_Dog	GSD									0				PRJEB16012	SAMEA4506895	Illumina HiSeq 2500		European_Dogs		F		29.7673	29.7556	1.0003932						D		0	GermanShepherd13	Dogs	European_Dogs
GermanShepherd14	DS051	GermanShepherd14	Canis	familiaris	German_Shepherd_Dog	GSD									0				PRJEB16012	SAMEA72802168	Illumina HiSeq 3000		European_Dogs		M		21.3009	21.6939	0.98188431						D		0	GermanShepherd14	Dogs	European_Dogs
GermanShepherd15	DS053	GermanShepherd15	Canis	familiaris	German_Shepherd_Dog	GSD									0				PRJEB16012	SAMEA72802918	Illumina HiSeq 3000		European_Dogs		F		20.8588	11.6934	1.78380967						D		0	GermanShepherd15	Dogs	European_Dogs
GermanShepherd16		GermanShepherd16_12786	Canis	familiaris	German_Shepherd_Dog	GSD									0				PRJNA648123	SAMN15625865	Illumina HiSeq 3000		European_Dogs		F		19.1875	18.8074	1.02021013						D		0	GermanShepherd16	Dogs	European_Dogs
GermanShepherd17		GermanShepherd17_13170	Canis	familiaris	German_Shepherd_Dog	GSD									0				PRJNA648123	SAMN15625866	Illumina HiSeq 3000		European_Dogs		M		20.738	20.7543	0.99921462						D		0	GermanShepherd17	Dogs	European_Dogs
GermanShepherd18		GermanShepherd18_14567	Canis	familiaris	German_Shepherd_Dog	GSD									0				PRJNA648123	SAMN15625867	Illumina HiSeq 3000		European_Dogs		U		19.0531	10.5701	1.80254681						D		0	GermanShepherd18	Dogs	European_Dogs
GermanShepherd19		GermanShepherd19_30892	Canis	familiaris	German_Shepherd_Dog	GSD									0				PRJNA685036	SAMN17192073	Illumina NovaSeq 6000		European_Dogs		U		24.4207	13.5306	1.80484975			6/19/19			D		0	GermanShepherd19	Dogs	European_Dogs
GermanShepherd20		GermanShepherd20_30910	Canis	familiaris	German_Shepherd_Dog	GSD									0				PRJNA685036	SAMN17192074	Illumina NovaSeq 6000		European_Dogs		U		27.2643	27.63	0.98676439			6/19/19			D		0	GermanShepherd20	Dogs	European_Dogs
GermanShepherd21		GermanShepherd21_30925	Canis	familiaris	German_Shepherd_Dog	GSD									0				PRJNA685036	SAMN17192075	Illumina NovaSeq 6000		European_Dogs		U		27.5437	27.2061	1.01240898			6/19/19			D		0	GermanShepherd21	Dogs	European_Dogs
GermanShepherd22		GermanShepherd22_30958	Canis	familiaris	German_Shepherd_Dog	GSD									0				PRJNA685036	SAMN17192076	Illumina NovaSeq 6000		European_Dogs		M		27.987	28.0372	0.99820952			6/19/19			D		0	GermanShepherd22	Dogs	European_Dogs
GermanShepherd23		GermanShepherd23_35050	Canis	familiaris	German_Shepherd_Dog	GSD									0				PRJNA685036	SAMN17192077	Illumina NovaSeq 6000		European_Dogs		F		25.9331	14.3507	1.80709652			6/19/19			D		0	GermanShepherd23	Dogs	European_Dogs
GermanShepherd24		GermanShepherd24_35053	Canis	familiaris	German_Shepherd_Dog	GSD									0				PRJNA685036	SAMN17192078	Illumina NovaSeq 6000		European_Dogs		F		28.5986	28.5223	1.0026751			6/19/19			D		0	GermanShepherd24	Dogs	European_Dogs
GermanShepherd25		GermanShepherd25_35054	Canis	familiaris	German_Shepherd_Dog	GSD									0				PRJNA685036	SAMN17192079	Illumina NovaSeq 6000		European_Dogs		M		27.1252	27.0802	1.00166173			6/19/19			D		0	GermanShepherd25	Dogs	European_Dogs
GermanShepherd26		GermanShepherd26_35063	Canis	familiaris	German_Shepherd_Dog	GSD									0				PRJNA685036	SAMN17192080	Illumina NovaSeq 6000		European_Dogs				33.0755	18.3013	1.80727599			6/19/19			D		0	GermanShepherd26	Dogs	European_Dogs
GermanShepherd27		GermanShepherd27	Canis	familiaris	German_Shepherd_Dog	GSD									0				PRJNA263947	SAMN10940819	NextSeq 500		European_Dogs		F		21.484	11.9927	1.79142312						D		0	GermanShepherd27	Dogs	European_Dogs
GermanShepherd28	SRR10077554	GermanShepherd28	Canis	familiaris	German_Shepherd_Dog	GSD									0				PRJNA263947	SAMN12700533	NextSeq 500		European_Dogs				32.2215	35.2449	0.91421738						D		0	GermanShepherd28	Dogs	European_Dogs
GermanShepherd29	SRR10752632	GermanShepherd29	Canis	familiaris	German_Shepherd_Dog	GSD									0				PRJNA263947	SAMN13655911	Illumina NovaSeq 6000		European_Dogs		F		46.7914	46.4962	1.00634891						D		0	GermanShepherd29	Dogs	European_Dogs
GermanShorthairedPointer01		GermanShorthairedPointer01_30644	Canis	familiaris	German_Shorthaired_Pointer	GSHP									0				PRJNA648123	SAMN15625868	Illumina HiSeq 3000		European_Dogs		F		18.2398	18.1092	1.0072118						D		0	GermanShorthairedPointer01	Dogs	European_Dogs
GermanShorthairedPointer02		GermanShorthairedPointer02_30645	Canis	familiaris	German_Shorthaired_Pointer	GSHP									0				PRJNA648123	SAMN15625869	Illumina HiSeq 3000		European_Dogs		F		22.8319	22.7415	1.00397511						D		0	GermanShorthairedPointer02	Dogs	European_Dogs
GermanWirehairedPointer01		GermanWirehairedPointer01	Canis	familiaris	German_Wirehaired_Pointer	GWHP									0				PRJEB13468	SAMEA3928144	Illumina HiSeq 2000		European_Dogs		F		23.0827	23.4241	0.98542527						D		0	GermanWirehairedPointer01	Dogs	European_Dogs
GermanWirehairedPointer02		GermanWirehairedPointer02_2484	Canis	familiaris	German_Wirehaired_Pointer	GWHP									0				PRJNA648123	SAMN15625873	Illumina HiSeq 3000		European_Dogs		M		19.277	19.1796	1.00507831						D		0	GermanWirehairedPointer02	Dogs	European_Dogs
GermanWirehairedPointer03		GermanWirehairedPointer03_2486	Canis	familiaris	German_Wirehaired_Pointer	GWHP									0				PRJNA648123	SAMN15625874	Illumina HiSeq 3000		European_Dogs		M		19.9829	11.1766	1.78792298						D		0	GermanWirehairedPointer03	Dogs	European_Dogs
GiantSchnauzer01		GiantSchnauzer01_20570	Canis	familiaris	Giant_Schnauzer	GSNZ									0				PRJNA685036	SAMN17192081	Illumina NovaSeq 6000		European_Dogs		M		26.5767	14.612	1.81882699						D		0	GiantSchnauzer01	Dogs	European_Dogs
GiantSchnauzer02		GiantSchnauzer02_21940	Canis	familiaris	Giant_Schnauzer	GSNZ									0				PRJNA685036	SAMN17192082	Illumina NovaSeq 6000		European_Dogs		F		27.2144	14.9478	1.82062912						D		0	GiantSchnauzer02	Dogs	European_Dogs
GiantSchnauzer03		GiantSchnauzer03_21939	Canis	familiaris	Giant_Schnauzer	GSNZ									0				PRJNA648123	SAMN15625871	Illumina HiSeq 3000		European_Dogs		M		22.7289	22.6111	1.00520983						D		0	GiantSchnauzer03	Dogs	European_Dogs
GiantSchnauzer04		GiantSchnauzer04_26265	Canis	familiaris	Giant_Schnauzer	GSNZ									0				PRJNA648123	SAMN15625872	Illumina HiSeq 3000		European_Dogs				20.6286	11.5189	1.79084808						D		0	GiantSchnauzer04	Dogs	European_Dogs
GiantSchnauzer05		GiantSchnauzer05	Canis	familiaris	Giant_Schnauzer	GSNZ									0				PRJNA263947	SAMN10940785	HiSeq X Ten		European_Dogs		F		36.7687	20.6005	1.78484503						D		0	GiantSchnauzer05	Dogs	European_Dogs
GlenofImaalTerrier01		GlenofImaalTerrier01_4258	Canis	familiaris	Glen_of_Imaal_Terrier	GLEN									0				PRJNA648123	SAMN15625858	Illumina HiSeq 3000		European_Dogs		M		21.262	21.1951	1.00315639						D		0	GlenofImaalTerrier01	Dogs	European_Dogs
GlenofImaalTerrier02		GlenofImaalTerrier02_4263	Canis	familiaris	Glen_of_Imaal_Terrier	GLEN									0				PRJNA648123	SAMN15625860	Illumina HiSeq 3000		European_Dogs		M		24.7091	13.781	1.79298309						D		0	GlenofImaalTerrier02	Dogs	European_Dogs
GlenofImaalTerrier03		GlenofImaalTerrier03_4265	Canis	familiaris	Glen_of_Imaal_Terrier	GLEN									0				PRJNA648123	SAMN15625861	Illumina HiSeq 3000		European_Dogs				21.3755	12.5194	1.70739013						D		0	GlenofImaalTerrier03	Dogs	European_Dogs
GlenofImaalTerrier04		GlenofImaalTerrier04_4266	Canis	familiaris	Glen_of_Imaal_Terrier	GLEN									0				PRJNA648123	SAMN15625862	Illumina HiSeq 3000		European_Dogs		M		21.7069	21.5513	1.00721998						D		0	GlenofImaalTerrier04	Dogs	European_Dogs
GlenofImaalTerrier05		GlenofImaalTerrier05_4268	Canis	familiaris	Glen_of_Imaal_Terrier	GLEN									0				PRJNA648123	SAMN15625863	Illumina HiSeq 3000		European_Dogs				21.7003	12.0803	1.79633784						D		0	GlenofImaalTerrier05	Dogs	European_Dogs
GlenofImallTerrier06		GlenofImallTerrier06_4261	Canis	familiaris	Glen_of_Imaal_Terrier	GLEN									0				PRJNA648123	SAMN15625859	Illumina HiSeq 3000		European_Dogs		F		17.419	17.6843	0.98499799						D		0	GlenofImallTerrier06	Dogs	European_Dogs
GoldenJackal01	GoldenJackal_Israel	GoldenJackal01	Canis	aureus	Golden_Jackal	GDJK									0				PRJNA274504	SAMN03366713	Illumina HiSeq 2000		Outgroup				5.50319	5.53574	0.99412003						W		0	GoldenJackal01	Outgroup	Wolves
GoldenJackal02	GoldenJackal_Syria	GoldenJackal02	Canis	aureus	Golden_Jackal										0				PRJNA494815	SAMN10180427	Illumina HiSeq 2500		Outgroup												W		0	GoldenJackal02	Outgroup	Wolves
GoldenJackal03	GoldenJackal_Calcutta	GoldenJackal03	Canis	aureus	Golden_Jackal										0				PRJNA494815	SAMN10180426	Illumina HiSeq 2500		Outgroup		M										W		0	GoldenJackal03	Outgroup	Wolves
GoldenRetriever01		GoldenRetriever01	Canis	familiaris	Golden_Retriever	GOLD									0				PRJNA288568	SAMN03801668	Illumina Genome Analyzer IIx		European_Dogs		M		43.2089	24.5923	1.75700931						D		0	GoldenRetriever01	Dogs	European_Dogs
GoldenRetriever02		GoldenRetriever02	Canis	familiaris	Golden_Retriever	GOLD									0				PRJNA247491	SAMN03067891	Illumina HiSeq 2000		European_Dogs		M		47.8175	26.7277	1.78906154						D		0	GoldenRetriever02	Dogs	European_Dogs
GoldenRetriever03		GoldenRetriever03	Canis	familiaris	Golden_Retriever	GOLD									0				PRJNA247491	SAMN03067895	Illumina HiSeq 2000		European_Dogs		M		45.025	25.0567	1.79692458						D		0	GoldenRetriever03	Dogs	European_Dogs
GoldenRetriever05		GoldenRetriever05	Canis	familiaris	Golden_Retriever	GOLD									0				PRJNA247491	SAMN03067878	Illumina HiSeq 2000		European_Dogs		M		48.1969	27.1956	1.77223154						D		0	GoldenRetriever05	Dogs	European_Dogs
GoldenRetriever06		GoldenRetriever06	Canis	familiaris	Golden_Retriever	GOLD									0				PRJNA247491	SAMN03275923	Illumina HiSeq 2000		European_Dogs		M		32.0678	17.6151	1.82047221						D		0	GoldenRetriever06	Dogs	European_Dogs
GoldenRetriever07		GoldenRetriever07	Canis	familiaris	Golden_Retriever	GOLD									0				PRJNA247491	SAMN03275922	Illumina HiSeq 2000		European_Dogs		F		39.3757	21.8688	1.80054233						D		0	GoldenRetriever07	Dogs	European_Dogs
GoldenRetriever08		GoldenRetriever08	Canis	familiaris	Golden_Retriever	GOLD									0				PRJNA247491	SAMN03275921	Illumina HiSeq 2000		European_Dogs		F		33.3284	32.7559	1.01747777						D		0	GoldenRetriever08	Dogs	European_Dogs
GoldenRetriever09		GoldenRetriever09	Canis	familiaris	Golden_Retriever	GOLD									0				PRJNA247491	SAMN03275924	Illumina HiSeq 2000		European_Dogs		F		31.7744	31.417	1.01137601						D		0	GoldenRetriever09	Dogs	European_Dogs
GoldenRetriever10		GoldenRetriever10	Canis	familiaris	Golden_Retriever	GOLD									0				PRJNA263947	SAMN03323669	Illumina HiSeq 2000		European_Dogs		M		20.6674	20.8092	0.99318571						D		0	GoldenRetriever10	Dogs	European_Dogs
GoldenRetriever11		GoldenRetriever11	Canis	familiaris	Golden_Retriever	GOLD									0				PRJNA247491	SAMN03067876	Illumina HiSeq 2000		European_Dogs		M		53.73	28.4859	1.88619633						D		0	GoldenRetriever11	Dogs	European_Dogs
GoldenRetriever12		GoldenRetriever12	Canis	familiaris	Golden_Retriever	GOLD									0				PRJNA263947	SAMN03580402	Illumina HiSeq 2000		European_Dogs		M		31.2583	17.5352	1.78260299						D		0	GoldenRetriever12	Dogs	European_Dogs
GoldenRetriever13		GoldenRetriever13	Canis	familiaris	Golden_Retriever	GOLD									0				PRJNA263947	SAMN04196854	Illumina HiSeq 2000		European_Dogs		M		30.4404	17.3335	1.75616004						D		0	GoldenRetriever13	Dogs	European_Dogs
GoldenRetriever14	140447_S11	GoldenRetriever14	Canis	familiaris	Golden_Retriever	GOLD									0				PRJNA448733	SAMN08873033	Illumina HiSeq 2500		European_Dogs		M		35.3723	19.5266	1.81149304						D		0	GoldenRetriever14	Dogs	European_Dogs
GoldenRetriever15	164612_S9	GoldenRetriever15	Canis	familiaris	Golden_Retriever	GOLD									0				PRJNA448733	SAMN08873034	Illumina HiSeq 2500		European_Dogs		F		29.0728	16.2959	1.78405611						D		0	GoldenRetriever15	Dogs	European_Dogs
GoldenRetriever16	172384_S14	GoldenRetriever16	Canis	familiaris	Golden_Retriever	GOLD									0				PRJNA448733	SAMN08873035	Illumina HiSeq 2500		European_Dogs		F		35.3314	35.0522	1.00796526						D		0	GoldenRetriever16	Dogs	European_Dogs
GoldenRetriever17	173006_S10	GoldenRetriever17	Canis	familiaris	Golden_Retriever	GOLD									0				PRJNA448733	SAMN08873036	Illumina HiSeq 2500		European_Dogs		F		36.1048	35.5554	1.01545194						D		0	GoldenRetriever17	Dogs	European_Dogs
GoldenRetriever18	175885_S12	GoldenRetriever18	Canis	familiaris	Golden_Retriever	GOLD									0				PRJNA448733	SAMN08873037	Illumina HiSeq 2500		European_Dogs		F		32.6031	32.5095	1.00287916						D		0	GoldenRetriever18	Dogs	European_Dogs
GoldenRetriever19	91072_S13	GoldenRetriever19	Canis	familiaris	Golden_Retriever	GOLD									0				PRJNA448733	SAMN08873038	Illumina HiSeq 2500		European_Dogs		M		32.872	32.2356	1.01974215						D		0	GoldenRetriever19	Dogs	European_Dogs
GoldenRetriever20	GR0892	GoldenRetriever20	Canis	familiaris	Golden_Retriever	GOLD									0				PRJEB16012	SAMEA104016307	Illumina HiSeq 2500		European_Dogs				22.5643	12.7102	1.77529071						D		0	GoldenRetriever20	Dogs	European_Dogs
GoldenRetriever21	ERR2759434	GoldenRetriever21	Canis	familiaris	Golden_Retriever	GOLD									0				PRJEB16012	SAMEA4867924	Illumina HiSeq 3000		European_Dogs		F										D		0	GoldenRetriever21	Dogs	European_Dogs
GoldenRetriever22	CRR037809	GoldenRetriever22_797	Canis	familiaris	Golden_Retriever	GOLD									0				PRJNA648123	SAMN15625864	Illumina HiSeq 3000		European_Dogs				19.3647	19.4774	0.99421381						D		0	GoldenRetriever22	Dogs	European_Dogs
GoldenRetriever23		GoldenRetriever23_25512	Canis	familiaris	Golden_Retriever	GOLD									0				PRJNA685036	SAMN17192083	Illumina NovaSeq 6000		European_Dogs		F		24.8149	24.9079				6/19/19			D		0	GoldenRetriever23	Dogs	European_Dogs
GoldenRetriever24	SRR10077542	GoldenRetriever24	Canis	familiaris	Golden_Retriever	GOLD									0				PRJNA263947	SAMN12700521	Illumina NovaSeq 6000		European_Dogs		M		35.757	35.7522	1.00013426						D		0	GoldenRetriever24	Dogs	European_Dogs
GoldenRetriever25	SRR10077548	GoldenRetriever25	Canis	familiaris	Golden_Retriever	GOLD									0				PRJNA263947	SAMN12700551	Illumina NovaSeq 6000		European_Dogs		F		52.7373	29.2019	1.80595441						D		0	GoldenRetriever25	Dogs	European_Dogs
GoldenRetriever26	SRR10077549	GoldenRetriever26	Canis	familiaris	Golden_Retriever	GOLD									0				PRJNA263947	SAMN12700550	Illumina NovaSeq 6000		European_Dogs		F		50.5248	50.5057	1.00037818						D		0	GoldenRetriever26	Dogs	European_Dogs
GoldenRetriever27	SRR10077559	GoldenRetriever27	Canis	familiaris	Golden_Retriever	GOLD									0				PRJNA263947	SAMN12700541	Illumina NovaSeq 6000		European_Dogs		F		45.3501	45.6669	0.99306281						D		0	GoldenRetriever27	Dogs	European_Dogs
GoldenRetriever28	SRR10077564	GoldenRetriever28	Canis	familiaris	Golden_Retriever	GOLD									0				PRJNA263947	SAMN12700536	Illumina NovaSeq 6000		European_Dogs				41.0247	22.7654	1.80206366						D		0	GoldenRetriever28	Dogs	European_Dogs
GoldenRetriever29	SRR10752631	GoldenRetriever29	Canis	familiaris	Golden_Retriever	GOLD									0				PRJNA263947	SAMN13655912	Illumina NovaSeq 6000		European_Dogs		F		27.5604	15.2018	1.81296952						D		0	GoldenRetriever29	Dogs	European_Dogs
GordonSetter01		GordonSetter01	Canis	familiaris	Gordon_Setter	GORD									0				PRJNA263947	SAMN04196859	Illumina HiSeq 2500		European_Dogs		F		32.8513	32.8464	1.00014918						D		0	GordonSetter01	Dogs	European_Dogs
GordonSetter02	CFA.109672	GordonSetter02	Canis	familiaris	Gordon_Setter	GORD									0				PRJNA263947	SAMN06159680	HiSeq X Ten		European_Dogs				36.1928	36.0093	1.00509591						D		0	GordonSetter02	Dogs	European_Dogs
GrandeBassetGriffonVendeen01	CRR078161	GrandeBassetGriffonVendeen01_5370	Canis	familiaris	Grande_Basset_Griffon_Vendeen	GBGV									0				PRJNA648123	SAMN15625855	Illumina HiSeq 3000		European_Dogs				20.2427	20.1844	1.00288837						D		0	GrandeBassetGriffonVendeen01	Dogs	European_Dogs
GrandeBassetGriffonVendeen02	CRR078162	GrandeBassetGriffonVendeen02_5372	Canis	familiaris	Grande_Basset_Griffon_Vendeen	GBGV									0				PRJNA648123	SAMN15625856	Illumina HiSeq 3000		European_Dogs				16.7706	16.6375	1.008						D		0	GrandeBassetGriffonVendeen02	Dogs	European_Dogs
GrandeBassetGriffonVendeen03	CRR078163	GrandeBassetGriffonVendeen03_5373	Canis	familiaris	Grande_Basset_Griffon_Vendeen	GBGV									0				PRJNA648123	SAMN15625857	Illumina HiSeq 3000		European_Dogs				19.547	18.8101	1.03917576						D		0	GrandeBassetGriffonVendeen03	Dogs	European_Dogs
GrayFox01		GrayFox01	Urocyon	cinereoargenteus	Gray_Fox										0					SAMN04495241			Outgroup		F										W		0	GrayFox01	Outgroup	Wolves
GreatDane01		GreatDane01_6610	Canis	familiaris	Great_Dane	DANE									0				PRJNA288568	SAMN03801669	Illumina HiSeq 2000		European_Dogs		F		61.0202	62.5836	0.97501902			3/23/14			D		0	GreatDane01	Dogs	European_Dogs
GreatDane02		GreatDane02	Canis	familiaris	Great_Dane	DANE									0				PRJNA318403	SAMN04851098	Illumina HiSeq 2500		European_Dogs		M		21.0356	21.1651	0.99388144						D		0	GreatDane02	Dogs	European_Dogs
GreatDane03	CFA.107837	GreatDane03	Canis	familiaris	Great_Dane	DANE									0				PRJNA263947	SAMN06159672	HiSeq X Ten		European_Dogs		F		33.8536	18.7404	1.80645024						D		0	GreatDane03	Dogs	European_Dogs
GreatDane04	CFA.117997	GreatDane04	Canis	familiaris	Great_Dane	DANE									0				PRJNA263947	SAMN06159683	HiSeq X Ten		European_Dogs		M		40.9899	40.1732	1.02032947						D		0	GreatDane04	Dogs	European_Dogs
GreatDane05	DD116	GreatDane05	Canis	familiaris	Great_Dane	DANE									0				PRJEB16012	SAMEA104091557	Illumina HiSeq 3000		European_Dogs				33.8165	18.8339	1.79551235						D		0	GreatDane05	Dogs	European_Dogs
GreatPlainsWolf01		GreatPlainsWolf01	Canis	lupus	Great_Plains_Wolf	WOLF									0								North_American_Wolves		M										W		0	GreatPlainsWolf01	North_American_Wolves	Wolves
GreatPyrenees01		GreatPyrenees01	Canis	familiaris	Great_Pyrenees	GPYR									0				PRJNA288568	SAMN03801670	Illumina Genome Analyzer IIx		European_Dogs		M		19.3051	11.0765	1.7428881						D		0	GreatPyrenees01	Dogs	European_Dogs
GreaterSwissMountainDog01	CRR055108	GreaterSwissMountainDog01_Reseq_25402	Canis	familiaris	Greater_Swiss_Mountain_Dog	GSMD									0				PRJNA648123	SAMN15625870	Illumina HiSeq 3000		European_Dogs		M		21.6412	11.9787	1.80664012						D		0	GreaterSwissMountainDog01	Dogs	European_Dogs
GreaterSwissMountainDog01_Reseq	CRR055108	GreaterSwissMountainDog01	Canis	familiaris	Greater_Swiss_Mountain_Dog	GSMD									0				PRJNA448733	SAMN08873062	Illumina HiSeq 2500		European_Dogs		M		21.6412	11.9787	1.80664012						D		0	GreaterSwissMountainDog01	Dogs	European_Dogs
GreaterSwissMountainDog02	CFA.107841	GreaterSwissMountainDog02	Canis	familiaris	Greater_Swiss_Mountain_Dog	GSMD									0				PRJNA263947	SAMN06159674	HiSeq X Ten		European_Dogs				34.8601	19.3472	1.80181628						D		0	GreaterSwissMountainDog02	Dogs	European_Dogs
GreaterSwissMountainDog03	ERR2357314	GreaterSwissMountainDog03	Canis	familiaris	Greater_Swiss_Mountain_Dog	GSMD									0				PRJEB16012	SAMEA104656182	Illumina HiSeq 3000		European_Dogs				28.1498	27.8851	1.00949253						D		0	GreaterSwissMountainDog03	Dogs	European_Dogs
GreaterSwissMountainDog04	ERR2359899	GreaterSwissMountainDog04	Canis	familiaris	Greater_Swiss_Mountain_Dog	GSMD									0				PRJEB16012	SAMEA104658568	Illumina HiSeq 3000		European_Dogs				13.8996	13.7862	1.00822562						D		0	GreaterSwissMountainDog04	Dogs	European_Dogs
GreaterSwissMountainDog05	ERR2359901	GreaterSwissMountainDog05	Canis	familiaris	Greater_Swiss_Mountain_Dog	GSMD									0				PRJEB16012	SAMEA104658570	Illumina HiSeq 3000		European_Dogs				22.0828	12.282	1.79798079						D		0	GreaterSwissMountainDog05	Dogs	European_Dogs
GreekTracer01	FAM005083	GreekTracer01	Canis	familiaris	Greek_Tracer										0								European_Dogs												D		0	GreekTracer01	Dogs	European_Dogs
GreekTracer02	FAM005084	GreekTracer02	Canis	familiaris	Greek_Tracer										0								European_Dogs												D		0	GreekTracer02	Dogs	European_Dogs
GreekTracer03	FAM005085	GreekTracer03	Canis	familiaris	Greek_Tracer										0								European_Dogs												D		0	GreekTracer03	Dogs	European_Dogs
GreekTracer04	FAM005086	GreekTracer04	Canis	familiaris	Greek_Tracer										0								European_Dogs												D		0	GreekTracer04	Dogs	European_Dogs
GreekTracer05	FAM005087	GreekTracer05	Canis	familiaris	Greek_Tracer										0								European_Dogs		F										D		0	GreekTracer05	Dogs	European_Dogs
GreenlandDog01		GreenlandDog01	Canis	familiaris	Greenland_Dog	GLND									0				PRJNA266585	SAMN03168381	Illumina HiSeq 2000		Arctic_Dogs		F		17.8834	18.145	0.98558281						D		0	GreenlandDog01	Dogs	Arctic_Dogs
Greyhound01		Greyhound01	Canis	familiaris	Greyhound	GREY									0				PRJNA288568	SAMN03801671	Illumina Genome Analyzer IIx		European_Dogs		M		18.0336	18.5108	0.97422046						D		0	Greyhound01	Dogs	European_Dogs
Greyhound02		Greyhound02	Canis	familiaris	Greyhound	GREY									0				PRJNA247491	SAMN03067872	Illumina HiSeq 2000		European_Dogs		M		58.8726	30.5095	1.92964814						D		0	Greyhound02	Dogs	European_Dogs
Greyhound03		Greyhound03	Canis	familiaris	Greyhound	GREY									0				PRJNA247491	SAMN03067873	Illumina HiSeq 2000		European_Dogs		M		70.6059	39.9455	1.7675558						D		0	Greyhound03	Dogs	European_Dogs
Greyhound04		Greyhound04	Canis	familiaris	Greyhound	GREY									0				PRJNA247491	SAMN03067882	Illumina HiSeq 2000		European_Dogs		F		41.1858	30.5469	1.34828084						D		0	Greyhound04	Dogs	European_Dogs
Greyhound05		Greyhound05	Canis	familiaris	Greyhound	GREY									0				PRJNA247491	SAMN03068229	Illumina HiSeq 2000		European_Dogs		M		51.0612	51.305	0.99524803						D		0	Greyhound05	Dogs	European_Dogs
Greyhound06		Greyhound06	Canis	familiaris	Greyhound	GREY									0				PRJNA247491	SAMN03067874	Illumina HiSeq 2000		European_Dogs		F		75.6856	42.6074	1.77634871						D		0	Greyhound06	Dogs	European_Dogs
Greyhound07		Greyhound07	Canis	familiaris	Greyhound	GREY									0				PRJNA247491	SAMN03067890	Illumina HiSeq 2000		European_Dogs		F		57.2493	57.5731	0.99437585						D		0	Greyhound07	Dogs	European_Dogs
Greyhound08		Greyhound08	Canis	familiaris	Greyhound	GREY									0				PRJNA247491	SAMN03068228	Illumina HiSeq 2000		European_Dogs		F		73.8574	74.2051	0.99531434						D		0	Greyhound08	Dogs	European_Dogs
Greyhound09	GY432	Greyhound09	Canis	familiaris	Greyhound	GREY									0				PRJEB16012	SAMEA104125118	Illumina HiSeq 3000		European_Dogs				37.6386	38.0872	0.98822177						D		0	Greyhound09	Dogs	European_Dogs
Greyhound10	ERR2759442	Greyhound10	Canis	familiaris	Greyhound	GREY									0				PRJEB16012	SAMEA4867932	Illumina NovaSeq 6000		European_Dogs		F		30.2664	6.52232	4.64043469						D		0	Greyhound10	Dogs	European_Dogs
Grossspitz01	GS104	Grossspitz01	Canis	familiaris	Grossspitz										0				PRJEB16012	SAMEA104105252	Illumina HiSeq 3000		European_Dogs		F		30.3111	31.1937	0.97170583						D		0	Grossspitz01	Dogs	European_Dogs
Havanese01		Havanese01	Canis	familiaris	Havanese	HAVA									0				PRJNA517114	SAMN10740986	Illumina HiSeq 2500		American_European_Dogs		M		8.2491	8.40946	0.980931						D		0	Havanese01	Dogs	European_Dogs
Havanese02		Havanese02	Canis	familiaris	Havanese	HAVA									0				PRJNA517114	SAMN10740987	Illumina HiSeq 2500		American_European_Dogs		M		9.38639	5.58602	1.68033591						D		0	Havanese02	Dogs	European_Dogs
Havanese03		Havanese03	Canis	familiaris	Havanese	HAVA									0				PRJNA517114	SAMN10740985	Illumina HiSeq 2500		American_European_Dogs		M		11.8453	6.87087	1.72398837						D		0	Havanese03	Dogs	European_Dogs
Havanese04		Havanese04	Canis	familiaris	Havanese	HAVA									0				PRJNA517114	SAMN10740984	Illumina HiSeq 2500		American_European_Dogs		M		8.02679	4.82631	1.66313188						D		0	Havanese04	Dogs	European_Dogs
Havanese05		Havanese05	Canis	familiaris	Havanese	HAVA									0				PRJNA517114	SAMN10740983	Illumina HiSeq 2500		American_European_Dogs		F		9.1233	5.44197	1.6764701						D		0	Havanese05	Dogs	European_Dogs
Havanese06		Havanese06	Canis	familiaris	Havanese	HAVA									0				PRJNA517114	SAMN10740982	Illumina HiSeq 2500		American_European_Dogs		F		11.4036	11.7265	0.97246408						D		0	Havanese06	Dogs	European_Dogs
Heideterrier01		Heideterrier01	Canis	familiaris	Heideterrier										0				PRJEB16012	SAMEA103135918	Illumina HiSeq 3000		European_Dogs				24.7455	25.2207	0.98115833						D		0	Heideterrier01	Dogs	European_Dogs
HighlandWildDog01		HighlandWildDog01_34326	Canis	familiaris	Highland_Wild_Dog	NGSD									0				PRJNA726547	SAMN29012002	Illumina NovaSeq 6000		East_Asian_Dogs												D		0	HighlandWildDog01	Dogs	East_Asian_Dogs
HighlandWildDog02		HighlandWildDog02_34327	Canis	familiaris	Highland_Wild_Dog	NGSD									0				PRJNA726547	SAMN29012003	Illumina NovaSeq 6000		East_Asian_Dogs												D		0	HighlandWildDog02	Dogs	East_Asian_Dogs
HighlandWildDog03		HighlandWildDog03_35837	Canis	familiaris	Highland_Wild_Dog	NGSD									0				Unreleased				East_Asian_Dogs		F								Contact Heidi Parker (Ostrander) before using		D		0	HighlandWildDog03	Dogs	East_Asian_Dogs
Hovawart01	HW1706	Hovawart01	Canis	familiaris	Hovawart	HOVA									0				PRJEB16012	SAMEA4506894	Illumina HiSeq 2500		European_Dogs				14.5767	14.7294	0.98963298						D		0	Hovawart01	Dogs	European_Dogs
Hovawart02	ERR2750974	Hovawart02	Canis	familiaris	Hovawart	HOVA									0				PRJEB16012	SAMEA4848705	Illumina NovaSeq 6000		European_Dogs				30.0288	29.6534	1.01265959						D		0	Hovawart02	Dogs	European_Dogs
Hovawart03	ERR2759438	Hovawart03	Canis	familiaris	Hovawart	HOVA									0				PRJEB16012	SAMEA4867928	Illumina NovaSeq 6000		European_Dogs		F		24.3062	24.1423							D		0	Hovawart03	Dogs	European_Dogs
IbizanHound01	CRR037818	IbizanHound01_1171	Canis	familiaris	Ibizan_Hound	IBIZ									0				PRJNA648123	SAMN15625876	Illumina HiSeq 3000		European_Dogs		F		20.6015	20.5474	1.00263294						D		0	IbizanHound01	Dogs	European_Dogs
IbizanHound02	CRR055063	IbizanHound02_1172	Canis	familiaris	Ibizan_Hound	IBIZ									0				PRJNA648123	SAMN15625877	Illumina HiSeq 3000		European_Dogs		M		18.5826	18.5576	1.00134716						D		0	IbizanHound02	Dogs	European_Dogs
IbizanHound03	CRR037819	IbizanHound03_1228	Canis	familiaris	Ibizan_Hound	IBIZ									0				PRJNA648123	SAMN15625878	Illumina HiSeq 3000		European_Dogs		F		18.5035	9.91874	1.86550913						D		0	IbizanHound03	Dogs	European_Dogs
IbizanHound04	CRR037820	IbizanHound04_1230	Canis	familiaris	Ibizan_Hound	IBIZ									0				PRJNA648123	SAMN15625879	Illumina HiSeq 3000		European_Dogs				20.6552	19.8446	1.04084738						D		0	IbizanHound04	Dogs	European_Dogs
IbizanHound05	CRR078164	IbizanHound05_1164	Canis	familiaris	Ibizan_Hound	IBIZ									0				PRJNA648123	SAMN15625875	Illumina HiSeq 3000		European_Dogs				18.0957	18.0136	1.00455767						D		0	IbizanHound05	Dogs	European_Dogs
IbizanHound06	CRR078165	IbizanHound06_1316	Canis	familiaris	Ibizan_Hound	IBIZ									0				PRJNA648123	SAMN15625880	Illumina HiSeq 3000		European_Dogs				18.1672	18.2591	0.99496689						D		0	IbizanHound06	Dogs	European_Dogs
IbizanHound07	CRR078166	IbizanHound07_21535	Canis	familiaris	Ibizan_Hound	IBIZ									0				PRJNA648123	SAMN15625881	Illumina HiSeq 3000		European_Dogs		F		20.1715	11.2636	1.79085728						D		0	IbizanHound07	Dogs	European_Dogs
IcelandicSheepdog01	CRR037921	IcelandicSheepdog01_30708	Canis	familiaris	Icelandic_Sheepdog	ICSH									0				PRJNA648123	SAMN15625883	Illumina HiSeq 3000		European_Dogs		F		19.2778	19.2159							D		0	IcelandicSheepdog01	Dogs	European_Dogs
IcelandicSheepdog02	CRR037922	IcelandicSheepdog02_30709	Canis	familiaris	Icelandic_Sheepdog	ICSH									0				PRJNA648123	SAMN15625884	Illumina HiSeq 3000		European_Dogs		F		19.795	19.7477							D		0	IcelandicSheepdog02	Dogs	European_Dogs
IndigenousDogNigeria01		IndigenousDogNigeria01	Canis	familiaris	Nigerian_Indigenous_Dog	VILL									0				PRJNA266585	SAMN03168373	Illumina HiSeq 2000		African_NearEast_India_Dogs		F		17.1821	16.7449	1.02610944						D		0	IndigenousDogNigeria01	Dogs	African_NearEast_India_Dogs
IndigenousDogNigeria02		IndigenousDogNigeria02	Canis	familiaris	Nigerian_Indigenous_Dog	VILL									0				PRJNA266585	SAMN03168374	Illumina HiSeq 2000		African_NearEast_India_Dogs		M		17.3356	17.1185	1.01268219						D		0	IndigenousDogNigeria02	Dogs	African_NearEast_India_Dogs
IndigenousDogNigeria03		IndigenousDogNigeria03	Canis	familiaris	Nigerian_Indigenous_Dog	VILL									0				PRJNA266585	SAMN03168375	Illumina HiSeq 2000		African_NearEast_India_Dogs		M		15.6909	9.04687	1.73440096						D		0	IndigenousDogNigeria03	Dogs	African_NearEast_India_Dogs
IndigenousDogNigeria04		IndigenousDogNigeria04	Canis	familiaris	Nigerian_Indigenous_Dog	VILL									0				PRJNA266585	SAMN03168376	Illumina HiSeq 2000		African_NearEast_India_Dogs		M		17.8265	10.2027	1.74723358						D		0	IndigenousDogNigeria04	Dogs	African_NearEast_India_Dogs
IndigenousDogVietnam01		IndigenousDogVietnam01	Canis	familiaris	Vietnamese_Indigenous_Dog	VILL									0				PRJNA266585	SAMN03168368	Illumina HiSeq 2000		East_Asian_Dogs		M		18.4917	9.79314	1.88822992						D		0	IndigenousDogVietnam01	Dogs	East_Asian_Dogs
IndigenousDogVietnam02		IndigenousDogVietnam02	Canis	familiaris	Vietnamese_Indigenous_Dog	VILL									0				PRJNA266585	SAMN03168369	Illumina HiSeq 2000		East_Asian_Dogs		M		19.3471	10.2427	1.88886719						D		0	IndigenousDogVietnam02	Dogs	East_Asian_Dogs
IndigenousDogVietnam03		IndigenousDogVietnam03	Canis	familiaris	Vietnamese_Indigenous_Dog	VILL									0				PRJNA266585	SAMN03168370	Illumina HiSeq 2000		East_Asian_Dogs		M		16.7007	8.60407	1.94102326						D		0	IndigenousDogVietnam03	Dogs	East_Asian_Dogs
IndigenousDogVietnam04		IndigenousDogVietnam04	Canis	familiaris	Vietnamese_Indigenous_Dog	VILL									0				PRJNA266585	SAMN03168371	Illumina HiSeq 2000		East_Asian_Dogs		F		19.9807	11.0968	1.80058215						D		0	IndigenousDogVietnam04	Dogs	East_Asian_Dogs
IndigenousDogVietnam05		IndigenousDogVietnam05	Canis	familiaris	Vietnamese_Indigenous_Dog	VILL									0				PRJNA266585	SAMN03168372	Illumina HiSeq 2000		East_Asian_Dogs		M		19.485	19.429	1.00288229						D		0	IndigenousDogVietnam05	Dogs	East_Asian_Dogs
IrishRedandWhiteSetter01	CRR055073	IrishRedandWhiteSetter01_5386	Canis	familiaris	Irish_Red_and_White_Setter	RWSE									0				PRJNA648123	SAMN15625965	Illumina HiSeq 3000		European_Dogs		F		20.7727	20.6938	1.00381274						D		0	IrishRedandWhiteSetter01	Dogs	European_Dogs
IrishSetter01		IrishSetter01_29781	Canis	familiaris	Irish_Setter	IRSE									0				PRJNA448733	SAMN08873112	Illumina HiSeq 2500		European_Dogs		M		47.365	48.2642	0.98136921			7/21/15			D		0	IrishSetter01	Dogs	European_Dogs
IrishTerrier01		IrishTerrier01	Canis	familiaris	Irish_Terrier	IRTR									0				PRJEB13468	SAMEA3928141	Illumina HiSeq 2000		European_Dogs		M		20.5625	11.4556	1.79497364						D		0	IrishTerrier01	Dogs	European_Dogs
IrishTerrier02	CFA.117998	IrishTerrier02	Canis	familiaris	Irish_Terrier	IRTR									0				PRJNA263947	SAMN06159684	HiSeq X Ten		European_Dogs		F		42.6335	23.6333	1.80395882						D		0	IrishTerrier02	Dogs	European_Dogs
IrishTerrier03	CRR055147	IrishTerrier03_31717	Canis	familiaris	Irish_Terrier	IRTR									0				PRJNA648123	SAMN15625885	Illumina HiSeq 3000		European_Dogs		M		11.8352	11.8868	0.99565905						D		0	IrishTerrier03	Dogs	European_Dogs
IrishTerrier04	SRR10077568	IrishTerrier04	Canis	familiaris	Irish_Terrier	IRTR									0				PRJNA263947	SAMN12700529	Illumina NovaSeq 6000		European_Dogs		F		31.1466	17.2695	1.80356119						D		0	IrishTerrier04	Dogs	European_Dogs
IrishWaterSpaniel01		IrishWaterSpaniel01_28373	Canis	familiaris	Irish_Water_Spaniel	IWSP									0				PRJNA448733	SAMN08873115	Illumina HiSeq 2500		European_Dogs		M		55.7604	56.9665	0.97882791			10/29/14			D		0	IrishWaterSpaniel01	Dogs	European_Dogs
IrishWaterSpaniel02		IrishWaterSpaniel02_30479	Canis	familiaris	Irish_Water_Spaniel	IWSP									0				PRJNA448733	SAMN08873116	Illumina HiSeq 2500		European_Dogs		F		54.5145	30.679	1.7769321			09/10/2015			D		0	IrishWaterSpaniel02	Dogs	European_Dogs
IrishWaterSpaniel03		IrishWaterSpaniel03_30480	Canis	familiaris	Irish_Water_Spaniel	IWSP									0				PRJNA448733	SAMN08873117	Illumina HiSeq 2500		European_Dogs		M		54.007	55.314	0.97637126			09/10/2015			D		0	IrishWaterSpaniel03	Dogs	European_Dogs
IrishWaterSpaniel04	CRR037923	IrishWaterSpaniel04_30856	Canis	familiaris	Irish_Water_Spaniel	IWSP									0				PRJNA648123	SAMN15625887	Illumina HiSeq 3000		European_Dogs		F		21.7595	12.0673							D		0	IrishWaterSpaniel04	Dogs	European_Dogs
IrishWaterSpaniel05	CRR037924	IrishWaterSpaniel05_30861	Canis	familiaris	Irish_Water_Spaniel	IWSP									0				PRJNA648123	SAMN15625888	Illumina HiSeq 3000		European_Dogs		M		21.5897	21.4593							D		0	IrishWaterSpaniel05	Dogs	European_Dogs
IrishWaterSpaniel06	CRR037925	IrishWaterSpaniel06_30864	Canis	familiaris	Irish_Water_Spaniel	IWSP									0				PRJNA648123	SAMN15625889	Illumina HiSeq 3000		European_Dogs		F		21.6017	12.0509							D		0	IrishWaterSpaniel06	Dogs	European_Dogs
IrishWaterSpaniel07	SRR10077553	IrishWaterSpaniel07	Canis	familiaris	Irish_Water_Spaniel	IWSP									0				PRJNA263947	SAMN12700546	Illumina NovaSeq 6000		European_Dogs		F		46.4271	46.5088	0.99824334						D		0	IrishWaterSpaniel07	Dogs	European_Dogs
IrishWolfhound01		IrishWolfhound01_21534	Canis	familiaris	Irish_Wolfhound	IWOF									0				PRJNA288568	SAMN03801672	Illumina HiSeq 2000		European_Dogs		F		41.0306	41.3515	0.9922397			11/27/13			D		0	IrishWolfhound01	Dogs	European_Dogs
IstrianShorthairedHound01		IstrianShorthairedHound01	Canis	familiaris	Istrian_Shorthaired_Hound										0				PRJNA232497	SAMN02485584	Illumina HiSeq 2000		European_Dogs		M		7.01329	7.24723	0.96772008						D		0	IstrianShorthairedHound01	Dogs	European_Dogs
ItalianGreyhound01		ItalianGreyhound01	Canis	familiaris	Italian_Greyhound	ITGY									0				PRJNA288568	SAMN03801673	Illumina Genome Analyzer IIx		European_Dogs		F		23.6235	13.4397	1.75774013						D		0	ItalianGreyhound01	Dogs	European_Dogs
ItalianGreyhound02		ItalianGreyhound02	Canis	familiaris	Italian_Greyhound	ITGY									0				PRJNA288568	SAMN03801674	Illumina Genome Analyzer IIx		European_Dogs		M		31.3274	31.4397	0.99642808						D		0	ItalianGreyhound02	Dogs	European_Dogs
JackRussellTerrier02		JackRussellTerrier02	Canis	familiaris	Jack_Russell_Terrier	JACK									0				PRJNA263947	SAMN03580384	Illumina HiSeq 2000		European_Dogs		F		29.9588	17.0765	1.75438761						D		0	JackRussellTerrier02	Dogs	European_Dogs
JackRussellTerrier03		JackRussellTerrier03	Canis	familiaris	Jack_Russell_Terrier	JACK									0				PRJNA263947	SAMN03580400	Illumina HiSeq 2000		European_Dogs		F		38.4149	38.9065	0.98736458						D		0	JackRussellTerrier03	Dogs	European_Dogs
JackRussellTerrier04		JackRussellTerrier04	Canis	familiaris	Jack_Russell_Terrier	JACK									0				PRJNA263947	SAMN03580404	Illumina HiSeq 2000		European_Dogs		M		26.8381	26.7898	1.00180293						D		0	JackRussellTerrier04	Dogs	European_Dogs
JackRussellTerrier05		JackRussellTerrier05	Canis	familiaris	Jack_Russell_Terrier	JACK									0				PRJNA263947	SAMN04196852	Illumina HiSeq 2000		European_Dogs				26.9295	15.0373	1.79084676						D		0	JackRussellTerrier05	Dogs	European_Dogs
JackRussellTerrier06	ERR2759435	JackRussellTerrier06	Canis	familiaris	Jack_Russell_Terrier	JACK									0				PRJEB16012	SAMEA4867925	Illumina HiSeq 3000		European_Dogs		F		22.7575	12.8169							D		0	JackRussellTerrier06	Dogs	European_Dogs
JackRussellTerrier07	SRR10077556	JackRussellTerrier07	Canis	familiaris	Jack_Russell_Terrier	JACK									0				PRJNA263947	SAMN12700544	Illumina NovaSeq 6000		European_Dogs		F		44.2113	44.2539	0.99903737						D		0	JackRussellTerrier07	Dogs	European_Dogs
JackRussellTerrier08	SRR10077557	JackRussellTerrier08	Canis	familiaris	Jack_Russell_Terrier	JACK									0				PRJNA263947	SAMN12700543	Illumina NovaSeq 6000		European_Dogs				48.1346	48.0018	1.00276656						D		0	JackRussellTerrier08	Dogs	European_Dogs
JackRussellTerrier09	SRR10752620	JackRussellTerrier09	Canis	familiaris	Jack_Russell_Terrier	JACK									0				PRJNA263947	SAMN13655922	Illumina NovaSeq 6000		European_Dogs		M		43.5198	23.9879	1.81423968						D		0	JackRussellTerrier09	Dogs	European_Dogs
Jamthund01		Jamthund01	Canis	familiaris	Jamthund	JAMT									0				PRJNA266585	SAMN03168383	Illumina HiSeq 2000		European_Dogs		M		38.5871	21.712	1.77722458						D		0	Jamthund01	Dogs	European_Dogs
JapaneseChin01	CRR055087	JapaneseChin01_12777	Canis	familiaris	Japanese_Chin	CHIN									0				PRJNA648123	SAMN15625782	Illumina HiSeq 3000		East_Asian_Dogs		F		18.7633	10.6115	1.76820431						D		0	JapaneseChin01	Dogs	East_Asian_Dogs
JapaneseChin03	CRR055107	JapaneseChin03_24956	Canis	familiaris	Japanese_Chin	CHIN									0				PRJNA648123	SAMN15625785	Illumina HiSeq 3000		East_Asian_Dogs				17.2122	17.6459	0.97542205						D		0	JapaneseChin03	Dogs	East_Asian_Dogs
JapaneseChin04	CRR078167	JapaneseChin04_24329	Canis	familiaris	Japanese_Chin	CHIN									0				PRJNA648123	SAMN15625784	Illumina HiSeq 3000		East_Asian_Dogs		M		18.5901	18.6007	0.99943013						D		0	JapaneseChin04	Dogs	East_Asian_Dogs
Jindo01		Jindo01	Canis	familiaris	Jindo										0				PRJDB2266	SAMD00009664	Illumina HiSeq 2000		East_Asian_Dogs		F		44.3672	24.7397	1.79336047						D		0	Jindo01	Dogs	East_Asian_Dogs
Keeshond01		Keeshond01_29779	Canis	familiaris	Keeshond	KEES									0				PRJNA448733	SAMN08873128	Illumina HiSeq 2500		European_Dogs				44.2308	44.613	0.99143299			2/26/17			D		0	Keeshond01	Dogs	European_Dogs
Keeshond02	CRR078168	Keeshond02_34863	Canis	familiaris	Keeshond	KEES									0				PRJNA648123	SAMN15626057	Illumina HiSeq 3000		European_Dogs				17.2311	17.327	0.99446529						D		0	Keeshond02	Dogs	European_Dogs
Keeshond03	CRR078169	Keeshond03_35078	Canis	familiaris	Keeshond	KEES									0				PRJNA648123	SAMN15626058	Illumina HiSeq 3000		European_Dogs				19.5215	19.6342	0.99426002						D		0	Keeshond03	Dogs	European_Dogs
KellyBlueTerrier03	SRR10752647	KellyBlueTerrier03	Canis	familiaris	Kerry_Blue_Terrier	KERY									0				PRJNA263947	SAMN13655889	Illumina NovaSeq 6000		European_Dogs		F		38.1243	21.105	1.8064108						D		0	KellyBlueTerrier03	Dogs	European_Dogs
KerryBlueTerrier02		KerryBlueTerrier02	Canis	familiaris	Kerry_Blue_Terrier	KERY									0				PRJNA263947	SAMN03580387	Illumina HiSeq 2000		European_Dogs				26.7752	27.0479	0.98991789						D		0	KerryBlueTerrier02	Dogs	European_Dogs
KintamaniDog01		KintamaniDog01	Canis	familiaris	Kintamani_Dog										0								East_Asian_Dogs												D		0	KintamaniDog01	Dogs	East_Asian_Dogs
Komondor01		Komondor01_29392	Canis	familiaris	Komondor	KOMO									0				PRJNA448733	SAMN08873130	Illumina HiSeq 2500		European_Dogs		M		49.7024	27.7642	1.79016143			7/21/15			D		0	Komondor01	Dogs	European_Dogs
Kromfohrlander01		Kromfohrlander01	Canis	familiaris	Kromfohrl�nder										0				PRJEB6076	SAMEA2446055	Illumina HiSeq 2500		European_Dogs		M		24.1686	13.4416	1.79804488						D		0	Kromfohrlander01	Dogs	European_Dogs
KunmingDog01		KunmingDog01	Canis	familiaris	UNKNOWN_Marked_as_Kunming_Dog_but_clusters_outside_Kunming_Dog_and_German_Shepherd_Dog_clade										0				PRJNA232497	SAMN02485579	Illumina HiSeq 2000		East_Asian_Dogs				7.71285	4.46378	1.72787413						D		0	KunmingDog01	Dogs	East_Asian_Dogs
KunmingDog02		KunmingDog02	Canis	familiaris	Kumming_Dog										0				PRJCA000978	SAMC046748	Illumina HiSeq 4000		East_Asian_Dogs				23.9393	23.34	1.02567695						D		0	KunmingDog02	Dogs	East_Asian_Dogs
KunmingDog03		KunmingDog03	Canis	familiaris	Kumming_Dog										0				PRJCA000978	SAMC046749	Illumina HiSeq 4000		East_Asian_Dogs				27.0556	16.434	1.64631861						D		0	KunmingDog03	Dogs	East_Asian_Dogs
KunmingDog04		KunmingDog04	Canis	familiaris	Kumming_Dog										0				PRJCA000978	SAMC046750	Illumina HiSeq 4000		East_Asian_Dogs				24.6748	13.7713	1.79175532						D		0	KunmingDog04	Dogs	East_Asian_Dogs
KunmingDog05		KunmingDog05	Canis	familiaris	Kumming_Dog										0				PRJCA000978	SAMC046754	Illumina HiSeq 4000		East_Asian_Dogs				20.4633	12.0775	1.69433244						D		0	KunmingDog05	Dogs	East_Asian_Dogs
KunmingDog06		KunmingDog06	Canis	familiaris	Kumming_Dog										0				PRJCA000978	SAMC046755	Illumina HiSeq 4000		East_Asian_Dogs				24.4181	24.3711	1.00192851						D		0	KunmingDog06	Dogs	East_Asian_Dogs
KunmingDog07		KunmingDog07	Canis	familiaris	Kumming_Dog										0				PRJCA000978	SAMC046757	Illumina HiSeq 4000		East_Asian_Dogs				21.6731	13.0038	1.66667436						D		0	KunmingDog07	Dogs	East_Asian_Dogs
KunmingDog08		KunmingDog08	Canis	familiaris	Kumming_Dog										0				PRJCA000978	SAMC046761	Illumina HiSeq 4000		East_Asian_Dogs				21.4481	14.1003	1.52110948						D		0	KunmingDog08	Dogs	East_Asian_Dogs
KunmingDog09		KunmingDog09	Canis	familiaris	Kumming_Dog										0				PRJCA000978	SAMC046762	Illumina HiSeq 4000		East_Asian_Dogs				22.5428	22.8426	0.9868754						D		0	KunmingDog09	Dogs	East_Asian_Dogs
KunmingDog10		KunmingDog10	Canis	familiaris	Kumming_Dog										0				PRJCA000978	SAMC046765	Illumina HiSeq 4000		East_Asian_Dogs				27.3384	28.1164	0.97232932						D		0	KunmingDog10	Dogs	East_Asian_Dogs
KunmingDog11		KunmingDog11	Canis	familiaris	Kumming_Dog										0				PRJCA000978	SAMC046766	Illumina HiSeq 4000		East_Asian_Dogs				23.0383	23.6877	0.97258493						D		0	KunmingDog11	Dogs	East_Asian_Dogs
KunmingDog12		KunmingDog12	Canis	familiaris	Kumming_Dog										0				PRJCA000978	SAMC046767	Illumina HiSeq 4000		East_Asian_Dogs				23.5034	23.1385	1.01577025						D		0	KunmingDog12	Dogs	East_Asian_Dogs
KunmingDog13		KunmingDog13	Canis	familiaris	Kumming_Dog										0				PRJCA000978	SAMC046768	Illumina HiSeq 4000		East_Asian_Dogs				26.282	26.4759	0.99267636						D		0	KunmingDog13	Dogs	East_Asian_Dogs
KunmingDog14		KunmingDog14	Canis	familiaris	Kumming_Dog										0				PRJCA000978	SAMC046770	Illumina HiSeq 4000		East_Asian_Dogs				21.3525	22.5469	0.94702598						D		0	KunmingDog14	Dogs	East_Asian_Dogs
KunmingDog15		KunmingDog15	Canis	familiaris	Kumming_Dog										0				PRJCA000978	SAMC046773	Illumina HiSeq 4000		East_Asian_Dogs				24.2393	13.8864	1.7455424						D		0	KunmingDog15	Dogs	East_Asian_Dogs
KunmingDog16		KunmingDog16	Canis	familiaris	Kumming_Dog										0				PRJCA000978	SAMC046774	Illumina HiSeq 4000		East_Asian_Dogs				24.497	13.0138	1.88238639						D		0	KunmingDog16	Dogs	East_Asian_Dogs
KunmingDog17		KunmingDog17	Canis	familiaris	Kumming_Dog										0				PRJCA000978	SAMC046776	Illumina HiSeq 4000		East_Asian_Dogs				20.2727	11.4455	1.7712376						D		0	KunmingDog17	Dogs	East_Asian_Dogs
KunmingDog18		KunmingDog18	Canis	familiaris	Kumming_Dog										0				PRJCA000978	SAMC046779	Illumina HiSeq 4000		East_Asian_Dogs				26.8027	15.199	1.76345154						D		0	KunmingDog18	Dogs	East_Asian_Dogs
KunmingDog19		KunmingDog19	Canis	familiaris	Kumming_Dog										0				PRJCA000978	SAMC046784	Illumina HiSeq 4000		East_Asian_Dogs				22.4039	12.6467	1.77152143						D		0	KunmingDog19	Dogs	East_Asian_Dogs
KunmingDog20		KunmingDog20	Canis	familiaris	Kumming_Dog										0				PRJCA000978	SAMC046785	Illumina HiSeq 4000		East_Asian_Dogs				24.8568	14.1104	1.76159429						D		0	KunmingDog20	Dogs	East_Asian_Dogs
KunmingDog21		KunmingDog21	Canis	familiaris	Kumming_Dog										0				PRJCA000978	SAMC046786	Illumina HiSeq 4000		East_Asian_Dogs				23.3888	15.2868	1.52999974						D		0	KunmingDog21	Dogs	East_Asian_Dogs
Kuvasz01	CRR078172	Kuvasz01_7774	Canis	familiaris	Kuvasz	KUVZ									0				PRJNA726547	SAMN29012004	Illumina NovaSeq 6000		European_Dogs				17.4225	9.53155	1.82787689						D		0	Kuvasz01	Dogs	European_Dogs
Kuvasz01_Reseq	CRR078172	Kuvasz01_Reseq_7774	Canis	familiaris	Kuvasz	KUVZ									0				PRJNA648123	SAMN15626061	Illumina HiSeq 3000		European_Dogs				17.4225	9.53155	1.82787689						D		0	Kuvasz01	Dogs	European_Dogs
Kuvasz02	CRR078170	Kuvasz02_6230	Canis	familiaris	Kuvasz	KUVZ									0				PRJNA648123	SAMN15626059	Illumina HiSeq 3000		European_Dogs				16.9517	16.8744	1.0045809						D		0	Kuvasz02	Dogs	European_Dogs
Kuvasz03	CRR078171	Kuvasz03_7525	Canis	familiaris	Kuvasz	KUVZ									0				PRJNA648123	SAMN15626060	Illumina HiSeq 3000		European_Dogs				17.9133	10.0586	1.78089396						D		0	Kuvasz03	Dogs	European_Dogs
Kuvasz04	SRR10752634	Kuvasz04	Canis	familiaris	Kuvasz	KUVZ									0				PRJNA263947	SAMN13655909	Illumina NovaSeq 6000		European_Dogs		M		40.4149	41.0609	0.98426727						D		0	Kuvasz04	Dogs	European_Dogs
LabradorRetriever01		LabradorRetriever01	Canis	familiaris	Labrador_Retriever	LAB-									0				PRJEB5874	SAMEA2417015	Illumina HiSeq 2000		American_European_Dogs		M		41.3823	23.1801	1.78525114						D		0	LabradorRetriever01	Dogs	European_Dogs
LabradorRetriever02		LabradorRetriever02	Canis	familiaris	Labrador_Retriever	LAB-									0				PRJEB5875	SAMEA2417016	Illumina HiSeq 2000		American_European_Dogs		M		29.1623	16.0529	1.81663749						D		0	LabradorRetriever02	Dogs	European_Dogs
LabradorRetriever03		LabradorRetriever03	Canis	familiaris	Labrador_Retriever	LAB-									0				PRJNA232497	SAMN02485565	Illumina HiSeq 2000		American_European_Dogs		F		9.72002	5.64712	1.7212349						D		0	LabradorRetriever03	Dogs	European_Dogs
LabradorRetriever04		LabradorRetriever04	Canis	familiaris	Labrador_Retriever	LAB-									0				PRJNA288568	SAMN03801675	Illumina Genome Analyzer IIx		American_European_Dogs		M		38.3252	39.2356	0.97679658						D		0	LabradorRetriever04	Dogs	European_Dogs
LabradorRetriever05		LabradorRetriever05	Canis	familiaris	Labrador_Retriever	LAB-									0				PRJNA263947	SAMN04196848	Illumina HiSeq 2000		American_European_Dogs		M		11.9766	6.92609	1.72920075						D		0	LabradorRetriever05	Dogs	European_Dogs
LabradorRetriever06		LabradorRetriever06	Canis	familiaris	Labrador_Retriever	LAB-									0				PRJNA448733	SAMN08873155	Illumina HiSeq 2500		American_European_Dogs		F		41.1321	22.7798	1.80563921						D		0	LabradorRetriever06	Dogs	European_Dogs
LabradorRetriever07		LabradorRetriever07	Canis	familiaris	Labrador_Retriever	LAB-									0				PRJNA263947	SAMN03580399	Illumina HiSeq 2000		American_European_Dogs		M		37.356	37.619	0.99300885						D		0	LabradorRetriever07	Dogs	European_Dogs
LabradorRetriever08		LabradorRetriever08	Canis	familiaris	Labrador_Retriever	LAB-									0				PRJEB16012	SAMEA4504834	Illumina HiSeq 2500		American_European_Dogs		F		15.7211	8.72928	1.80096182						D		0	LabradorRetriever08	Dogs	European_Dogs
LabradorRetriever10		LabradorRetriever10	Canis	familiaris	Labrador_Retriever	LAB-									0				PRJNA263947	SAMN04196862	Illumina HiSeq 2000		American_European_Dogs		M		23.8674	24.1297	0.98912958						D		0	LabradorRetriever10	Dogs	European_Dogs
LabradorRetriever12		LabradorRetriever12	Canis	familiaris	Labrador_Retriever	LAB-									0				PRJNA263947	SAMN04196865	Illumina HiSeq 2500		American_European_Dogs		F		27.8823	15.5716	1.79058671						D		0	LabradorRetriever12	Dogs	European_Dogs
LabradorRetriever13		LabradorRetriever13	Canis	familiaris	Labrador_Retriever	LAB-									0				PRJNA448733	SAMN08873139	Illumina HiSeq 2500		American_European_Dogs		F		16.8524	19.8085	0.85076609						D		0	LabradorRetriever13	Dogs	European_Dogs
LabradorRetriever14	149323_S6	LabradorRetriever14	Canis	familiaris	Labrador_Retriever	LAB-									0				PRJNA448733	SAMN08873141	Illumina HiSeq 2500		American_European_Dogs		F		33.1413	32.9287	1.00645637						D		0	LabradorRetriever14	Dogs	European_Dogs
LabradorRetriever15	152721_S5	LabradorRetriever15	Canis	familiaris	Labrador_Retriever	LAB-									0				PRJNA448733	SAMN08873142	Illumina HiSeq 2500		American_European_Dogs		F		33.9738	33.5068	1.01393747						D		0	LabradorRetriever15	Dogs	European_Dogs
LabradorRetriever16	160822_S4	LabradorRetriever16	Canis	familiaris	Labrador_Retriever	LAB-									0				PRJNA448733	SAMN08873143	Illumina HiSeq 2500		American_European_Dogs		M		34.4948	34.3751	1.00348217						D		0	LabradorRetriever16	Dogs	European_Dogs
LabradorRetriever17	172281_S2	LabradorRetriever17	Canis	familiaris	Labrador_Retriever	LAB-									0				PRJNA448733	SAMN08873144	Illumina HiSeq 2500		American_European_Dogs		M		36.5087	20.2859	1.79970817						D		0	LabradorRetriever17	Dogs	European_Dogs
LabradorRetriever18	172724_S8	LabradorRetriever18	Canis	familiaris	Labrador_Retriever	LAB-									0				PRJNA448733	SAMN08873145	Illumina HiSeq 2500		American_European_Dogs		M		29.8846	16.5471	1.80603248						D		0	LabradorRetriever18	Dogs	European_Dogs
LabradorRetriever19	173486_S3	LabradorRetriever19	Canis	familiaris	Labrador_Retriever	LAB-									0				PRJNA448733	SAMN08873146	Illumina HiSeq 2500		American_European_Dogs		M		32.4306	17.5383	1.84913019						D		0	LabradorRetriever19	Dogs	European_Dogs
LabradorRetriever20	87125_S1	LabradorRetriever20	Canis	familiaris	Labrador_Retriever	LAB-									0				PRJNA448733	SAMN08873147	Illumina HiSeq 2500		American_European_Dogs		M		32.6509	17.0091	1.91961362						D		0	LabradorRetriever20	Dogs	European_Dogs
LabradorRetriever21	91317_S7	LabradorRetriever21	Canis	familiaris	Labrador_Retriever	LAB-									0				PRJNA448733	SAMN08873148	Illumina HiSeq 2500		American_European_Dogs		M		31.5187	16.9253	1.86222401						D		0	LabradorRetriever21	Dogs	European_Dogs
LabradorRetriever22	CFA.117999	LabradorRetriever22	Canis	familiaris	Labrador_Retriever	LAB-									0				PRJNA263947	SAMN06159685	HiSeq X Ten		American_European_Dogs		M		37.1285	20.5662	1.80531649						D		0	LabradorRetriever22	Dogs	European_Dogs
LabradorRetriever23	LA2443	LabradorRetriever23	Canis	familiaris	Labrador_Retriever	LAB-									0				PRJEB16012	SAMEA104091568	Illumina HiSeq 3000		American_European_Dogs		M		17.7824	10.1957	1.74410781						D		0	LabradorRetriever23	Dogs	European_Dogs
LabradorRetriever24	LR04989	LabradorRetriever24	Canis	familiaris	Labrador_Retriever	LAB-									0				PRJNA448733	SAMN08873160	Illumina HiSeq 2500		American_European_Dogs		M		15.8429	9.49068	1.66931137						D		0	LabradorRetriever24	Dogs	European_Dogs
LabradorRetriever25	PER00167	LabradorRetriever25	Canis	familiaris	Labrador_Retriever	LAB-									0				PRJNA448733	SAMN08873161	Illumina HiSeq 2500		American_European_Dogs		M		12.6615	8.11329	1.56058763						D		0	LabradorRetriever25	Dogs	European_Dogs
LabradorRetriever26	PER00177	LabradorRetriever26	Canis	familiaris	Labrador_Retriever	LAB-									0				PRJNA448733	SAMN08873162	Illumina HiSeq 2500		American_European_Dogs		M		14.0116	8.83461	1.58598965						D		0	LabradorRetriever26	Dogs	European_Dogs
LagottoRomagnolo01		LagottoRomagnolo01	Canis	familiaris	Lagotto_Romagnolo	LAGO									0				PRJEB13468	SAMEA3928142	Illumina HiSeq 2000		European_Dogs		M		7.96045	4.6427	1.7146165						D		0	LagottoRomagnolo01	Dogs	European_Dogs
LagottoRomagnolo02		LagottoRomagnolo02	Canis	familiaris	Lagotto_Romagnolo	LAGO									0				PRJEB16012	SAMEA4505491	Illumina HiSeq 2000		European_Dogs		F		21.7699	12.0974	1.79955197						D		0	LagottoRomagnolo02	Dogs	European_Dogs
LagottoRomagnolo03		LagottoRomagnolo03	Canis	familiaris	Lagotto_Romagnolo	LAGO									0				PRJEB16012	SAMEA4505494	Illumina HiSeq 2000		European_Dogs		M		16.9889	16.9711	1.00104884						D		0	LagottoRomagnolo03	Dogs	European_Dogs
LagottoRomagnolo04		LagottoRomagnolo04	Canis	familiaris	Lagotto_Romagnolo	LAGO									0				PRJEB16012	SAMEA4504833	Illumina HiSeq 2500		European_Dogs		M		15.0017	8.33641	1.79953961						D		0	LagottoRomagnolo04	Dogs	European_Dogs
LagottoRomagnolo05	LR1030	LagottoRomagnolo05	Canis	familiaris	Lagotto_Romagnolo	LAGO									0				PRJEB16012	SAMEA4509490	Illumina HiSeq 2500		European_Dogs				21.0168	11.8328	1.77614766						D		0	LagottoRomagnolo05	Dogs	European_Dogs
LagottoRomagnolo06	ERR2759445	LagottoRomagnolo06	Canis	familiaris	Lagotto_Romagnolo	LAGO									0				PRJEB16012	SAMEA4867935	Illumina NovaSeq 6000		European_Dogs		M		28.0165	6.42827	4.35832658						D		0	LagottoRomagnolo06	Dogs	European_Dogs
LagottoRomagnolo07	CRR037932	LagottoRomagnolo07_31299	Canis	familiaris	Lagotto_Romagnolo	LAGO									0				PRJNA648123	SAMN15625893	Illumina HiSeq 3000		European_Dogs		M		18.7074	10.4683	1.78705234						D		0	LagottoRomagnolo07	Dogs	European_Dogs
LagottoRomagnolo08	CRR037933	LagottoRomagnolo08_31603	Canis	familiaris	Lagotto_Romagnolo	LAGO									0				PRJNA648123	SAMN15625894	Illumina HiSeq 3000		European_Dogs		F		17.1744	9.68306	1.7736542						D		0	LagottoRomagnolo08	Dogs	European_Dogs
LagottoRomagnolo09	CRR037944	LagottoRomagnolo09_33195	Canis	familiaris	Lagotto_Romagnolo	LAGO									0				PRJNA648123	SAMN15625896	Illumina HiSeq 3000		European_Dogs				20.4193	20.528	0.99470479						D		0	LagottoRomagnolo09	Dogs	European_Dogs
LancashireHeeler01	CRR078173	LancashireHeeler01_5375	Canis	familiaris	Lancashire_Heeler	LANC									0				PRJNA648123	SAMN15626062	Illumina HiSeq 3000		European_Dogs				16.4451	19.1015	0.86093239						D		0	LancashireHeeler01	Dogs	European_Dogs
LancashireHeeler02	CRR078174	LancashireHeeler02_5378	Canis	familiaris	Lancashire_Heeler	LANC									0				PRJNA648123	SAMN15626063	Illumina HiSeq 3000		European_Dogs				17.1557	17.9181	0.95745085						D		0	LancashireHeeler02	Dogs	European_Dogs
LancashireHeeler03	CRR078175	LancashireHeeler03_33512	Canis	familiaris	Lancashire_Heeler	LANC									0				PRJNA648123	SAMN15626064	Illumina HiSeq 3000		European_Dogs		M		18.6204	10.4103	1.78865162						D		0	LancashireHeeler03	Dogs	European_Dogs
Landseer01		Landseer01	Canis	familiaris	Landseer	LDSR									0				PRJEB7734	SAMEA3121328	Illumina HiSeq 2000		American_European_Dogs		M		23.8103	13.2171	1.80147688						D		0	Landseer01	Dogs	European_Dogs
LapponianHerder01		LapponianHerder01	Canis	familiaris	Lapponian_Herder										0				PRJNA266585	SAMN03168384	Illumina HiSeq 2000		European_Dogs		F		17.049	9.74235	1.74998845						D		0	LapponianHerder01	Dogs	European_Dogs
Leonberger01		Leonberger01	Canis	familiaris	Leonberger	LEON									0				PRJEB16012	SAMEA103935360	Illumina HiSeq 3000		European_Dogs				17.1196	17.3845	0.98476229						D		0	Leonberger01	Dogs	European_Dogs
Leonberger02	ERR2357313	Leonberger02	Canis	familiaris	Leonberger	LEON									0				PRJEB16012	SAMEA104656181	Illumina HiSeq 3000		European_Dogs				24.5076	24.5528	0.99815907						D		0	Leonberger02	Dogs	European_Dogs
Leonberger03	ERR2750941	Leonberger03	Canis	familiaris	Leonberger	LEON									0				PRJEB16012	SAMEA4848665	Illumina HiSeq 3000		European_Dogs				11.783	6.60542	1.78383812						D		0	Leonberger03	Dogs	European_Dogs
Leonberger04	ERR2750942	Leonberger04	Canis	familiaris	Leonberger	LEON									0				PRJEB16012	SAMEA4848666	Illumina HiSeq 3000		European_Dogs				11.5089	6.44215	1.78649985						D		0	Leonberger04	Dogs	European_Dogs
Leonberger05	ERR2750943	Leonberger05	Canis	familiaris	Leonberger	LEON									0				PRJEB16012	SAMEA4848667	Illumina HiSeq 3000		European_Dogs				8.47894	4.82423	1.75757375						D		0	Leonberger05	Dogs	European_Dogs
Leonberger06	ERR2750945	Leonberger06	Canis	familiaris	Leonberger	LEON									0				PRJEB16012	SAMEA4848669	Illumina HiSeq 3000		European_Dogs				11.8634	6.59654	1.79842766						D		0	Leonberger06	Dogs	European_Dogs
Leonberger07	ERR2750947	Leonberger07	Canis	familiaris	Leonberger	LEON									0				PRJEB16012	SAMEA4848671	Illumina HiSeq 3000		European_Dogs				11.2468	6.26187	1.79607689						D		0	Leonberger07	Dogs	European_Dogs
Leonberger08	ERR2750948	Leonberger08	Canis	familiaris	Leonberger	LEON									0				PRJEB16012	SAMEA4848672	Illumina HiSeq 3000		European_Dogs				11.4993	11.2694	1.02040038						D		0	Leonberger08	Dogs	European_Dogs
Leonberger09	ERR2750952	Leonberger09	Canis	familiaris	Leonberger	LEON									0				PRJEB16012	SAMEA4848676	Illumina HiSeq 3000		European_Dogs				15.7755	8.82271	1.78805605						D		0	Leonberger09	Dogs	European_Dogs
Leonberger10	ERR2750955	Leonberger10	Canis	familiaris	Leonberger	LEON									0				PRJEB16012	SAMEA4848679	Illumina HiSeq 3000		European_Dogs				19.1638	10.7319	1.78568567						D		0	Leonberger10	Dogs	European_Dogs
Leonberger11	ERR2750956	Leonberger11	Canis	familiaris	Leonberger	LEON									0				PRJEB16012	SAMEA4848680	Illumina HiSeq 3000		European_Dogs				17.0969	9.58917	1.78293846						D		0	Leonberger11	Dogs	European_Dogs
Leonberger12	ERR2750957	Leonberger12	Canis	familiaris	Leonberger	LEON									0				PRJEB16012	SAMEA4848681	Illumina HiSeq 3000		European_Dogs				12.5051	7.05727	1.77194581						D		0	Leonberger12	Dogs	European_Dogs
Leonberger13	ERR2750958	Leonberger13	Canis	familiaris	Leonberger	LEON									0				PRJEB16012	SAMEA4848682	Illumina HiSeq 3000		European_Dogs				18.8419	4.12619	4.56641599						D		0	Leonberger13	Dogs	European_Dogs
Leonberger14	ERR2750959	Leonberger14	Canis	familiaris	Leonberger	LEON									0				PRJEB16012	SAMEA4848683	Illumina HiSeq 3000		European_Dogs				17.209	3.84844	4.47168203						D		0	Leonberger14	Dogs	European_Dogs
Leonberger15	ERR2750960	Leonberger15	Canis	familiaris	Leonberger	LEON									0				PRJEB16012	SAMEA4848690	Illumina HiSeq 3000		European_Dogs				23.3461	13.0082	1.79472179						D		0	Leonberger15	Dogs	European_Dogs
Leonberger16	ERR2750961	Leonberger16	Canis	familiaris	Leonberger	LEON									0				PRJEB16012	SAMEA4848691	Illumina HiSeq 3000		European_Dogs				22.747	4.67431	4.8663867						D		0	Leonberger16	Dogs	European_Dogs
Leonberger17	ERR2750962	Leonberger17	Canis	familiaris	Leonberger	LEON									0				PRJEB16012	SAMEA4848692	Illumina HiSeq 3000		European_Dogs				21.9489	12.3007	1.78436187						D		0	Leonberger17	Dogs	European_Dogs
Leonberger18	ERR2750963	Leonberger18	Canis	familiaris	Leonberger	LEON									0				PRJEB16012	SAMEA4848693	Illumina HiSeq 3000		European_Dogs				24.4619	13.6993	1.78563138						D		0	Leonberger18	Dogs	European_Dogs
Leonberger19	ERR2750964	Leonberger19	Canis	familiaris	Leonberger	LEON									0				PRJEB16012	SAMEA4848694	Illumina HiSeq 3000		European_Dogs				22.1748	12.3288	1.79861787						D		0	Leonberger19	Dogs	European_Dogs
Leonberger20	ERR2750967	Leonberger20	Canis	familiaris	Leonberger	LEON									0				PRJEB16012	SAMEA4848697	Illumina HiSeq 3000		European_Dogs				22.2683	22.4535	0.99175184						D		0	Leonberger20	Dogs	European_Dogs
Leonberger21	ERR2750968	Leonberger21	Canis	familiaris	Leonberger	LEON									0				PRJEB16012	SAMEA4848698	Illumina HiSeq 3000		European_Dogs		F		26.2677	14.6556	1.79233194						D		0	Leonberger21	Dogs	European_Dogs
Leonberger22	CRR055098	Leonberger22_20043	Canis	familiaris	Leonberger	LEON									0				PRJNA648123	SAMN15625897	Illumina HiSeq 3000		European_Dogs		F		21.0658	21.3205	0.98805375						D		0	Leonberger22	Dogs	European_Dogs
Leonberger23	CRR055099	Leonberger23_20044	Canis	familiaris	Leonberger	LEON									0				PRJNA648123	SAMN15625898	Illumina HiSeq 3000		European_Dogs		M		20.3599	19.6816	1.03446366						D		0	Leonberger23	Dogs	European_Dogs
LhasaApso01	CRR037829	LhasaApso01_6220	Canis	familiaris	Lhasa_Apso	LHSA									0				PRJNA648123	SAMN15625907	Illumina HiSeq 3000		East_Asian_Dogs		M		18.8811	10.3929	1.81673065						D		0	LhasaApso01	Dogs	East_Asian_Dogs
LhasaApso02	CRR037878	LhasaApso02_20104	Canis	familiaris	Lhasa_Apso	LHSA									0				PRJNA648123	SAMN15625908	Illumina HiSeq 3000		East_Asian_Dogs		F		18.5304	10.38	1.78520231						D		0	LhasaApso02	Dogs	East_Asian_Dogs
LhasaApso03	CRR055112	LhasaApso03_26983	Canis	familiaris	Lhasa_Apso	LHSA									0				PRJNA648123	SAMN15625909	Illumina HiSeq 3000		East_Asian_Dogs				18.5116	18.4752	1.00197021						D		0	LhasaApso03	Dogs	East_Asian_Dogs
LhasaApso04	SRR10752638	LhasaApso04	Canis	familiaris	Lhasa_Apso	LHSA									0				PRJNA263947	SAMN13655906	Illumina NovaSeq 6000		East_Asian_Dogs		M		31.8817	31.4319	1.0143103						D		0	LhasaApso04	Dogs	East_Asian_Dogs
Lowchen01		Lowchen01	Canis	familiaris	Lowchen	LOWC									0				PRJNA263947	SAMN04196863	Illumina HiSeq 2500		European_Dogs		F		29.2723	16.6988	1.7529583						D		0	Lowchen01	Dogs	European_Dogs
MIX_AmericanCocker_Beagle01	C3549	MIX_AmericanCocker_Beagle01	Canis	familiaris	MIX_American_Cocker_Spaniel_and_Beagle	MUTT									0				PRJNA356874	SAMN06128273	Illumina HiSeq 2500		European_Dogs		F		12.9252	12.6681	1.02029507						D		0	MIX_AmericanCocker_Beagle01	Dogs	European_Dogs
MIX_AmericanCocker_Beagle02	C750	MIX_AmericanCocker_Beagle02	Canis	familiaris	MIX_American_Cocker_Spaniel_and_Beagle	MUTT									0				PRJNA356874	SAMN06128271	Illumina HiSeq 2500		European_Dogs		F		16.721	16.3633	1.02185989						D		0	MIX_AmericanCocker_Beagle02	Dogs	European_Dogs
MIX_AmericanCocker_Beagle03	C783	MIX_AmericanCocker_Beagle03	Canis	familiaris	MIX_American_Cocker_Spaniel_and_Beagle	MUTT									0				PRJNA356874	SAMN06128272	Illumina HiSeq 2500		European_Dogs		M		13.6435	13.7295	0.99373612						D		0	MIX_AmericanCocker_Beagle03	Dogs	European_Dogs
MIX_Dachshund01	CFA.118000	MIX_Dachshund01	Canis	familiaris	MIX_Dachsund	MUTT									0				PRJNA263947	SAMN06159686	HiSeq X Ten		European_Dogs		F		43.6532	24.139	1.80840963						D		0	MIX_Dachshund01	Dogs	European_Dogs
MIX_GoldenRetriever01	GR1078	MIX_GoldenRetriever01	Canis	familiaris	MIX_Golden_Retriever	MUTT									0				PRJEB16012	SAMEA104091572	Illumina HiSeq 3000		European_Dogs		M		31.2283	31.4864	0.99180281						D		0	MIX_GoldenRetriever01	Dogs	European_Dogs
MIX_KerryBlueTerrier_Beagle01		MIX_KerryBlueTerrier_Beagle01	Canis	familiaris	MIX_Kerry_Blue_Terrier_and_Beagle	MUTT									0				PRJNA263947	SAMN04196846	Illumina HiSeq 2000		European_Dogs		F		24.3792	14.0337	1.73718977						D		0	MIX_KerryBlueTerrier_Beagle01	Dogs	European_Dogs
MIX_LabradorRetriever01	LA2382	MIX_LabradorRetriever01	Canis	familiaris	MIX_Labrador_Retriever	MUTT									0				PRJEB16012	SAMEA104125075	Illumina HiSeq 3000		European_Dogs		F		31.1402	31.1608	0.99933891						D		0	MIX_LabradorRetriever01	Dogs	European_Dogs
MIX_MiniatureSchnauzer_Beagle01	A168	MIX_MiniatureSchnauzer_Beagle01	Canis	familiaris	MIX_Miniature_Schnauzer_and_Beagle	MUTT									0				PRJNA356874	SAMN06128270	Illumina HiSeq 2500		European_Dogs		F		13.7715	13.6051	1.01223071						D		0	MIX_MiniatureSchnauzer_Beagle01	Dogs	European_Dogs
Maltese01		Maltese01_27447	Canis	familiaris	Maltese	MALT									0				PRJNA685036	SAMN17192084	Illumina NovaSeq 6000		European_Dogs		F		47.3048	47.0048							D		0	Maltese01	Dogs	European_Dogs
Maltese02	CRR055064	Maltese02_1257	Canis	familiaris	Maltese	MALT									0				PRJNA648123	SAMN15625910	Illumina HiSeq 3000		European_Dogs		M		24.1565	23.8313	1.01364592						D		0	Maltese02	Dogs	European_Dogs
Maltese03		Maltese03	Canis	familiaris	Maltese	MALT									0				PRJNA517114	SAMN10740988	Illumina HiSeq 3000		European_Dogs		M		13.0004	7.49521	1.73449443						D		0	Maltese03	Dogs	European_Dogs
Maltese04		Maltese04	Canis	familiaris	Maltese	MALT									0				PRJNA517114	SAMN10740974	Illumina HiSeq 3000		European_Dogs		M		16.13	9.29871	1.73464922						D		0	Maltese04	Dogs	European_Dogs
Maltese05		Maltese05	Canis	familiaris	Maltese	MALT									0				PRJNA517114	SAMN10740975	Illumina HiSeq 3000		European_Dogs		F		7.81442	4.68722	1.66717585						D		0	Maltese05	Dogs	European_Dogs
Maltese06		Maltese06	Canis	familiaris	Maltese	MALT									0				PRJNA517114	SAMN10740970	Illumina HiSeq 3000		European_Dogs		M		12.5154	12.5791	0.99493605						D		0	Maltese06	Dogs	European_Dogs
Maltese07		Maltese07	Canis	familiaris	Maltese	MALT									0				PRJNA517114	SAMN10740977	Illumina HiSeq 3000		European_Dogs		M		15.9796	16.0631	0.99480175						D		0	Maltese07	Dogs	European_Dogs
Maltese08		Maltese08	Canis	familiaris	Maltese	MALT									0				PRJNA517114	SAMN10740976	Illumina HiSeq 3000		European_Dogs		F		7.86951	4.73777	1.66101563						D		0	Maltese08	Dogs	European_Dogs
Maltese09		Maltese09	Canis	familiaris	Maltese	MALT									0				PRJNA517114	SAMN10740978	Illumina HiSeq 3000		European_Dogs		M		8.0527	4.91436	1.63860604						D		0	Maltese09	Dogs	European_Dogs
Maltese10		Maltese10	Canis	familiaris	Maltese	MALT									0				PRJNA517114	SAMN10740981	Illumina HiSeq 3000		European_Dogs		M		15.5649	15.5924	0.99823632						D		0	Maltese10	Dogs	European_Dogs
Maltese11		Maltese11	Canis	familiaris	Maltese	MALT									0				PRJNA517114	SAMN10740980	Illumina HiSeq 3000		European_Dogs		U		8.33772	5.16707	1.61362629						D		0	Maltese11	Dogs	European_Dogs
Maltese12		Maltese12	Canis	familiaris	Maltese	MALT									0				PRJNA517114	SAMN10740971	Illumina HiSeq 3000		European_Dogs		M		10.7966	6.32464	1.70706949						D		0	Maltese12	Dogs	European_Dogs
Maltese13		Maltese13	Canis	familiaris	Maltese	MALT									0				PRJNA517114	SAMN10740972	Illumina HiSeq 3000		European_Dogs		U		15.8681	16.1058	0.98524134						D		0	Maltese13	Dogs	European_Dogs
Maltese14		Maltese14	Canis	familiaris	Maltese	MALT									0				PRJNA517114	SAMN10740973	Illumina HiSeq 3000		European_Dogs		M		18.6759	10.7121	1.74343966						D		0	Maltese14	Dogs	European_Dogs
Maltese15		Maltese15	Canis	familiaris	Maltese	MALT									0				PRJNA517114	SAMN10740979	Illumina HiSeq 3000		European_Dogs				8.07833	5.00971	1.61253446						D		0	Maltese15	Dogs	European_Dogs
Maremma01		Maremma01_21897	Canis	familiaris	Maremma	MARM									0				PRJNA685036	SAMN17192085	Illumina NovaSeq 6000		European_Dogs		F		27.736	15.4101							D		0	Maremma01	Dogs	European_Dogs
MastinoAbruzzese01		MastinoAbruzzese01_24546	Canis	familiaris	Mastino_Abruzzese	MAAB									0				PRJNA685036	SAMN17192086	Illumina NovaSeq 6000		European_Dogs				27.3227	27.1926							D		0	MastinoAbruzzese01	Dogs	European_Dogs
MauritianDog01		MauritianDog01	Canis	familiaris	Mauritian_Dog										0								African_NearEast_India_Dogs		M										D		0	MauritianDog01	Dogs	African_NearEast_India_Dogs
MexicanHairless01		MexicanHairless01	Canis	familiaris	Xoloitzcuintli	XOLO									0				PRJNA266585	SAMN03168385	Illumina HiSeq 2000		American_Dogs		M		16.3079	9.14646	1.78297396						D		0	MexicanHairless01	Dogs	Americas_Dogs
MiniatureBullTerrier01	BT007	MiniatureBullTerrier01	Canis	familiaris	Miniature_Bull_Terrier	MBLT									0				PRJEB16012	SAMEA4506897	Illumina HiSeq 2500		European_Dogs				38.4517	21.2503	1.80946622						D		0	MiniatureBullTerrier01	Dogs	European_Dogs
MiniatureBullTerrier02		MiniatureBullTerrier02_23778	Canis	familiaris	Miniature_Bull_Terrier	MBLT									0				PRJNA685036	SAMN17192087	Illumina NovaSeq 6000		European_Dogs				28.0464	27.9591				01/07/2019			D		0	MiniatureBullTerrier02	Dogs	European_Dogs
MiniatureBullTerrier03		MiniatureBullTerrier03_23779	Canis	familiaris	Miniature_Bull_Terrier	MBLT									0				PRJNA685036	SAMN17192088	Illumina NovaSeq 6000		European_Dogs				60.1221	59.9251				01/07/2019			D		0	MiniatureBullTerrier03	Dogs	European_Dogs
MiniatureBullTerrier04	ERR2759430	MiniatureBullTerrier04	Canis	familiaris	Miniature_Bull_terrier	MBLT									0				PRJEB16012	SAMEA4867920	Illumina HiSeq 3000		European_Dogs				12.5285	12.7829							D		0	MiniatureBullTerrier04	Dogs	European_Dogs
MiniatureBullTerrier05	CRR078181	MiniatureBullTerrier05_11474	Canis	familiaris	Miniature_Bull_Terrier	MBLT									0				PRJNA648123	SAMN15625916	Illumina HiSeq 3000		European_Dogs				18.8262	10.6281	1.77136083						D		0	MiniatureBullTerrier05	Dogs	European_Dogs
MiniaturePinscher01	CRR078182	MiniaturePinscher01_12874	Canis	familiaris	Miniature_Pinscher	MPIN									0				PRJNA648123	SAMN15625921	Illumina HiSeq 3000		European_Dogs		F		18.5426	16.5446	1.12076448						D		0	MiniaturePinscher01	Dogs	European_Dogs
MiniaturePoodle01		MiniaturePoodle01_27535	Canis	familiaris	Miniature_Poodle	MPOO									0				PRJNA448733	SAMN08873175	Illumina HiSeq 2500		European_Dogs		M		54.1616	55.3821	0.97796219			10/29/14			D		0	MiniaturePoodle01	Dogs	European_Dogs
MiniaturePoodle02	BAN00024	MiniaturePoodle02	Canis	familiaris	Miniature_Poodle	MPOO									0				PRJNA448733	SAMN08873174	Illumina HiSeq 2500		European_Dogs		M		13.5141	8.50757	1.58847944						D		0	MiniaturePoodle02	Dogs	European_Dogs
MiniaturePoodle03		MiniaturePoodle03_27597	Canis	familiaris	Miniature_Poodle	MPOO									0				PRJNA685036	SAMN17192089	Illumina NovaSeq 6000		European_Dogs		F		27.8696	15.341							D		0	MiniaturePoodle03	Dogs	European_Dogs
MiniatureSchnauzer01		MiniatureSchnauzer01	Canis	familiaris	Miniature_Schnauzer	MSNZ									0				PRJNA263947	SAMN04196847	Illumina HiSeq 2000		European_Dogs		F		6.64229	6.85658	0.96874681						D		0	MiniatureSchnauzer01	Dogs	European_Dogs
MiniatureSchnauzer02	MS04563	MiniatureSchnauzer02	Canis	familiaris	Miniature_Schnauzer	MSNZ									0				PRJNA448733	SAMN08873176	Illumina HiSeq 2500		European_Dogs		F		9.80643	10.6248	0.92297549						D		0	MiniatureSchnauzer02	Dogs	European_Dogs
MiniatureSchnauzer03	MS04593	MiniatureSchnauzer03	Canis	familiaris	Miniature_Schnauzer	MSNZ									0				PRJNA448733	SAMN08873177	Illumina HiSeq 2500		European_Dogs		M		16.6978	18.5239	0.90141925						D		0	MiniatureSchnauzer03	Dogs	European_Dogs
MiniatureSchnauzer04		MiniatureSchnauzer04_21475	Canis	familiaris	Miniature_Schnauzer	MSNZ									0				PRJNA685036	SAMN17192090	Illumina NovaSeq 6000		European_Dogs				24.6901	13.5773							D		0	MiniatureSchnauzer04	Dogs	European_Dogs
MiniatureSchnauzer05	ERR2503983	MiniatureSchnauzer05	Canis	familiaris	Miniature_Schnauzer	MSNZ									0				PRJEB16012	SAMEA1066474	Illumina HiSeq 3000		European_Dogs				28.5083	28.8025	0.98978561						D		0	MiniatureSchnauzer05	Dogs	European_Dogs
MiniatureSchnauzer06	ERR2865337	MiniatureSchnauzer06	Canis	familiaris	Miniature_Schnauzer	MSNZ									0				PRJEB16012	SAMEA5059514	Illumina HiSeq 2500		European_Dogs				12.6665	7.20974							D		0	MiniatureSchnauzer06	Dogs	European_Dogs
MiniatureSchnauzer07	ERR2865338	MiniatureSchnauzer07	Canis	familiaris	Miniature_Schnauzer	MSNZ									0				PRJEB16012	SAMEA5059515	Illumina HiSeq 2500		European_Dogs				12.3505	7.01673							D		0	MiniatureSchnauzer07	Dogs	European_Dogs
MiniatureSchnauzer08	ERR2865339	MiniatureSchnauzer08	Canis	familiaris	Miniature_Schnauzer	MSNZ									0				PRJEB16012	SAMEA5059516	Illumina HiSeq 2500		European_Dogs				13.761	7.75906							D		0	MiniatureSchnauzer08	Dogs	European_Dogs
MiniatureSchnauzer09	ERR2865340	MiniatureSchnauzer09	Canis	familiaris	Miniature_Schnauzer	MSNZ									0				PRJEB16012	SAMEA5059517	Illumina HiSeq 2500		European_Dogs				28.6126	16.1528							D		0	MiniatureSchnauzer09	Dogs	European_Dogs
MiniatureSchnauzer10	ERR2865341	MiniatureSchnauzer10	Canis	familiaris	Miniature_Schnauzer	MSNZ									0				PRJEB16012	SAMEA5059518	Illumina HiSeq 2500		European_Dogs				12.547	12.8186							D		0	MiniatureSchnauzer10	Dogs	European_Dogs
MiniatureSchnauzer11	ERR2865342	MiniatureSchnauzer11	Canis	familiaris	Miniature_Schnauzer	MSNZ									0				PRJEB16012	SAMEA5059519	Illumina HiSeq 2500		European_Dogs				1.23891	1.15234							D		0	MiniatureSchnauzer11	Dogs	European_Dogs
MiniatureSchnauzer12	ERR2865343	MiniatureSchnauzer12	Canis	familiaris	Miniature_Schnauzer	MSNZ									0				PRJEB16012	SAMEA5059520	Illumina HiSeq 2500		European_Dogs				13.3506	7.56713							D		0	MiniatureSchnauzer12	Dogs	European_Dogs
MiniatureSchnauzer13	ERR2865344	MiniatureSchnauzer13	Canis	familiaris	Miniature_Schnauzer	MSNZ									0				PRJEB16012	SAMEA5059521	Illumina HiSeq 2500		European_Dogs				14.3044	8.1271							D		0	MiniatureSchnauzer13	Dogs	European_Dogs
MiniatureSchnauzer14	ERR2865345	MiniatureSchnauzer14	Canis	familiaris	Miniature_Schnauzer	MSNZ									0				PRJEB16012	SAMEA5059522	Illumina HiSeq 2500		European_Dogs				12.8032	13.0609							D		0	MiniatureSchnauzer14	Dogs	European_Dogs
MiniatureSchnauzer15	ERR2865346	MiniatureSchnauzer15	Canis	familiaris	Miniature_Schnauzer	MSNZ									0				PRJEB16012	SAMEA5059523	Illumina HiSeq 2500		European_Dogs				13.4329	13.7423							D		0	MiniatureSchnauzer15	Dogs	European_Dogs
MiniatureSchnauzer17	ERR2865323	MiniatureSchnauzer17	Canis	familiaris	Miniature_Schnauzer	MSNZ									0				PRJEB16012	SAMEA5059500	Illumina HiSeq 2500		European_Dogs				11.0406	2.68753	4.10808438						D		0	MiniatureSchnauzer17	Dogs	European_Dogs
MiniatureSchnauzer18	CRR078183	MiniatureSchnauzer18_24692	Canis	familiaris	Miniature_Schnauzer	MSNZ									0				PRJNA648123	SAMN15625922	Illumina HiSeq 3000		European_Dogs		M		11.1657	11.2642	0.99125548						D		0	MiniatureSchnauzer18	Dogs	European_Dogs
MixedBreed06		MixedBreed06	Canis	familiaris	MIX_Tibetan_Mastiff	MUTT									0				PRJNA232497	SAMN02485589	Illumina HiSeq 2000		East_Asian_Dogs		F		8.93495	5.21741	1.71252595						D		0	MixedBreed06	Dogs	East_Asian_Dogs
MixedBreed07		MixedBreed07	Canis	familiaris	MIX_Siberian_Husky	MUTT									0				PRJNA448733	SAMN08873188	Illumina HiSeq 2500		Arctic_Dogs		F		63.463	64.3001	0.98698136			08/10/2015			D		0	MixedBreed07	Dogs	Arctic_Dogs
MixedBreed08	MI016	MixedBreed08	Canis	familiaris	MIX_Mixed_Breed	MUTT									0				PRJEB16012	SAMEA4506893	Illumina HiSeq 2500		European_Dogs				27.1135	27.6604	0.98022805						D		0	MixedBreed08	Dogs	European_Dogs
MixedBreed09		MixedBreed09_27941	Canis	familiaris	Mixed_Breed	MUTT									0				PRJNA726547	SAMN29012005	Illumina NovaSeq 6000		European_Dogs												D		0	MixedBreed09	Dogs	European_Dogs
MixedBreed10	ERR2759429	MixedBreed10	Canis	familiaris	Mixed_breed	MUTT									0				PRJEB16012	SAMEA4867919	Illumina HiSeq 3000		European_Dogs												D		0	MixedBreed10	Dogs	European_Dogs
MountainCur01	CRR078184	MountainCur01_9321	Canis	familiaris	Mountain_Cur	MCUR									0				PRJNA648123	SAMN15625917	Illumina HiSeq 3000		American_European_Dogs				17.6584	18.0337	0.97918896						D		0	MountainCur01	Dogs	European_Dogs
MountainCur02	CRR078185	MountainCur02_33066	Canis	familiaris	Mountain_Cur	MCUR									0				PRJNA648123	SAMN15625918	Illumina HiSeq 3000		American_European_Dogs				16.2933	9.04974	1.80041637						D		0	MountainCur02	Dogs	European_Dogs
MountainCur03	CRR078186	MountainCur03_33173	Canis	familiaris	Mountain_Cur	MCUR									0				PRJNA648123	SAMN15625919	Illumina HiSeq 3000		American_European_Dogs				11.8927	12.0611	0.98603776						D		0	MountainCur03	Dogs	European_Dogs
MountainCur04	CRR078187	MountainCur04_33312	Canis	familiaris	Mountain_Cur	MCUR									0				PRJNA648123	SAMN15625920	Illumina HiSeq 3000		American_European_Dogs		F		17.5325	17.5779	0.99741721						D		0	MountainCur04	Dogs	European_Dogs
Mudi01	CRR055153	Mudi01_33142	Canis	familiaris	Mudi	MUDI									0				PRJNA726547	SAMN29012006	Illumina NovaSeq 6000		European_Dogs		M		20.0829	20.0931	0.99949236						D		0	Mudi01	Dogs	European_Dogs
Mudi01_Reseq	CRR055153	Mudi01_Reseq_33142	Canis	familiaris	Mudi	MUDI									0				PRJNA648123	SAMN15625923	Illumina HiSeq 3000		European_Dogs		M		20.0829	20.0931	0.99949236						D		0	Mudi01	Dogs	European_Dogs
Mudi02	CRR055156	Mudi02_33179	Canis	familiaris	Mudi	MUDI									0				PRJNA648123	SAMN15625924	Illumina HiSeq 3000		European_Dogs				20.9696	11.7535	1.78411537						D		0	Mudi02	Dogs	European_Dogs
NeapolitanMastiff01	CRR055104	NeapolitanMastiff01_23560	Canis	familiaris	Neapolitan_Mastiff	NEAP									0				PRJNA648123	SAMN15625926	Illumina HiSeq 3000		European_Dogs				22.8623	12.6766	1.80350409						D		0	NeapolitanMastiff01	Dogs	European_Dogs
NeapolitanMastiff02	CRR055105	NeapolitanMastiff02_23561	Canis	familiaris	Neapolitan_Mastiff	NEAP									0				PRJNA648123	SAMN15625927	Illumina HiSeq 3000		European_Dogs		M		19.4503	10.7414	1.81077886						D		0	NeapolitanMastiff02	Dogs	European_Dogs
NewGuineaSingingDog01		NewGuineaSingingDog01_30192	Canis	familiaris	New_Guinea_Singing_Dog	NGSD									0				PRJNA448733	SAMN08873190	Illumina HiSeq 2500		East_Asian_Dogs												D		0	NewGuineaSingingDog01	Dogs	East_Asian_Dogs
NewGuineaSingingDog02	NGSD2	NewGuineaSingingDog02	Canis	familiaris	New_Guinea_Singing_Dog	NGSD									0				PRJNA232497	SAMN06608432	Illumina HiSeq 2000		East_Asian_Dogs		M		9.63422	5.58666	1.72450445						D		0	NewGuineaSingingDog02	Dogs	East_Asian_Dogs
NewGuineaSingingDog03	NGSD3	NewGuineaSingingDog03	Canis	familiaris	New_Guinea_Singing_Dog	NGSD									0				PRJNA232497	SAMN06608434	Illumina HiSeq 2000		East_Asian_Dogs		M		11.2269	6.76626	1.6592475						D		0	NewGuineaSingingDog03	Dogs	East_Asian_Dogs
NewGuineaSingingDog04	NGSD1	NewGuineaSingingDog04	Canis	familiaris	New_Guinea_Singing_Dog	NGSD									0				PRJNA232497	SAMN06608444	Illumina HiSeq 2000		East_Asian_Dogs				9.54259	5.76802	1.65439614						D		0	NewGuineaSingingDog04	Dogs	East_Asian_Dogs
NewGuineaSingingDog07		NewGuineaSingingDog07_30192r	Canis	familiaris	New_Guinea_Singing_Dog	NGSD									0								East_Asian_Dogs		M		44.5719	24.4723					Duplicate of NewGuineaSingingDog01		D		0	NewGuineaSingingDog07	Dogs	East_Asian_Dogs
NewGuineaSingingDog08		NewGuineaSingingDog08_34692	Canis	familiaris	New_Guinea_Singing_Dog	NGSD									0				PRJNA726547	SAMN29012007	Illumina NovaSeq 6000		East_Asian_Dogs				25.5692	14.2048				6/19/19			D		0	NewGuineaSingingDog08	Dogs	East_Asian_Dogs
NewGuineaSingingDog09		NewGuineaSingingDog09_35129	Canis	familiaris	New_Guinea_Singing_Dog	NGSD									0				PRJNA726547	SAMN29012008	Illumina NovaSeq 6000		East_Asian_Dogs				27.3906	27.0339				6/19/19			D		0	NewGuineaSingingDog09	Dogs	East_Asian_Dogs
NewGuineaSingingDog10		NewGuineaSingingDog10_35130	Canis	familiaris	New_Guinea_Singing_Dog	NGSD									0				PRJNA726547	SAMN29012009	Illumina NovaSeq 6000		East_Asian_Dogs				28.4643	15.8507				6/19/19			D		0	NewGuineaSingingDog10	Dogs	East_Asian_Dogs
NewGuineaSingingDog11		NewGuineaSingingDog11_35131	Canis	familiaris	New_Guinea_Singing_Dog	NGSD									0				PRJNA726547	SAMN29012010	Illumina NovaSeq 6000		East_Asian_Dogs				24.8185	25.3663				6/19/19			D		0	NewGuineaSingingDog11	Dogs	East_Asian_Dogs
NewGuineaSingingDog12		NewGuineaSingingDog12_35132	Canis	familiaris	New_Guinea_Singing_Dog	NGSD									0				PRJNA726547	SAMN29012011	Illumina NovaSeq 6000		East_Asian_Dogs		M		35.9932	36.3269				6/19/19			D		0	NewGuineaSingingDog12	Dogs	East_Asian_Dogs
NewGuineaSingingDog13		NewGuineaSingingDog13_34695	Canis	familiaris	New_Guinea_Singing_Dog	NGSD									0				PRJNA726547	SAMN29012012	Illumina NovaSeq 6000		East_Asian_Dogs		F		41.8413	23.2201	1.80194314			12/30/19			D		0	NewGuineaSingingDog13	Dogs	East_Asian_Dogs
NewGuineaSingingDog14		NewGuineaSingingDog14_34699	Canis	familiaris	New_Guinea_Singing_Dog	NGSD									0				PRJNA726547	SAMN29012013	Illumina NovaSeq 6000		East_Asian_Dogs		M		35.5279	35.5188	1.0002562			12/30/19			D		0	NewGuineaSingingDog14	Dogs	East_Asian_Dogs
NewGuineaSingingDog15		NewGuineaSingingDog15_35133	Canis	familiaris	New_Guinea_Singing_Dog	NGSD									0				PRJNA726547	SAMN29012014	Illumina NovaSeq 6000		East_Asian_Dogs				39.3882	21.8883	1.79950933			12/30/19			D		0	NewGuineaSingingDog15	Dogs	East_Asian_Dogs
NewGuineaSingingDog16		NewGuineaSingingDog16	Canis	familiaris	New_Guinea_Singing_Dog	NGSD									0				PRJNA593363	SAMN13476889	Illumina HiSeq 2000		East_Asian_Dogs												D		0	NewGuineaSingingDog16	Dogs	East_Asian_Dogs
NewGuineaSingingDog17		NewGuineaSingingDog17	Canis	familiaris	New_Guinea_Singing_Dog	NGSD									0				PRJNA593363	SAMN13476888	Illumina HiSeq 2000		East_Asian_Dogs												D		0	NewGuineaSingingDog17	Dogs	East_Asian_Dogs
Newfoundland01	ERR2263461	Newfoundland01	Canis	familiaris	Newfoundland	NEWF									0				PRJEB16012	SAMEA104500411	Illumina HiSeq 3000		American_European_Dogs				22.6611	12.8159	1.768202						D		0	Newfoundland01	Dogs	European_Dogs
Newfoundland02	ERR2750970	Newfoundland02	Canis	familiaris	Newfoundland	NEWF									0				PRJEB16012	SAMEA4848701	Illumina HiSeq 3000		American_European_Dogs		M		21.9829	12.253	1.79408308						D		0	Newfoundland02	Dogs	European_Dogs
Newfoundland03	CRR055126	Newfoundland03_29596	Canis	familiaris	Newfoundland	NEWF									0				PRJNA648123	SAMN15625932	Illumina HiSeq 3000		American_European_Dogs		F		19.0467	10.6491	1.78857368						D		0	Newfoundland03	Dogs	European_Dogs
Newfoundland04	SRR10077575	Newfoundland04	Canis	familiaris	Newfoundland	NEWF									0				PRJNA263947	SAMN12700522	Illumina NovaSeq 6000		American_European_Dogs				32.9979	33.2221	0.99325148						D		0	Newfoundland04	Dogs	European_Dogs
Newfoundland05	CRR078188	Newfoundland05_29395	Canis	familiaris	Newfoundland	NEWF									0				PRJNA648123	SAMN15626065	Illumina HiSeq 3000		American_European_Dogs		F		17.2722	9.63001	1.79358069						D		0	Newfoundland05	Dogs	European_Dogs
NorfolkTerrier01	CRR055071	NorfolkTerrier01_4675	Canis	familiaris	Norfolk_Terrier	NORF									0				PRJNA648123	SAMN15625936	Illumina HiSeq 3000		American_European_Dogs		M		22.0183	21.9663	1.00236726						D		0	NorfolkTerrier01	Dogs	European_Dogs
NorfolkTerrier02	CRR055072	NorfolkTerrier02_5353	Canis	familiaris	Norfolk_Terrier	NORF									0				PRJNA648123	SAMN15625937	Illumina HiSeq 3000		American_European_Dogs		M		19.4063	10.7808	1.80007977						D		0	NorfolkTerrier02	Dogs	European_Dogs
NorwegianBuhund01	CRR037885	NorwegianBuhund01_25380	Canis	familiaris	Norwegian_Buhund	NWBH									0				PRJNA648123	SAMN15625925	Illumina HiSeq 3000		European_Dogs				20.1242	11.4547	1.7568509						D		0	NorwegianBuhund01	Dogs	European_Dogs
NorwegianBuhund02	CRR078189	NorwegianBuhund02_31794	Canis	familiaris	Norwegian_Buhund	NWBH									0				PRJNA648123	SAMN15626066	Illumina HiSeq 3000		European_Dogs		M		17.6851	9.94985	1.77742378						D		0	NorwegianBuhund02	Dogs	European_Dogs
NorwegianElkhound01		NorwegianElkhound01	Canis	familiaris	Norwegian_Elkhound	NELK									0				PRJNA266585	SAMN03168382	Illumina HiSeq 2000		European_Dogs		F		19.9255	11.1683	1.78411218						D		0	NorwegianElkhound01	Dogs	European_Dogs
NorwegianElkhound02		NorwegianElkhound02_29785	Canis	familiaris	Norwegian_Elkhound	NELK									0				PRJNA448733	SAMN08873199	Illumina HiSeq 2500		European_Dogs		M		41.3527	41.9882	0.9848648						D		0	NorwegianElkhound02	Dogs	European_Dogs
NorwegianElkhound03	CRR037816	NorwegianElkhound03_1011	Canis	familiaris	Norwegian_Elkhound	NELK									0				PRJNA648123	SAMN15625928	Illumina HiSeq 3000		European_Dogs		F		19.4852	10.7121	1.81898974						D		0	NorwegianElkhound03	Dogs	European_Dogs
NorwegianElkhound04	CRR037817	NorwegianElkhound04_1012	Canis	familiaris	Norwegian_Elkhound	NELK									0				PRJNA648123	SAMN15625929	Illumina HiSeq 3000		European_Dogs		M		19.7293	19.6219	1.00547348						D		0	NorwegianElkhound04	Dogs	European_Dogs
NorwegianElkhound05	CRR037929	NorwegianElkhound05_31276	Canis	familiaris	Norwegian_Elkhound	NELK									0				PRJNA648123	SAMN15625930	Illumina HiSeq 3000		European_Dogs		M		20.0606	11.0967	1.80779872						D		0	NorwegianElkhound05	Dogs	European_Dogs
NorwegianElkhound06	CRR037937	NorwegianElkhound06_31968	Canis	familiaris	Norwegian_Elkhound	NELK									0				PRJNA648123	SAMN15625931	Illumina HiSeq 3000		European_Dogs		M		20.9878	11.7261	1.78983635						D		0	NorwegianElkhound06	Dogs	European_Dogs
NorwegianLundehund01		NorwegianLundehund01	Canis	familiaris	Norwegian_Lundehund	NLUN									0				PRJNA186960	SAMN01893932	Illumina Genome Analyzer IIx		European_Dogs		F		23.2392	13.1398	1.76861139						D		0	NorwegianLundehund01	Dogs	European_Dogs
NorwegianLundehund02		NorwegianLundehund02	Canis	familiaris	Norwegian_Lundehund	NLUN									0				PRJNA309755	SAMN04440505	Illumina MiSeq		European_Dogs		F		14.1402	14.3725	0.98383719						D		0	NorwegianLundehund02	Dogs	European_Dogs
NorwegianLundehund03		NorwegianLundehund03	Canis	familiaris	Norwegian_Lundehund	NLUN									0				PRJNA309755	SAMN04440506	Illumina MiSeq		European_Dogs		M		13.0715	13.4069	0.97498303						D		0	NorwegianLundehund03	Dogs	European_Dogs
NorwegianLundehund04	CRR037926	NorwegianLundehund04_31115	Canis	familiaris	Norwegian_Lundehund	NLUN									0				PRJNA648123	SAMN15625933	Illumina HiSeq 3000		European_Dogs		F		16.5987	9.26178							D		0	NorwegianLundehund04	Dogs	European_Dogs
NorwegianLundehund05	CRR037934	NorwegianLundehund05_31832	Canis	familiaris	Norwegian_Lundehund	NLUN									0				PRJNA648123	SAMN15625934	Illumina HiSeq 3000		European_Dogs		U		23.2982	23.2277	1.00303517						D		0	NorwegianLundehund05	Dogs	European_Dogs
NorwegianLundehund06	CRR037935	NorwegianLundehund06_31833	Canis	familiaris	Norwegian_Lundehund	NLUN									0				PRJNA648123	SAMN15625935	Illumina HiSeq 3000		European_Dogs		F		19.973	11.1094	1.79784687						D		0	NorwegianLundehund06	Dogs	European_Dogs
NorwichTerrier01	NW062	NorwichTerrier01	Canis	familiaris	Norwich_Terrier	NOWT									0				PRJEB16012	SAMEA104091550	Illumina HiSeq 3000		European_Dogs		F		16.5527	16.6827	0.9922075						D		0	NorwichTerrier01	Dogs	European_Dogs
NorwichTerrier02	NW152	NorwichTerrier02	Canis	familiaris	Norwich_Terrier	NOWT									0				PRJEB16012	SAMEA104091551	Illumina HiSeq 3000		European_Dogs		F		15.6565	15.848	0.98791646						D		0	NorwichTerrier02	Dogs	European_Dogs
NorwichTerrier03	NW206	NorwichTerrier03	Canis	familiaris	Norwich_Terrier	NOWT									0				PRJEB16012	SAMEA104091552	Illumina HiSeq 3000		European_Dogs		M		14.44	14.6576	0.98515446						D		0	NorwichTerrier03	Dogs	European_Dogs
NorwichTerrier04	NW255	NorwichTerrier04	Canis	familiaris	Norwich_Terrier	NOWT									0				PRJEB16012	SAMEA104091553	Illumina HiSeq 3000		European_Dogs				15.8182	8.94206	1.76896599						D		0	NorwichTerrier04	Dogs	European_Dogs
NorwichTerrier05	CRR078190	NorwichTerrier05_25012	Canis	familiaris	Norwich_Terrier	NOWT									0				PRJNA648123	SAMN15626067	Illumina HiSeq 3000		European_Dogs				17.6556	9.88487	1.78612364						D		0	NorwichTerrier05	Dogs	European_Dogs
NorwichTerrier06	CRR078191	NorwichTerrier06_25013	Canis	familiaris	Norwich_Terrier	NOWT									0				PRJNA648123	SAMN15626068	Illumina HiSeq 3000		European_Dogs		M		19.2068	11.3548	1.69151372						D		0	NorwichTerrier06	Dogs	European_Dogs
NovaScotiaDuckTollingRetriever01		NovaScotiaDuckTollingRetriever01	Canis	familiaris	Nova_Scotia_Duck_Tolling_Retriever	NSDT									0				PRJNA263947	SAMN03323675	Illumina HiSeq 2000		American_European_Dogs		F		24.1703	13.4861	1.79223793						D		0	NovaScotiaDuckTollingRetriever01	Dogs	European_Dogs
NovaScotiaDuckTollingRetriever02	CRR037867	NovaScotiaDuckTollingRetriever02_13604	Canis	familiaris	Nova_Scotia_Duck_Tolling_Retriever	NSDT									0				PRJNA648123	SAMN15625938	Illumina HiSeq 3000		American_European_Dogs		F		21.195	21.2218	0.99873715						D		0	NovaScotiaDuckTollingRetriever02	Dogs	European_Dogs
OldEnglishSheepdog01	CRR037825	OldEnglishSheepdog01_5990	Canis	familiaris	Old_English_Sheepdog	OES-									0				PRJNA648123	SAMN15625940	Illumina HiSeq 3000		European_Dogs		M		20.0252	19.9305	1.00475151						D		0	OldEnglishSheepdog01	Dogs	European_Dogs
OldEnglishSheepdog02	CRR037826	OldEnglishSheepdog02_6003	Canis	familiaris	Old_English_Sheepdog	OES-									0				PRJNA648123	SAMN15625941	Illumina HiSeq 3000		European_Dogs		F		21.0933	11.7007	1.8027383						D		0	OldEnglishSheepdog02	Dogs	European_Dogs
OldEnglishSheepdog03	CRR037827	OldEnglishSheepdog03_6014	Canis	familiaris	Old_English_Sheepdog	OES-									0				PRJNA648123	SAMN15625942	Illumina HiSeq 3000		European_Dogs		F		18.5639	18.5297	1.00184569						D		0	OldEnglishSheepdog03	Dogs	European_Dogs
Otterhound01	CRR037886	Otterhound01_26411	Canis	familiaris	Otterhound	OTTR									0				PRJNA648123	SAMN15625943	Illumina HiSeq 3000		European_Dogs		M		21.6901	21.7114	0.99901895						D		0	Otterhound01	Dogs	European_Dogs
Otterhound02	CRR037887	Otterhound02_26412	Canis	familiaris	Otterhound	OTTR									0				PRJNA648123	SAMN15625944	Illumina HiSeq 3000		European_Dogs		F		21.5449	12.2152	1.76377792						D		0	Otterhound02	Dogs	European_Dogs
Otterhound03	CRR037888	Otterhound03_26413	Canis	familiaris	Otterhound	OTTR									0				PRJNA648123	SAMN15625945	Illumina HiSeq 3000		European_Dogs				21.6344	21.8566	0.98983373						D		0	Otterhound03	Dogs	European_Dogs
Otterhound04		Otterhound04	Canis	familiaris	Otterhound	OTTR									0				PRJNA263947	SAMN10940772	HiSeq X Ten		European_Dogs		M		31.7403	17.7834	1.78482742						D		0	Otterhound04	Dogs	European_Dogs
Papillon01	CRR055103	Papillon01_22902	Canis	familiaris	Papillon	PAPI									0				PRJNA648123	SAMN15625946	Illumina HiSeq 3000		European_Dogs		M		20.4185	11.42	1.78795972						D		0	Papillon01	Dogs	European_Dogs
Papillon02	CRR055123	Papillon02_27882	Canis	familiaris	Papillon	PAPI									0				PRJNA648123	SAMN15625947	Illumina HiSeq 3000		European_Dogs				18.5956	10.1543	1.831303						D		0	Papillon02	Dogs	European_Dogs
ParsonsRussellTerrier01		ParsonsRussellTerrier01	Canis	familiaris	Parson_Russell_Terrier	PARS									0				PRJNA263947	SAMN10940824	HiSeq X Ten		European_Dogs				33.7944	33.9131	0.99649988						D		0	ParsonsRussellTerrier01	Dogs	European_Dogs
ParsonsRussellTerrier02	CRR078192	ParsonsRussellTerrier02_12325	Canis	familiaris	Parson_Russell_Terrier	PARS									0				PRJNA648123	SAMN15626069	Illumina HiSeq 3000		European_Dogs		F		23.8472	24.0159	0.99297549						D		0	ParsonsRussellTerrier02	Dogs	European_Dogs
Pekingese01		Pekingese01_23356	Canis	familiaris	Pekingese	PEKE									0				PRJNA288568	SAMN03801676	Illumina HiSeq 2000		East_Asian_Dogs				62.8757	63.6693	0.98753559			3/23/14			D		0	Pekingese01	Dogs	East_Asian_Dogs
Pekingese02	SRR10752627	Pekingese02	Canis	familiaris	Pekingese	PEKE									0				PRJNA263947	SAMN13655916	Illumina NovaSeq 6000		East_Asian_Dogs		M		40.9465	22.531	1.81734055						D		0	Pekingese02	Dogs	East_Asian_Dogs
PembrokeWelshCorgi01		PembrokeWelshCorgi01	Canis	familiaris	Pembroke_Welsh_Corgi	PEMB									0				PRJNA263947	SAMN03145702	Illumina HiSeq 2000		European_Dogs		F		15.29	9.29659	1.64468907						D		0	PembrokeWelshCorgi01	Dogs	European_Dogs
PembrokeWelshCorgi02		PembrokeWelshCorgi02	Canis	familiaris	Pembroke_Welsh_Corgi	PEMB									0				PRJNA263947	SAMN03145703	Illumina HiSeq 2000		European_Dogs		F		25.7358	25.9738	0.99083692						D		0	PembrokeWelshCorgi02	Dogs	European_Dogs
PembrokeWelshCorgi03		PembrokeWelshCorgi03	Canis	familiaris	Pembroke_Welsh_Corgi	PEMB									0				PRJNA263947	SAMN03145704	Illumina HiSeq 2000		European_Dogs		M		24.9934	25.1917	0.99212836						D		0	PembrokeWelshCorgi03	Dogs	European_Dogs
PembrokeWelshCorgi04		PembrokeWelshCorgi04_29405	Canis	familiaris	Pembroke_Welsh_Corgi	PEMB									0				PRJNA685036	SAMN17192091	Illumina NovaSeq 6000		European_Dogs		M		47.6823	26.365							D		0	PembrokeWelshCorgi04	Dogs	European_Dogs
PembrokeWelshCorgi05		PembrokeWelshCorgi05_33363	Canis	familiaris	Pembroke_Welsh_Corgi	PEMB									0				PRJNA685036	SAMN17192092	Illumina NovaSeq 6000		European_Dogs		M		29.9653	16.6325							D		0	PembrokeWelshCorgi05	Dogs	European_Dogs
PeruvianHairless01		PeruvianHairless01	Canis	familiaris	Peruvian_Inca_Orchid	PIOR									0				PRJNA266585	SAMN03168386	Illumina HiSeq 2000		American_Dogs				17.9257	10.0761	1.77903157						D		0	PeruvianHairless01	Dogs	Americas_Dogs
PeruvianVillageDog01	FAM006831	PeruvianVillageDog01	Canis	familiaris	Peruvian_Village_Dog										0								American_Dogs										"NOT TO BE USED. Bolivian not peruvian and sampling permissions trouble, should be excluded (excluded and to be changed as 'South American')"		D		0	PeruvianVillageDog01	Dogs	Americas_Dogs
PeruvianVillageDog02	FAM006832	PeruvianVillageDog02	Canis	familiaris	Peruvian_Village_Dog										0								American_Dogs										"NOT TO BE USED. Bolivian not peruvian and sampling permissions trouble, should be excluded (excluded and to be changed as 'South American')"		D		0	PeruvianVillageDog02	Dogs	Americas_Dogs
PeruvianVillageDog03	FAM006833	PeruvianVillageDog03	Canis	familiaris	Peruvian_Village_Dog										0								American_Dogs										"NOT TO BE USED. Bolivian not peruvian and sampling permissions trouble, should be excluded (excluded and to be changed as 'South American')"		D		0	PeruvianVillageDog03	Dogs	Americas_Dogs
PeruvianVillageDog04	FAM006834	PeruvianVillageDog04	Canis	familiaris	Peruvian_Village_Dog										0								American_Dogs										"NOT TO BE USED. Bolivian not peruvian and sampling permissions trouble, should be excluded (excluded and to be changed as 'South American')"		D		0	PeruvianVillageDog04	Dogs	Americas_Dogs
PeruvianVillageDog05	FAM006835	PeruvianVillageDog05	Canis	familiaris	Peruvian_Village_Dog										0								American_Dogs										"NOT TO BE USED. Bolivian not peruvian and sampling permissions trouble, should be excluded (excluded and to be changed as 'South American')"		D		0	PeruvianVillageDog05	Dogs	Americas_Dogs
PeruvianVillageDog06	FAM006836	PeruvianVillageDog06	Canis	familiaris	Peruvian_Village_Dog										0								American_Dogs										"NOT TO BE USED. Bolivian not peruvian and sampling permissions trouble, should be excluded (excluded and to be changed as 'South American')"		D		0	PeruvianVillageDog06	Dogs	Americas_Dogs
PeruvianVillageDog07	FAM006837	PeruvianVillageDog07	Canis	familiaris	Peruvian_Village_Dog										0								American_Dogs										"NOT TO BE USED. Bolivian not peruvian and sampling permissions trouble, should be excluded (excluded and to be changed as 'South American')"		D		0	PeruvianVillageDog07	Dogs	Americas_Dogs
PeruvianVillageDog08	FAM006838	PeruvianVillageDog08	Canis	familiaris	Peruvian_Village_Dog										0								American_Dogs		M								"NOT TO BE USED. Bolivian not peruvian and sampling permissions trouble, should be excluded (excluded and to be changed as 'South American')"		D		0	PeruvianVillageDog08	Dogs	Americas_Dogs
PetitBassetGriffonVendeen01		PetitBassetGriffonVendeen01	Canis	familiaris	Petit_Basset_Griffon_Vendeen	PBGV									0				PRJEB11835	SAMEA3723573	Illumina HiSeq 2500		European_Dogs		F		28.6226	16.0789	1.78013421						D		0	PetitBassetGriffonVendeen01	Dogs	European_Dogs
PetitBassetGriffonVendeen02	CRR037838	PetitBassetGriffonVendeen02_9402	Canis	familiaris	Petit_Basset_Griffon_Vendeen	PBGV									0				PRJNA648123	SAMN15625948	Illumina HiSeq 3000		European_Dogs		M		21.2874	21.3245	0.99826022						D		0	PetitBassetGriffonVendeen02	Dogs	European_Dogs
PetitBassetGriffonVendeen03	CRR037839	PetitBassetGriffonVendeen03_9419	Canis	familiaris	Petit_Basset_Griffon_Vendeen	PBGV									0				PRJNA648123	SAMN15625949	Illumina HiSeq 3000		European_Dogs		M		18.5869	10.2037	1.82158433						D		0	PetitBassetGriffonVendeen03	Dogs	European_Dogs
PetitBassetGriffonVendeen04	CRR037852	PetitBassetGriffonVendeen04_12353	Canis	familiaris	Petit_Basset_Griffon_Vendeen	PBGV									0				PRJNA648123	SAMN15625950	Illumina HiSeq 3000		European_Dogs				19.2388	10.6583	1.80505334						D		0	PetitBassetGriffonVendeen04	Dogs	European_Dogs
PetitBassetGriffonVendeen05	CRR078193	PetitBassetGriffonVendeen05_11478	Canis	familiaris	Petit_Basset_Griffon_Vendeen	PBGV									0				PRJNA648123	SAMN15626077	Illumina HiSeq 3000		European_Dogs		F		17.6385	9.91134	1.77962818						D		0	PetitBassetGriffonVendeen05	Dogs	European_Dogs
PharaohHound01	CRR037896	PharaohHound01_27778	Canis	familiaris	Pharaoh_Hound	PHAR									0				PRJNA648123	SAMN15625951	Illumina HiSeq 3000		European_Dogs		F		18.6039	18.7365	0.9929229						D		0	PharaohHound01	Dogs	European_Dogs
PharaohHound02	CRR037897	PharaohHound02_27788	Canis	familiaris	Pharaoh_Hound	PHAR									0				PRJNA648123	SAMN15625952	Illumina HiSeq 3000		European_Dogs				20.0529	20.072	0.99904843						D		0	PharaohHound02	Dogs	European_Dogs
PharaohHound03	CRR037898	PharaohHound03_27789	Canis	familiaris	Pharaoh_Hound	PHAR									0				PRJNA648123	SAMN15625953	Illumina HiSeq 3000		European_Dogs		F		19.5405	19.6388	0.9949946						D		0	PharaohHound03	Dogs	European_Dogs
PhuquocRidgeback01		PhuquocRidgeback01_34142	Canis	familiaris	Phuquoc_Ridgeback	PQRB									0				PRJNA685036	SAMN17192093	Illumina NovaSeq 6000		East_Asian_Dogs		F		23.9089	23.9136				6/19/19			D		0	PhuquocRidgeback01	Dogs	East_Asian_Dogs
PhuquocRidgeback02		PhuquocRidgeback02_34878	Canis	familiaris	Phuquoc_Ridgeback	PQRB									0				PRJNA685036	SAMN17192094	Illumina NovaSeq 6000		East_Asian_Dogs		M		31.0294	31.0872				6/19/19			D		0	PhuquocRidgeback02	Dogs	East_Asian_Dogs
PhuquocRidgeback03		PhuquocRidgeback03_34880	Canis	familiaris	Phuquoc_Ridgeback	PQRB									0				PRJNA685036	SAMN17192095	Illumina NovaSeq 6000		East_Asian_Dogs				26.8014	14.7366				6/19/19			D		0	PhuquocRidgeback03	Dogs	East_Asian_Dogs
PitBullTerrier01		PitBullTerrier01	Canis	familiaris	Pit_Bull_Terrier	PITB									0				PRJNA263947	SAMN10940788	Illumina NextSeq 500		European_Dogs				29.4844	29.7029	0.99264382						D		0	PitBullTerrier01	Dogs	European_Dogs
PitBullTerrier02		PitBullTerrier02	Canis	familiaris	Pit_Bull_Terrier	PITB									0				PRJNA263947	SAMN10940795	Illumina NovaSeq 6000		European_Dogs		M		28.4013	28.2659	1.00479022						D		0	PitBullTerrier02	Dogs	European_Dogs
PitBullTerrier03	SRR10077562	PitBullTerrier03	Canis	familiaris	Pit_Bull_Terrier	PITB									0				PRJNA263947	SAMN12700538	Illumina NovaSeq 6000		European_Dogs		M		45.8971	25.407	1.80647459						D		0	PitBullTerrier03	Dogs	European_Dogs
PitBullTerrier04	SRR10077565	PitBullTerrier04	Canis	familiaris	Pit_Bull_Terrier	PITB									0				PRJNA263947	SAMN12700532	NextSeq 500		European_Dogs		M		22.9637	12.8012	1.79387089						D		0	PitBullTerrier04	Dogs	European_Dogs
Pointer01	CRR037875	Pointer01_15390	Canis	familiaris	Pointer	PNTR									0				PRJNA648123	SAMN15625836	Illumina HiSeq 3000		European_Dogs		F		18.5216	10.4195	1.7775901						D		0	Pointer01	Dogs	European_Dogs
Pointer02	CRR037876	Pointer02_15391	Canis	familiaris	Pointer	PNTR									0				PRJNA648123	SAMN15625837	Illumina HiSeq 3000		European_Dogs		F		21.0399	21.0642	0.99884638						D		0	Pointer02	Dogs	European_Dogs
Pointer03	CRR037894	Pointer03_27378	Canis	familiaris	Pointer	PNTR									0				PRJNA648123	SAMN15625838	Illumina HiSeq 3000		European_Dogs		M		19.2361	19.1914	1.00232917						D		0	Pointer03	Dogs	European_Dogs
Pointer04		Pointer04	Canis	familiaris	Pointer	PNTR									0				PRJNA263947	SAMN10940800	Illumina NovaSeq 6000		European_Dogs				36.6234	20.4209	1.79342732						D		0	Pointer04	Dogs	European_Dogs
Pointer05	CRR078194	Pointer05_9031	Canis	familiaris	Pointer	PNTR									0				PRJNA648123	SAMN15626070	Illumina HiSeq 3000		European_Dogs				16.8769	9.56711	1.76405414						D		0	Pointer05	Dogs	European_Dogs
Pointer06	CRR078195	Pointer06_20568	Canis	familiaris	Pointer	PNTR									0				PRJNA648123	SAMN15626071	Illumina HiSeq 3000		European_Dogs				15.2074	8.54523	1.77963612						D		0	Pointer06	Dogs	European_Dogs
Pointer07	CRR078196	Pointer07_24730	Canis	familiaris	Pointer	PNTR									0				PRJNA648123	SAMN15626072	Illumina HiSeq 3000		European_Dogs		M		17.5077	18.5922	0.94166909						D		0	Pointer07	Dogs	European_Dogs
Pomeranian01		Pomeranian01	Canis	familiaris	Pomeranian	POM-									0				PRJEB16012	SAMEA4506892	Illumina HiSeq 2500		European_Dogs		M		23.7149	13.3859	1.77163284						D		0	Pomeranian01	Dogs	European_Dogs
Pomeranian02		Pomeranian02	Canis	familiaris	Pomeranian	POM-									0				PRJNA263947	SAMN10940780	Illumina HiSeq X Ten		European_Dogs				36.9116	20.504	1.80021459						D		0	Pomeranian02	Dogs	European_Dogs
Pomeranian03	CRR078197	Pomeranian03_8521	Canis	familiaris	Pomeranian	POM-									0				PRJNA648123	SAMN15626073	Illumina HiSeq 3000		European_Dogs		M		17.3703	9.71834	1.78737315						D		0	Pomeranian03	Dogs	European_Dogs
PortuguesePodengo01		PortuguesePodengo01	Canis	familiaris	Portuguese_Podengo										0				PRJNA263947	SAMN03580388	Illumina HiSeq 2000		European_Dogs		M		28.344	16.1323	1.75697204						D		0	PortuguesePodengo01	Dogs	European_Dogs
PortuguesePodengoPequeno01	CRR037948	PortuguesePodengoPequeno01_33229	Canis	familiaris	Portuguese_Podengo_Pequeno	POPO									0				PRJNA648123	SAMN15625954	Illumina HiSeq 3000		European_Dogs				18.7172	10.4256	1.79531154						D		0	PortuguesePodengoPequeno01	Dogs	European_Dogs
PortuguesePodengoPequeno02	CRR078198	PortuguesePodengoPequeno02_34432	Canis	familiaris	Portuguese_Podengo_Pequeno	POPO									0				PRJNA648123	SAMN15625955	Illumina HiSeq 3000		European_Dogs		F		17.5676	9.86336	1.78109691						D		0	PortuguesePodengoPequeno02	Dogs	European_Dogs
PortugueseWaterDog01		PortugueseWaterDog01_4528	Canis	familiaris	Portuguese_Water_Dog	PTWD									0				PRJNA448733	SAMN08873219	Illumina HiSeq 2500		European_Dogs		F		43.4287	44.2737	0.98091418			7/21/15			D		0	PortugueseWaterDog01	Dogs	European_Dogs
PortugueseWaterDog02		PortugueseWaterDog02_30033	Canis	familiaris	Portuguese_Water_Dog	PTWD									0				PRJNA448733	SAMN08873220	Illumina HiSeq 2500		European_Dogs		F		56.157	56.9634	0.98584354			2/26/17			D		0	PortugueseWaterDog02	Dogs	European_Dogs
PortugueseWaterDog03		PortugueseWaterDog03_30003	Canis	familiaris	Portuguese_Water_Dog	PTWD									0				PRJNA448733	SAMN08873221	Illumina HiSeq 2500		European_Dogs		F		15.0396	15.2682	0.98502771			4/27/17			D		0	PortugueseWaterDog03	Dogs	European_Dogs
PortugueseWaterDog04		PortugueseWaterDog04_29986	Canis	familiaris	Portuguese_Water_Dog	PTWD									0				PRJNA448733	SAMN08873222	Illumina HiSeq 2500		European_Dogs		M		18.8121	19.0659	0.98668828			4/27/17			D		0	PortugueseWaterDog04	Dogs	European_Dogs
PortugueseWaterDog05		PortugueseWaterDog05_29934	Canis	familiaris	Portuguese_Water_Dog	PTWD									0				PRJNA448733	SAMN08873223	Illumina HiSeq 2500		European_Dogs		F		23.6319	13.2009	1.7901734			4/27/17			D		0	PortugueseWaterDog05	Dogs	European_Dogs
PortugueseWaterDog06		PortugueseWaterDog06_29907	Canis	familiaris	Portuguese_Water_Dog	PTWD									0				PRJNA448733	SAMN08873224	Illumina HiSeq 2500		European_Dogs		M		15.8024	16.1045	0.98124127			4/27/17			D		0	PortugueseWaterDog06	Dogs	European_Dogs
PortugueseWaterDog07		PortugueseWaterDog07_30187	Canis	familiaris	Portuguese_Water_Dog	PTWD									0				PRJNA448733	SAMN08873225	Illumina HiSeq 2500		European_Dogs		M		21.8059	12.3352	1.76777839			4/27/17			D		0	PortugueseWaterDog07	Dogs	European_Dogs
PortugueseWaterDog08		PortugueseWaterDog08_29911	Canis	familiaris	Portuguese_Water_Dog	PTWD									0				PRJNA448733	SAMN08873226	Illumina HiSeq 2500		European_Dogs				19.6886	10.9215	1.80273772			4/27/17			D		0	PortugueseWaterDog08	Dogs	European_Dogs
PortugueseWaterDog09	CRR078200	PortugueseWaterDog09_30157	Canis	familiaris	Portuguese_Water_Dog	PTWD									0				PRJNA448733	SAMN08873227	Illumina HiSeq 2500		European_Dogs		M		19.901	11.129	1.78821098						D		0	PortugueseWaterDog09	Dogs	European_Dogs
PortugueseWaterDog09_Reseq	CRR078200	PortugueseWaterDog09_Reseq_30157	Canis	familiaris	Portuguese_Water_Dog	PTWD									0				PRJNA648123	SAMN15625957	Illumina HiSeq 3000		European_Dogs		M		19.901	11.129	1.78821098						D		0	PortugueseWaterDog09_Reseq	Dogs	European_Dogs
PortugueseWaterDog10		PortugueseWaterDog10_29901	Canis	familiaris	Portuguese_Water_Dog	PTWD									0				PRJNA448733	SAMN08873228	Illumina HiSeq 2500		European_Dogs		F		15.7001	8.87075	1.7698729			4/27/17			D		0	PortugueseWaterDog10	Dogs	European_Dogs
PortugueseWaterDog11		PortugueseWaterDog11_30165	Canis	familiaris	Portuguese_Water_Dog	PTWD									0				PRJNA448733	SAMN08873229	Illumina HiSeq 2500		European_Dogs		F		22.474	22.773	0.98687042			4/27/17			D		0	PortugueseWaterDog11	Dogs	European_Dogs
PortugueseWaterDog12	SRR10077577	PortugueseWaterDog12	Canis	familiaris	Portuguese_Water_Dog	PTWD									0				PRJNA263947	SAMN12700530	NextSeq 500		European_Dogs				29.3123	29.6659	0.98808059						D		0	PortugueseWaterDog12	Dogs	European_Dogs
PortugueseWaterDog13	CRR078199	PortugueseWaterDog13_5834	Canis	familiaris	Portuguese_Water_Dog	PTWD									0				PRJNA648123	SAMN15625956	Illumina HiSeq 3000		European_Dogs				17.3044	9.65157	1.79291038						D		0	PortugueseWaterDog13	Dogs	European_Dogs
PortugueseWaterDog15	CRR078201	PortugueseWaterDog15_34618	Canis	familiaris	Portuguese_Water_Dog	PTWD									0				PRJNA648123	SAMN15625958	Illumina HiSeq 3000		European_Dogs		M		17.7703	9.90427	1.79420593						D		0	PortugueseWaterDog15	Dogs	European_Dogs
Pug01		Pug01	Canis	familiaris	Pug	PUG									0				PRJNA288568	SAMN03801678	Illumina Genome Analyzer IIx		East_Asian_Dogs		M		4.96094	3.03317	1.63556279						D		0	Pug01	Dogs	East_Asian_Dogs
Pug02		Pug02	Canis	familiaris	Pug	PUG									0				PRJNA288568	SAMN03801679	Illumina Genome Analyzer IIx		East_Asian_Dogs		M		5.10828	3.12347	1.63545032						D		0	Pug02	Dogs	East_Asian_Dogs
Pug03		Pug03	Canis	familiaris	Pug	PUG									0				PRJNA288568	SAMN03801680	Illumina Genome Analyzer IIx		East_Asian_Dogs		F		9.29811	5.47782	1.69741065						D		0	Pug03	Dogs	East_Asian_Dogs
Pug04		Pug04	Canis	familiaris	Pug	PUG									0				PRJNA288568	SAMN03801681	Illumina Genome Analyzer IIx		East_Asian_Dogs		M		7.51093	7.20376	1.04264023						D		0	Pug04	Dogs	East_Asian_Dogs
Pug05		Pug05	Canis	familiaris	Pug	PUG									0				PRJNA288568	SAMN03801682	Illumina Genome Analyzer IIx		East_Asian_Dogs		F		15.1978	8.67905	1.75109027						D		0	Pug05	Dogs	East_Asian_Dogs
Pug06	SRR10077551	Pug06	Canis	familiaris	Pug	PUG									0				PRJNA263947	SAMN12700548	Illumina NovaSeq 6000		East_Asian_Dogs				51.9719	51.8791	1.00178877						D		0	Pug06	Dogs	East_Asian_Dogs
Pug07	SRR10752644	Pug07	Canis	familiaris	Pug	PUG									0				PRJNA263947	SAMN13655900	Illumina NovaSeq 6000		East_Asian_Dogs		M		30.9097	30.8017	1.0035063						D		0	Pug07	Dogs	East_Asian_Dogs
Puli01		Puli01_27429	Canis	familiaris	Puli	PULI									0				PRJNA685036	SAMN17192096	Illumina NovaSeq 6000		European_Dogs				47.6789	26.3565							D		0	Puli01	Dogs	European_Dogs
Pumi01	CRR078202	Pumi01_29689	Canis	familiaris	Pumi	PUMI									0				PRJNA726547	SAMN29012015	Illumina NovaSeq 6000		European_Dogs				18.124	10.2061	1.77580075						D		0	Pumi01	Dogs	European_Dogs
Pumi01_Reseq	CRR078202	Pumi01_Reseq_29689	Canis	familiaris	Pumi	PUMI									0				PRJNA648123	SAMN15625959	Illumina HiSeq 3000		European_Dogs				18.124	10.2061	1.77580075						D		0	Pumi01_Reseq	Dogs	European_Dogs
Pumi02	CRR078203	Pumi02_29695	Canis	familiaris	Pumi	PUMI									0				PRJNA648123	SAMN15625960	Illumina HiSeq 3000		European_Dogs				17.2672	17.4863	0.98747019						D		0	Pumi02	Dogs	European_Dogs
Pumi03	CRR078204	Pumi03_29697	Canis	familiaris	Pumi	PUMI									0				PRJNA648123	SAMN15625961	Illumina HiSeq 3000		European_Dogs		M		18.0744	10.1149	1.78690842						D		0	Pumi03	Dogs	European_Dogs
QingchuanDog01		QingchuanDog01	Canis	familiaris	Qingchuan_Dog										0				PRJNA232497	SAMN02485577	Illumina HiSeq 2000		East_Asian_Dogs		F		6.95494	4.06525	1.71082713						D		0	QingchuanDog01	Dogs	East_Asian_Dogs
QuebecWolf		QuebecWolf	Canis	lupus	Wolf	Wolf									0				PRJNA331222	SAMN05736724	Illumina HiSeq 2000		North_American_Wolves				6.66528	8.37804	0.79556555						W		0	QuebecWolf	North_American_Wolves	Wolves
RedWolf03	RedWolf_RW3	RedWolf03	Canis	rufus	Red_Wolf										0				PRJNA496590	SAMN10246099	Illumina HiSeq 2500		Red_Eastern_Wolves												R		0	RedWolf03	North_American_Wolves	Wolves
RedWolf04	RedWolf762	RedWolf04	Canis	rufus	Red_Wolf										0				PRJNA331222	SAMN05931654	Illumina HiSeq 2000		Red_Eastern_Wolves												R		0	RedWolf04	North_American_Wolves	Wolves
RhodesianRidgeback01		RhodesianRidgeback01	Canis	familiaris	Rhodesian_Ridgeback	RHOD									0				PRJNA288568	SAMN03801683	Illumina Genome Analyzer IIx		African_NearEast_India_Dogs		F		21.4669	21.811	0.98422356						D		0	RhodesianRidgeback01	Dogs	African_NearEast_India_Dogs
RhodesianRidgeback02		RhodesianRidgeback02	Canis	familiaris	Rhodesian_Ridgeback	RHOD									0				PRJEB16012	SAMEA4504822	Illumina HiSeq 2000		African_NearEast_India_Dogs		F		16.422	16.6715	0.98503434						D		0	RhodesianRidgeback02	Dogs	African_NearEast_India_Dogs
RhodesianRidgeback03		RhodesianRidgeback03	Canis	familiaris	Rhodesian_Ridgeback	RHOD									0				PRJEB16012	SAMEA4505495	Illumina HiSeq 2000		African_NearEast_India_Dogs		F		9.99839	9.88507	1.01146375						D		0	RhodesianRidgeback03	Dogs	African_NearEast_India_Dogs
RhodesianRidgeback04		RhodesianRidgeback04	Canis	familiaris	Rhodesian_Ridgeback	RHOD									0				PRJNA357866	SAMN06161404	Illumina HiSeq 2500		African_NearEast_India_Dogs		F		24.1474	24.472	0.98673586						D		0	RhodesianRidgeback04	Dogs	African_NearEast_India_Dogs
RhodesianRidgeback05	RR098	RhodesianRidgeback05	Canis	familiaris	Rhodesian_Ridgeback	RHOD									0				PRJEB16012	SAMEA104091554	Illumina HiSeq 3000		African_NearEast_India_Dogs		M		26.9249	27.1795	0.99063265						D		0	RhodesianRidgeback05	Dogs	African_NearEast_India_Dogs
RhodesianRidgeback06	CRR037881	RhodesianRidgeback06_21531	Canis	familiaris	Rhodesian_Ridgeback	RHOD									0				PRJNA648123	SAMN15625962	Illumina HiSeq 3000		African_NearEast_India_Dogs		M		19.9121	11.1358	1.78811581						D		0	RhodesianRidgeback06	Dogs	African_NearEast_India_Dogs
RhodesianRidgeback07	CRR037943	RhodesianRidgeback07_33172	Canis	familiaris	Rhodesian_Ridgeback	RHOD									0				PRJNA648123	SAMN15625991	Illumina HiSeq 3000		African_NearEast_India_Dogs		M		19.0126	10.5635	1.79983907						D		0	RhodesianRidgeback07	Dogs	African_NearEast_India_Dogs
RhodesianRidgeback08		RhodesianRidgeback08	Canis	familiaris	Rhodesian_Ridgeback	RHOD									0				PRJNA263947	SAMN10940814	HiSeq X Ten		African_NearEast_India_Dogs		F		36.1546	20.0405							D		0	RhodesianRidgeback08	Dogs	African_NearEast_India_Dogs
Rottweiler01		Rottweiler01_21895	Canis	familiaris	Rottweiler	ROTT									0				PRJNA288568	SAMN03801684	Illumina HiSeq 2000		European_Dogs		M		39.2079	39.9453	0.98153976			11/27/13			D		0	Rottweiler01	Dogs	European_Dogs
Rottweiler02		Rottweiler02	Canis	familiaris	Rottweiler	ROTT									0				PRJEB7735	SAMEA3121337	Illumina HiSeq 2000		European_Dogs		F		12.9132	7.29145	1.77100577						D		0	Rottweiler02	Dogs	European_Dogs
Rottweiler03		Rottweiler03	Canis	familiaris	Rottweiler	ROTT									0				PRJNA263947	SAMN03323674	Illumina HiSeq 2000		European_Dogs		F		29.1423	29.4628	0.98912188						D		0	Rottweiler03	Dogs	European_Dogs
Rottweiler04		Rottweiler04_30461	Canis	familiaris	Rottweiler	ROTT									0				PRJNA448733	SAMN08873251	Illumina HiSeq 2500		European_Dogs		F		52.5269	52.9223	0.99252867			09/10/2015			D		0	Rottweiler04	Dogs	European_Dogs
Rottweiler05	165414_S20	Rottweiler05	Canis	familiaris	Rottweiler	ROTT									0				PRJNA448733	SAMN08873243	Illumina HiSeq 2500		European_Dogs		M		32.2988	31.6658	1.01999002						D		0	Rottweiler05	Dogs	European_Dogs
Rottweiler06	168979_S18	Rottweiler06	Canis	familiaris	Rottweiler	ROTT									0				PRJNA448733	SAMN08873244	Illumina HiSeq 2500		European_Dogs		M		34.8861	19.3209	1.80561465						D		0	Rottweiler06	Dogs	European_Dogs
Rottweiler07	171515_S19	Rottweiler07	Canis	familiaris	Rottweiler	ROTT									0				PRJNA448733	SAMN08873245	Illumina HiSeq 2500		European_Dogs		F		32.4797	17.7377	1.83111114						D		0	Rottweiler07	Dogs	European_Dogs
Rottweiler08	AND10232010_S17	Rottweiler08	Canis	familiaris	Rottweiler	ROTT									0				PRJNA448733	SAMN08873246	Illumina HiSeq 2500		European_Dogs		F		15.8649	15.795	1.00442545						D		0	Rottweiler08	Dogs	European_Dogs
Rottweiler09	LEW02122013_S15	Rottweiler09	Canis	familiaris	Rottweiler	ROTT									0				PRJNA448733	SAMN08873247	Illumina HiSeq 2500		European_Dogs		F		22.8315	22.8589	0.99880134						D		0	Rottweiler09	Dogs	European_Dogs
Rottweiler10	WS42321902_S16	Rottweiler10	Canis	familiaris	Rottweiler	ROTT									0				PRJNA448733	SAMN08873252			European_Dogs				29.0945	28.7142	1.01324432						D		0	Rottweiler10	Dogs	European_Dogs
Rottweiler11		Rottweiler11_25111	Canis	familiaris	Rottweiler	ROTT									0				PRJNA685036	SAMN17192097	Illumina NovaSeq 6000		European_Dogs		M		29.0912	16.1571				6/19/19			D		0	Rottweiler11	Dogs	European_Dogs
Rottweiler12		Rottweiler12_25123	Canis	familiaris	Rottweiler	ROTT									0				PRJNA685036	SAMN17192098	Illumina NovaSeq 6000		European_Dogs		F		37.4189	20.7458				6/19/19			D		0	Rottweiler12	Dogs	European_Dogs
SaintBernard01		SaintBernard01_1075	Canis	familiaris	Saint_Bernard	STBD									0				PRJNA288568	SAMN03801685	Illumina HiSeq 2000		European_Dogs		M		40.8957	41.7677	0.97912262			11/27/13			D		0	SaintBernard01	Dogs	European_Dogs
SaintBernard02		SaintBernard02	Canis	familiaris	Saint_Bernard	STBD									0				PRJNA263947	SAMN03580386	Illumina HiSeq 2000		European_Dogs				22.4357	12.938	1.73409337						D		0	SaintBernard02	Dogs	European_Dogs
SaintBernard03	ERR2750972	SaintBernard03	Canis	familiaris	Saint_Bernard	STBD									0				PRJEB16012	SAMEA4848703	Illumina HiSeq 3000		European_Dogs				21.9263	12.2802	1.78550024						D		0	SaintBernard03	Dogs	European_Dogs
SaintBernard04	CRR078205	SaintBernard04_12750	Canis	familiaris	Saint_Bernard	STBD									0				PRJNA648123	SAMN15626010	Illumina HiSeq 3000		European_Dogs				18.674	10.3832	1.79848216						D		0	SaintBernard04	Dogs	European_Dogs
SaintBernard05	CRR078206	SaintBernard05_12751	Canis	familiaris	Saint_Bernard	STBD									0				PRJNA648123	SAMN15626011	Illumina HiSeq 3000		European_Dogs				17.4394	17.5662	0.99278159						D		0	SaintBernard05	Dogs	European_Dogs
SaintBernard06	CRR078207	SaintBernard06_12749	Canis	familiaris	Saint_Bernard	STBD									0				PRJNA648123	SAMN15626009	Illumina HiSeq 3000		European_Dogs		F		18.5935	10.3853	1.79036715						D		0	SaintBernard06	Dogs	European_Dogs
Saluki01		Saluki01_1233	Canis	familiaris	Saluki	SALU									0				PRJNA288568	SAMN03801686	Illumina HiSeq 2000		African_NearEast_India_Dogs		M		66.4792	68.0558	0.97683372			3/23/14			D		0	Saluki01	Dogs	African_NearEast_India_Dogs
Saluki02		Saluki02	Canis	familiaris	Saluki	SALU									0				PRJNA288568	SAMN03801687	Illumina Genome Analyzer IIx		African_NearEast_India_Dogs		M		22.3201	12.6691	1.76177471						D		0	Saluki02	Dogs	African_NearEast_India_Dogs
Saluki03		Saluki03	Canis	familiaris	Saluki	SALU									0				PRJEB16012	SAMEA4504825	Illumina HiSeq 2500		African_NearEast_India_Dogs		F		15.9266	9.12617	1.74515706						D		0	Saluki03	Dogs	African_NearEast_India_Dogs
Samoyed01		Samoyed01_176	Canis	familiaris	Samoyed	SAMO									0				PRJNA448733	SAMN08873258	Illumina HiSeq 2500		Arctic_Dogs		F		51.3711	52.7163	0.97448228			10/29/14			D		0	Samoyed01	Dogs	Arctic_Dogs
Samoyed02		Samoyed02	Canis	familiaris	Samoyed	SAMO									0				PRJNA266585	SAMN03168388	Illumina HiSeq 2000		Arctic_Dogs		F		17.7969	18.1472	0.98069675						D		0	Samoyed02	Dogs	Arctic_Dogs
Samoyed03	CRR055093	Samoyed03_14503	Canis	familiaris	Samoyed	SAMO									0				PRJNA648123	SAMN15625966	Illumina HiSeq 3000		Arctic_Dogs		F		18.3191	18.0104	1.0171401						D		0	Samoyed03	Dogs	Arctic_Dogs
Samoyed04	CRR055161	Samoyed04_33261	Canis	familiaris	Samoyed	SAMO									0				PRJNA648123	SAMN15625968	Illumina HiSeq 3000		Arctic_Dogs				19.3202	19.3389	0.99903304						D		0	Samoyed04	Dogs	Arctic_Dogs
Samoyed05	CRR078208	Samoyed05_33260	Canis	familiaris	Samoyed	SAMO									0				PRJNA648123	SAMN15625967	Illumina HiSeq 3000		Arctic_Dogs		F		17.6448	17.6213	1.00133361						D		0	Samoyed05	Dogs	Arctic_Dogs
Schipperke01	CRR037941	Schipperke01_33120	Canis	familiaris	Schipperke	SCHP									0				PRJNA648123	SAMN15625990	Illumina HiSeq 3000		European_Dogs		F		22.5976	22.5287	1.00305832						D		0	Schipperke01	Dogs	European_Dogs
Schipperke02	CRR037942	Schipperke02_33150	Canis	familiaris	Schipperke	SCHP									0				PRJNA648123	SAMN15625774	Illumina HiSeq 3000		European_Dogs		M		17.66	17.7568	0.99454857						D		0	Schipperke02	Dogs	European_Dogs
ScottishDeerhound01		ScottishDeerhound01	Canis	familiaris	Scottish_Deerhound	DEER									0				PRJNA263947	SAMN03580401	Illumina HiSeq 2000		European_Dogs		F		25.1356	14.0654	1.78705192						D		0	ScottishDeerhound01	Dogs	European_Dogs
ScottishDeerhound02		ScottishDeerhound02_31237	Canis	familiaris	Scottish_Deerhound	DEER									0				PRJNA685036	SAMN17192099	Illumina NovaSeq 6000		European_Dogs									12/03/2018			D		0	ScottishDeerhound02	Dogs	European_Dogs
ScottishDeerhound03		ScottishDeerhound03_31238	Canis	familiaris	Scottish_Deerhound	DEER									0				PRJNA685036	SAMN17192100	Illumina NovaSeq 6000		European_Dogs									12/03/2018			D		0	ScottishDeerhound03	Dogs	European_Dogs
ScottishDeerhound04		ScottishDeerhound04_31239	Canis	familiaris	Scottish_Deerhound	DEER									0				PRJNA685036	SAMN17192101	Illumina NovaSeq 6000		European_Dogs									12/03/2018			D		0	ScottishDeerhound04	Dogs	European_Dogs
ScottishDeerhound05		ScottishDeerhound05_31240	Canis	familiaris	Scottish_Deerhound	DEER									0				PRJNA685036	SAMN17192102	Illumina NovaSeq 6000		European_Dogs		F							12/03/2018			D		0	ScottishDeerhound05	Dogs	European_Dogs
ScottishDeerhound06		ScottishDeerhound06_34132	Canis	familiaris	Scottish_Deerhound	DEER									0				PRJNA576632	SAMN12999906	Illumina NovaSeq 6000		European_Dogs		F		48.2792	48.2411				12/03/2018			D		0	ScottishDeerhound06	Dogs	European_Dogs
ScottishDeerhound07		ScottishDeerhound07_34144	Canis	familiaris	Scottish_Deerhound	DEER									0				PRJNA576632	SAMN12999907	Illumina NovaSeq 6000		European_Dogs		F		42.1144	42.2147				12/03/2018			D		0	ScottishDeerhound07	Dogs	European_Dogs
ScottishDeerhound08		ScottishDeerhound08_34149	Canis	familiaris	Scottish_Deerhound	DEER									0				PRJNA576632	SAMN12999908	Illumina NovaSeq 6000		European_Dogs		F		54.8684	54.7545				12/03/2018			D		0	ScottishDeerhound08	Dogs	European_Dogs
ScottishDeerhound09		ScottishDeerhound09_34151	Canis	familiaris	Scottish_Deerhound	DEER									0				PRJNA576632	SAMN12999909	Illumina NovaSeq 6000		European_Dogs		F		49.5756	49.4493				12/03/2018			D		0	ScottishDeerhound09	Dogs	European_Dogs
ScottishDeerhound10		ScottishDeerhound10_34154	Canis	familiaris	Scottish_Deerhound	DEER									0				PRJNA576632	SAMN12999910	Illumina NovaSeq 6000		European_Dogs		F		51.0758	50.9543				12/03/2018			D		0	ScottishDeerhound10	Dogs	European_Dogs
ScottishDeerhound11		ScottishDeerhound11_34155	Canis	familiaris	Scottish_Deerhound	DEER									0				PRJNA576632	SAMN12999911	Illumina NovaSeq 6000		European_Dogs		F		48.6814	48.6205				12/03/2018			D		0	ScottishDeerhound11	Dogs	European_Dogs
ScottishTerrier01		ScottishTerrier01_8542	Canis	familiaris	Scottish_Terrier	SCOT									0				PRJNA288568	SAMN03801688	Illumina HiSeq 2000		European_Dogs		M		52.2791	52.5694	0.99447778			3/23/14			D		0	ScottishTerrier01	Dogs	European_Dogs
ScottishTerrier02		ScottishTerrier02_9025	Canis	familiaris	Scottish_Terrier	SCOT									0				PRJNA448733	SAMN08873262	Illumina HiSeq 2500		European_Dogs		F		44.9092	25.2648	1.77754029			10/29/14			D		0	ScottishTerrier02	Dogs	European_Dogs
ScottishTerrier03		ScottishTerrier03	Canis	familiaris	Scottish_Terrier	SCOT									0				PRJNA263947	SAMN03580394	Illumina HiSeq 2000		European_Dogs		F		36.1374	36.0209	1.00323423						D		0	ScottishTerrier03	Dogs	European_Dogs
ScottishTerrier04		ScottishTerrier04	Canis	familiaris	Scottish_Terrier	SCOT									0				PRJNA448733	SAMN08873264	Illumina HiSeq 2500		European_Dogs		F		24.256	24.4397	0.99248354						D		0	ScottishTerrier04	Dogs	European_Dogs
ScottishTerrier05		ScottishTerrier05_7790	Canis	familiaris	Scottish_Terrier	SCOT									0				PRJNA685036	SAMN17192103	Illumina NovaSeq 6000		European_Dogs		F										D		0	ScottishTerrier05	Dogs	European_Dogs
ScottishTerrier06		ScottishTerrier06_8403	Canis	familiaris	Scottish_Terrier	SCOT									0				PRJNA685036	SAMN17192104	Illumina NovaSeq 6000		European_Dogs		M										D		0	ScottishTerrier06	Dogs	European_Dogs
ScottishTerrier07		ScottishTerrier07_10701	Canis	familiaris	Scottish_Terrier	SCOT									0				PRJNA685036	SAMN17192105	Illumina NovaSeq 6000		European_Dogs		F		43.0611								D		0	ScottishTerrier07	Dogs	European_Dogs
ScottishTerrier08		ScottishTerrier08_20082	Canis	familiaris	Scottish_Terrier	SCOT									0				PRJNA685036	SAMN17192106	Illumina NovaSeq 6000		European_Dogs		F										D		0	ScottishTerrier08	Dogs	European_Dogs
ScottishTerrier09		ScottishTerrier09_20125	Canis	familiaris	Scottish_Terrier	SCOT									0				PRJNA685036	SAMN17192107	Illumina NovaSeq 6000		European_Dogs		M		56.347								D		0	ScottishTerrier09	Dogs	European_Dogs
ScottishTerrier10		ScottishTerrier10_28349	Canis	familiaris	Scottish_Terrier	SCOT									0				PRJNA685036	SAMN17192108	Illumina NovaSeq 6000		European_Dogs		F										D		0	ScottishTerrier10	Dogs	European_Dogs
ScottishTerrier11		ScottishTerrier11_29815	Canis	familiaris	Scottish_Terrier	SCOT									0				PRJNA685036	SAMN17192109	Illumina NovaSeq 6000		European_Dogs		F										D		0	ScottishTerrier11	Dogs	European_Dogs
SealyhamTerrier01	CRR055158	SealyhamTerrier01_33230	Canis	familiaris	Sealyham_Terrier	SEAL									0				PRJNA648123	SAMN15625969	Illumina HiSeq 3000		European_Dogs		F		5.22296	5.23156	0.99835613						D		0	SealyhamTerrier01	Dogs	European_Dogs
SealyhamTerrier02	CRR055159	SealyhamTerrier02_33235	Canis	familiaris	Sealyham_Terrier	SEAL									0				PRJNA648123	SAMN15625970	Illumina HiSeq 3000		European_Dogs		M		18.6998	18.6998	1						D		0	SealyhamTerrier02	Dogs	European_Dogs
SealyhamTerrier03	CRR055162	SealyhamTerrier03_33281	Canis	familiaris	Sealyham_Terrier	SEAL									0				PRJNA648123	SAMN15625971	Illumina HiSeq 3000		European_Dogs		F		18.0773	10.1085	1.78832666						D		0	SealyhamTerrier03	Dogs	European_Dogs
SealyhamTerrier04	CRR055164	SealyhamTerrier04_33334	Canis	familiaris	Sealyham_Terrier	SEAL									0				PRJNA648123	SAMN15625972	Illumina HiSeq 3000		European_Dogs		M		14.1817	14.1555	1.00185087						D		0	SealyhamTerrier04	Dogs	European_Dogs
SealyhamTerrier05	CRR055165	SealyhamTerrier05_33336	Canis	familiaris	Sealyham_Terrier	SEAL									0				PRJNA648123	SAMN15625973	Illumina HiSeq 3000		European_Dogs				18.0068	10.0571	1.79045649						D		0	SealyhamTerrier05	Dogs	European_Dogs
SealyhamTerrier06	CRR078209	SealyhamTerrier06_33398	Canis	familiaris	Sealyham_Terrier	SEAL									0				PRJNA648123	SAMN15625974	Illumina HiSeq 3000		European_Dogs				18.0295	18.0678	0.99788021						D		0	SealyhamTerrier06	Dogs	European_Dogs
SealyhamTerrier07	CRR078210	SealyhamTerrier07_34153	Canis	familiaris	Sealyham_Terrier	SEAL									0				PRJNA648123	SAMN15625975	Illumina HiSeq 3000		European_Dogs				19.1838	10.6904	1.79448851						D		0	SealyhamTerrier07	Dogs	European_Dogs
SealyhamTerrier08	CRR078211	SealyhamTerrier08_34461	Canis	familiaris	Sealyham_Terrier	SEAL									0				PRJNA648123	SAMN15625977	Illumina HiSeq 3000		European_Dogs				13.3512	7.47626	1.78581269						D		0	SealyhamTerrier08	Dogs	European_Dogs
SealyhamTerrier09	CRR078212	SealyhamTerrier09_34460	Canis	familiaris	Sealyham_Terrier	SEAL									0				PRJNA648123	SAMN15625976	Illumina HiSeq 3000		European_Dogs				18.1293	10.1594	1.7844853						D		0	SealyhamTerrier09	Dogs	European_Dogs
SealyhamTerrier10	CRR078213	SealyhamTerrier10_34462	Canis	familiaris	Sealyham_Terrier	SEAL									0				PRJNA648123	SAMN15625978	Illumina HiSeq 3000		European_Dogs		F		17.3882	17.3801	1.00046605						D		0	SealyhamTerrier10	Dogs	European_Dogs
ShetlandSheepdog01		ShetlandSheepdog01_11617	Canis	familiaris	Shetland_Sheepdog	SSHP									0				PRJNA288568	SAMN03801689	Illumina HiSeq 2000		European_Dogs		M		44.8562	45.7906	0.97959407			11/27/13			D		0	ShetlandSheepdog01	Dogs	European_Dogs
ShetlandSheepdog02		ShetlandSheepdog02	Canis	familiaris	Shetland_Sheepdog	SSHP									0				PRJNA263947	SAMN03580413	Illumina HiSeq 2000		European_Dogs		F		27.922	15.6626	1.78271807						D		0	ShetlandSheepdog02	Dogs	European_Dogs
ShetlandSheepdog03	SS004	ShetlandSheepdog03	Canis	familiaris	Shetland_Sheepdog	SSHP									0				PRJEB16012	SAMEA104091573	Illumina HiSeq 3000		European_Dogs		M		37.9126	37.6584	1.00675015						D		0	ShetlandSheepdog03	Dogs	European_Dogs
ShetlandSheepdog04		ShetlandSheepdog04_15112	Canis	familiaris	Shetland_Sheepdog	SSHP									0				PRJNA685036	SAMN17192110	Illumina NovaSeq 6000		European_Dogs		F										D		0	ShetlandSheepdog04	Dogs	European_Dogs
ShetlandSheepdog05		ShetlandSheepdog05_16126	Canis	familiaris	Shetland_Sheepdog	SSHP									0				PRJNA685036	SAMN17192111	Illumina NovaSeq 6000		European_Dogs		F										D		0	ShetlandSheepdog05	Dogs	European_Dogs
ShetlandSheepdog06		ShetlandSheepdog06_16127	Canis	familiaris	Shetland_Sheepdog	SSHP									0				PRJNA685036	SAMN17192112	Illumina NovaSeq 6000		European_Dogs		M										D		0	ShetlandSheepdog06	Dogs	European_Dogs
ShetlandSheepdog07		ShetlandSheepdog07_16128	Canis	familiaris	Shetland_Sheepdog	SSHP									0				PRJNA685036	SAMN17192113	Illumina NovaSeq 6000		European_Dogs		F										D		0	ShetlandSheepdog07	Dogs	European_Dogs
ShetlandSheepdog08		ShetlandSheepdog08_20204	Canis	familiaris	Shetland_Sheepdog	SSHP									0				PRJNA685036	SAMN17192114	Illumina NovaSeq 6000		European_Dogs		M										D		0	ShetlandSheepdog08	Dogs	European_Dogs
ShetlandSheepdog09		ShetlandSheepdog09_20265	Canis	familiaris	Shetland_Sheepdog	SSHP									0				PRJNA685036	SAMN17192115	Illumina NovaSeq 6000		European_Dogs		F										D		0	ShetlandSheepdog09	Dogs	European_Dogs
ShetlandSheepdog10		ShetlandSheepdog10_21202	Canis	familiaris	Shetland_Sheepdog	SSHP									0				PRJNA685036	SAMN17192116	Illumina NovaSeq 6000		European_Dogs		F										D		0	ShetlandSheepdog10	Dogs	European_Dogs
ShetlandSheepdog11		ShetlandSheepdog11_21970	Canis	familiaris	Shetland_Sheepdog	SSHP									0				PRJNA685036	SAMN17192117	Illumina NovaSeq 6000		European_Dogs												D		0	ShetlandSheepdog11	Dogs	European_Dogs
ShetlandSheepdog12		ShetlandSheepdog12_22484	Canis	familiaris	Shetland_Sheepdog	SSHP									0				PRJNA685036	SAMN17192118	Illumina NovaSeq 6000		European_Dogs		F										D		0	ShetlandSheepdog12	Dogs	European_Dogs
ShetlandSheepdog13		ShetlandSheepdog13_24037	Canis	familiaris	Shetland_Sheepdog	SSHP									0				PRJNA685036	SAMN17192119	Illumina NovaSeq 6000		European_Dogs		M										D		0	ShetlandSheepdog13	Dogs	European_Dogs
ShetlandSheepdog14		ShetlandSheepdog14_24460	Canis	familiaris	Shetland_Sheepdog	SSHP									0				PRJNA685036	SAMN17192120	Illumina NovaSeq 6000		European_Dogs		F										D		0	ShetlandSheepdog14	Dogs	European_Dogs
ShetlandSheepdog15		ShetlandSheepdog15_30371	Canis	familiaris	Shetland_Sheepdog	SSHP									0				PRJNA685036	SAMN17192121	Illumina NovaSeq 6000		European_Dogs												D		0	ShetlandSheepdog15	Dogs	European_Dogs
ShetlandSheepdog16	ERR2759431	ShetlandSheepdog16	Canis	familiaris	Shetland_Sheepdog	SSHP									0				PRJEB16012	SAMEA4867921	Illumina HiSeq 3000		European_Dogs		F										D		0	ShetlandSheepdog16	Dogs	European_Dogs
ShetlandSheepdog17	CRR037890	ShetlandSheepdog17_26810	Canis	familiaris	Shetland_Sheepdog	SSHP									0				PRJNA648123	SAMN15626004	Illumina HiSeq 3000		European_Dogs		M		22.0928	22.2263	0.9939936						D		0	ShetlandSheepdog17	Dogs	European_Dogs
ShetlandSheepdog18	CRR037904	ShetlandSheepdog18_28494	Canis	familiaris	Shetland_Sheepdog	SSHP									0				PRJNA648123	SAMN15626005	Illumina HiSeq 3000		European_Dogs		M		19.2368	10.7169	1.79499669						D		0	ShetlandSheepdog18	Dogs	European_Dogs
ShibaInu01		ShibaInu01	Canis	familiaris	Shiba_Inu	SHIB									0				PRJNA263947	SAMN04196861	Illumina HiSeq 2000		East_Asian_Dogs		F		25.7692	14.7056	1.75233925						D		0	ShibaInu01	Dogs	East_Asian_Dogs
ShibaInu02	CFA.107839	ShibaInu02	Canis	familiaris	Shiba_Inu	SHIB									0				PRJNA263947	SAMN05770194	HiSeq X Ten		East_Asian_Dogs		F		37.5508	37.3872	1.00437583						D		0	ShibaInu02	Dogs	East_Asian_Dogs
ShibaInu03	CRR037871	ShibaInu03_15049	Canis	familiaris	Shiba_Inu	SHIB									0				PRJNA648123	SAMN15625982	Illumina HiSeq 3000		East_Asian_Dogs				19.7544	19.7705	0.99918566						D		0	ShibaInu03	Dogs	East_Asian_Dogs
ShibaInu04	SRR10752637	ShibaInu04	Canis	familiaris	Shiba_Inu	SHIB									0				PRJNA263947	SAMN13655907	Illumina NovaSeq 6000		East_Asian_Dogs				29.284	16.138	1.81459908						D		0	ShibaInu04	Dogs	East_Asian_Dogs
ShihTzu01	PER00751	ShihTzu01	Canis	familiaris	Shih_Tzu	SHIH									0				PRJNA448733	SAMN08873270	Illumina HiSeq 2500		East_Asian_Dogs		F										D		0	ShihTzu01	Dogs	East_Asian_Dogs
ShihTzu02	CRR055065	ShihTzu02_3192	Canis	familiaris	Shih_Tzu	SHIH									0				PRJNA648123	SAMN15625983	Illumina HiSeq 3000		East_Asian_Dogs		M		21.036	21.3618	0.98474848						D		0	ShihTzu02	Dogs	East_Asian_Dogs
Shikoku01	CRR055141	Shikoku01_31257	Canis	familiaris	Shikoku	SHIK									0				PRJNA648123	SAMN15625984	Illumina HiSeq 3000		East_Asian_Dogs		F		18.7977	10.4697	1.79543827						D		0	Shikoku01	Dogs	East_Asian_Dogs
SiberianHusky01		SiberianHusky01_14529	Canis	familiaris	Siberian_Husky	HUSK									0				PRJNA288568	SAMN03801690	Illumina HiSeq 2000		Arctic_Dogs		M		64.259	64.5648	0.99526367			3/23/14			D		0	SiberianHusky01	Dogs	Arctic_Dogs
SiberianHusky02		SiberianHusky02	Canis	familiaris	Siberian_Husky	HUSK									0				PRJEB10823	SAMEA3539249	Illumina HiSeq 2000		Arctic_Dogs		M		19.2082	10.8659	1.76775049						D		0	SiberianHusky02	Dogs	Arctic_Dogs
SiberianHusky04		SiberianHusky04	Canis	familiaris	Siberian_Husky	HUSK									0				PRJNA266585	SAMN03168389	Illumina HiSeq 2000		Arctic_Dogs		M		18.2413	10.4432	1.74671557						D		0	SiberianHusky04	Dogs	Arctic_Dogs
SiberianHusky05	SY046	SiberianHusky05	Canis	familiaris	Siberian_Husky	HUSK									0				PRJEB16012	SAMEA104091559	Illumina HiSeq 3000		Arctic_Dogs				27.7924	15.4112	1.80338974						D		0	SiberianHusky05	Dogs	Arctic_Dogs
SideStripedJackal01	C.adustus	SideStripedJackal01	Canis	familiaris	Side_Striped_Jackal										0								Outgroup		F										W		0	SideStripedJackal01	Outgroup	Wolves
SilkyTerrier01	CRR055075	SilkyTerrier01_6209	Canis	familiaris	Silky_Terrier	SILK									0				PRJNA648123	SAMN15625985	Illumina HiSeq 3000		European_Dogs		M		20.8759	22.2687	0.93745481						D		0	SilkyTerrier01	Dogs	European_Dogs
SilkyTerrier02	CRR055077	SilkyTerrier02_7299	Canis	familiaris	Silky_Terrier	SILK									0				PRJNA648123	SAMN15625986	Illumina HiSeq 3000		European_Dogs		M		24.0915	13.3436	1.80547229						D		0	SilkyTerrier02	Dogs	European_Dogs
SilkyTerrier03	CRR055089	SilkyTerrier03_13190	Canis	familiaris	Silky_Terrier	SILK									0				PRJNA648123	SAMN15625987	Illumina HiSeq 3000		European_Dogs				19.1265	10.6642	1.79352413						D		0	SilkyTerrier03	Dogs	European_Dogs
SkyeTerrier01	CRR078214	SkyeTerrier01_33239	Canis	familiaris	Skye_Terrier	SKYE									0				PRJNA648123	SAMN15625988	Illumina HiSeq 3000		European_Dogs				5.37004	3.2914	1.63153673						D		0	SkyeTerrier01	Dogs	European_Dogs
SkyeTerrier02	CRR078215	SkyeTerrier02_33346	Canis	familiaris	Skye_Terrier	SKYE									0				PRJNA648123	SAMN15625989	Illumina HiSeq 3000		European_Dogs		F		17.4426	17.2917	1.00872673						D		0	SkyeTerrier02	Dogs	European_Dogs
Sloughi01		Sloughi01	Canis	familiaris	Sloughi	SLOU									0				PRJEB13468	SAMEA3928143	Illumina HiSeq 2000		African_NearEast_India_Dogs		M		21.4241	21.2284	1.00921878						D		0	Sloughi01	Dogs	African_NearEast_India_Dogs
Sloughi02		Sloughi02	Canis	familiaris	Sloughi	SLOU									0				PRJEB16012	SAMEA4506885	Illumina HiSeq 2500		African_NearEast_India_Dogs		M		26.4827	14.9822	1.7676109						D		0	Sloughi02	Dogs	African_NearEast_India_Dogs
Sloughi03		Sloughi03	Canis	familiaris	Sloughi	SLOU									0				PRJEB16012	SAMEA4506888	Illumina HiSeq 2500		African_NearEast_India_Dogs		M		19.3785	10.9558	1.76878914						D		0	Sloughi03	Dogs	African_NearEast_India_Dogs
Sloughi04		Sloughi04	Canis	familiaris	Sloughi	SLOU									0				PRJNA266585	SAMN03168392	Illumina HiSeq 2000		African_NearEast_India_Dogs		F		20.6316	11.7154	1.76106663						D		0	Sloughi04	Dogs	African_NearEast_India_Dogs
SmallMunsterlander01	CRR055142	SmallMunsterlander01_31612	Canis	familiaris	Small_Munsterlander	smMUNS									0				PRJNA648123	SAMN15625890	Illumina HiSeq 3000		European_Dogs		M		20.19	19.9807	1.01047511						D		0	SmallMunsterlander01	Dogs	European_Dogs
SmallMunsterlander02	CRR055143	SmallMunsterlander02_31614	Canis	familiaris	Small_Munsterlander	smMUNS									0				PRJNA648123	SAMN15625891	Illumina HiSeq 3000		European_Dogs		F		20.3033	11.1819	1.81572899						D		0	SmallMunsterlander02	Dogs	European_Dogs
SmoothFoxTerrier01	CRR055081	SmoothFoxTerrier01_7935	Canis	familiaris	Smooth_Fox_Terrier	SMFX									0				PRJNA648123	SAMN15625992	Illumina HiSeq 3000		European_Dogs		M		19.932	20.0392	0.99465049						D		0	SmoothFoxTerrier01	Dogs	European_Dogs
SmoothFoxTerrier02	CRR055124	SmoothFoxTerrier02_29481	Canis	familiaris	Smooth_Fox_Terrier	SMFX									0				PRJNA648123	SAMN15625993	Illumina HiSeq 3000		European_Dogs		M		20.7487	11.6478	1.78134068						D		0	SmoothFoxTerrier02	Dogs	European_Dogs
SmoothFoxTerrier03	CRR055128	SmoothFoxTerrier03_30235	Canis	familiaris	Smooth_Fox_Terrier	SMFX									0				PRJNA648123	SAMN15625994	Illumina HiSeq 3000		European_Dogs		M		17.794	9.88676	1.79978072						D		0	SmoothFoxTerrier03	Dogs	European_Dogs
SmoothFoxTerrier04	CRR055131	SmoothFoxTerrier04_30263	Canis	familiaris	Smooth_Fox_Terrier	SMFX									0				PRJNA648123	SAMN15625996	Illumina HiSeq 3000		European_Dogs				20.8628	20.7549	1.00519877						D		0	SmoothFoxTerrier04	Dogs	European_Dogs
SmoothFoxTerrier05	CRR078217	SmoothFoxTerrier05_33294	Canis	familiaris	Smooth_Fox_Terrier	SMFX									0				PRJNA648123	SAMN15625997	Illumina HiSeq 3000		European_Dogs				19.1392	19.0854	1.00281891						D		0	SmoothFoxTerrier05	Dogs	European_Dogs
SmoothFoxTerrier06	CRR078216	SmoothFoxTerrier06_30262	Canis	familiaris	Smooth_Fox_Terrier	SMFX									0				PRJNA648123	SAMN15625995	Illumina HiSeq 3000		European_Dogs		F		21.1775	11.8039	1.79411042						D		0	SmoothFoxTerrier06	Dogs	European_Dogs
SoftCoatedWheatenTerrier01		SoftCoatedWheatenTerrier01	Canis	familiaris	Soft_Coated_Wheaten_Terrier	SCWT									0				PRJNA263947	SAMN03323670	Illumina HiSeq 2000		European_Dogs		M		19.7524	19.3086	1.02298458						D		0	SoftCoatedWheatenTerrier01	Dogs	European_Dogs
SoftCoatedWheatenTerrier02		SoftCoatedWheatenTerrier02	Canis	familiaris	Soft_Coated_Wheaten_Terrier	SCWT									0				PRJNA263947	SAMN03323671	Illumina HiSeq 2000		European_Dogs		F		11.6195	6.47291	1.7950968						D		0	SoftCoatedWheatenTerrier02	Dogs	European_Dogs
SoftCoatedWheatenTerrier03		SoftCoatedWheatenTerrier03	Canis	familiaris	Soft_Coated_Wheaten_Terrier	SCWT									0				PRJNA263947	SAMN03580410	Illumina HiSeq 2000		European_Dogs		F		18.6517	18.6916	0.99786535						D		0	SoftCoatedWheatenTerrier03	Dogs	European_Dogs
SoftCoatedWheatenTerrier04		SoftCoatedWheatenTerrier04	Canis	familiaris	Soft_Coated_Wheaten_Terrier	SCWT									0				PRJNA263947	SAMN03580411	Illumina HiSeq 2000		European_Dogs		M		18.5405	18.6675	0.99319673						D		0	SoftCoatedWheatenTerrier04	Dogs	European_Dogs
SoftCoatedWheatenTerrier05		SoftCoatedWheatenTerrier05_13025	Canis	familiaris	Soft_Coated_Wheaten_Terrier	SCWT									0				PRJNA685036	SAMN17192122	Illumina NovaSeq 6000		European_Dogs		F							12/03/2018			D		0	SoftCoatedWheatenTerrier05	Dogs	European_Dogs
SoftCoatedWheatenTerrier06		SoftCoatedWheatenTerrier06_13026	Canis	familiaris	Soft_Coated_Wheaten_Terrier	SCWT									0				PRJNA685036	SAMN17192123	Illumina NovaSeq 6000		European_Dogs		F							12/03/2018			D		0	SoftCoatedWheatenTerrier06	Dogs	European_Dogs
SoftCoatedWheatenTerrier07		SoftCoatedWheatenTerrier07_13027	Canis	familiaris	Soft_Coated_Wheaten_Terrier	SCWT									0				PRJNA685036	SAMN17192124	Illumina NovaSeq 6000		European_Dogs		F							12/03/2018			D		0	SoftCoatedWheatenTerrier07	Dogs	European_Dogs
SpanishGalgo01		SpanishGalgo01	Canis	familiaris	Galgo_Espanol	GALG									0				PRJNA266585	SAMN03168380	Illumina HiSeq 2000		European_Dogs		M		19.1364	19.2943	0.99181624						D		0	SpanishGalgo01	Dogs	European_Dogs
SpanishWaterDog01		SpanishWaterDog01	Canis	familiaris	Spanish_Water_Dog	SHWD									0				PRJEB7903	SAMEA3164479	Illumina HiSeq 2000		European_Dogs		F		15.8632	8.94366	1.77368102						D		0	SpanishWaterDog01	Dogs	European_Dogs
SpinoneItaliano01	CFA.109669	SpinoneItaliano01	Canis	familiaris	Spinone_Italiano	SPIN									0				PRJNA263947	SAMN06159677	Illumina HiSeq X Ten		European_Dogs		F		48.7101	48.3296	1.00787302						D		0	SpinoneItaliano01	Dogs	European_Dogs
SpinoneItaliano02	CRR037810	SpinoneItaliano02_937	Canis	familiaris	Spinone_Italiano	SPIN									0				PRJNA648123	SAMN15625998	Illumina HiSeq 3000		European_Dogs		F		21.1334	21.1394	0.99971617						D		0	SpinoneItaliano02	Dogs	European_Dogs
SpinoneItaliano03	CRR037915	SpinoneItaliano03_30560	Canis	familiaris	Spinone_Italiano	SPIN									0				PRJNA648123	SAMN15625999	Illumina HiSeq 3000		European_Dogs		M		19.2882	19.4614	0.99110033						D		0	SpinoneItaliano03	Dogs	European_Dogs
SpinoneItaliano04	CRR037916	SpinoneItaliano04_30561	Canis	familiaris	Spinone_Italiano	SPIN									0				PRJNA648123	SAMN15626000	Illumina HiSeq 3000		European_Dogs		M		18.062	10.0784	1.79214955						D		0	SpinoneItaliano04	Dogs	European_Dogs
SpinoneItaliano05	CRR055144	SpinoneItaliano05_31638	Canis	familiaris	Spinone_Italiano	SPIN									0				PRJNA648123	SAMN15626001	Illumina HiSeq 3000		European_Dogs		M		22.8419	12.6912	1.79982192						D		0	SpinoneItaliano05	Dogs	European_Dogs
SpinoneItaliano06	CRR055145	SpinoneItaliano06_31641	Canis	familiaris	Spinone_Italiano	SPIN									0				PRJNA648123	SAMN15626002	Illumina HiSeq 3000		European_Dogs		M		20.6889	11.5694	1.78824312						D		0	SpinoneItaliano06	Dogs	European_Dogs
SpinoneItaliano07	CRR055146	SpinoneItaliano07_31645	Canis	familiaris	Spinone_Italiano	SPIN									0				PRJNA648123	SAMN15626003	Illumina HiSeq 3000		European_Dogs		M		18.8574	10.5295	1.79091125						D		0	SpinoneItaliano07	Dogs	European_Dogs
SpinoneItaliano08	SRR10077544	SpinoneItaliano08	Canis	familiaris	Spinone_Italiano	SPIN									0				PRJNA263947	SAMN12700555	NextSeq 500		European_Dogs		M		26.2102	14.5322	1.80359478						D		0	SpinoneItaliano08	Dogs	European_Dogs
Stabyhoun01	CRR055157	Stabyhoun01_33193	Canis	familiaris	Stabyhoun	SBYH									0				PRJNA648123	SAMN15626012	Illumina HiSeq 3000		European_Dogs		F		23.2421	12.7459	1.82349618						D		0	Stabyhoun01	Dogs	European_Dogs
StaffordshireBullTerrier01	CRR055119	StaffordshireBullTerrier01_27211	Canis	familiaris	Staffordshire_Bull_Terrier	STAF									0				PRJNA648123	SAMN15626006	Illumina HiSeq 3000		European_Dogs		F		19.3628	19.2299	1.00691111						D		0	StaffordshireBullTerrier01	Dogs	European_Dogs
StaffordshireBullTerrier02	CRR055129	StaffordshireBullTerrier02_30237	Canis	familiaris	Staffordshire_Bull_Terrier	STAF									0				PRJNA648123	SAMN15626007	Illumina HiSeq 3000		European_Dogs		M		18.5346	18.5451	0.99943381						D		0	StaffordshireBullTerrier02	Dogs	European_Dogs
StaffordshireBullTerrier03	CRR055130	StaffordshireBullTerrier03_30240	Canis	familiaris	Staffordshire_Bull_Terrier	STAF									0				PRJNA648123	SAMN15626008	Illumina HiSeq 3000		European_Dogs		F		20.4413	11.3682	1.79811228						D		0	StaffordshireBullTerrier03	Dogs	European_Dogs
StandardPoodle01		StandardPoodle01	Canis	familiaris	Standard_Poodle	SPOO									0				PRJNA288568	SAMN03801691	Illumina Genome Analyzer IIx		European_Dogs		M		13.6478	13.9809	0.97617464						D		0	StandardPoodle01	Dogs	European_Dogs
StandardPoodle02		StandardPoodle02	Canis	familiaris	Standard_Poodle	SPOO									0				PRJNA263947	SAMN03580380	Illumina HiSeq 2000		European_Dogs		M		22.9289	12.8291	1.7872571						D		0	StandardPoodle02	Dogs	European_Dogs
StandardPoodle03		StandardPoodle03	Canis	familiaris	Standard_Poodle	SPOO									0				PRJNA263947	SAMN03580408	Illumina HiSeq 2000		European_Dogs		F		22.4322	12.6741	1.76992449						D		0	StandardPoodle03	Dogs	European_Dogs
StandardPoodle04	CFA.107842	StandardPoodle04	Canis	familiaris	Standard_Poodle	SPOO									0				PRJNA263947	SAMN06159675	HiSeq X Ten		European_Dogs		F		44.7508	44.4494	1.00678074						D		0	StandardPoodle04	Dogs	European_Dogs
StandardPoodle05	SRR8614022	StandardPoodle05	Canis	familiaris	Standard_Poodle	SPOO									0				PRJNA263947	SAMN10940809	HiSeq X Ten		European_Dogs		F		35.1791	19.5297	1.80131287						D		0	StandardPoodle05	Dogs	European_Dogs
StandardPoodle06	SRR8614047	StandardPoodle06	Canis	familiaris	Standard_Poodle	SPOO									0				PRJNA263947	SAMN10940817	HiSeq X Ten		European_Dogs		F		35.95	35.9533	0.99990821						D		0	StandardPoodle06	Dogs	European_Dogs
StandardPoodle07	SRR8614062	StandardPoodle07	Canis	familiaris	Standard_Poodle	SPOO									0				PRJNA263947	SAMN10940810	HiSeq X Ten		European_Dogs				37.031	36.9315	1.00269418						D		0	StandardPoodle07	Dogs	European_Dogs
StandardPoodle08	SRR10752624	StandardPoodle08	Canis	familiaris	Standard_Poodle	SPOO									0				PRJNA263947	SAMN13655918	Illumina NovaSeq 6000		European_Dogs		M		36.3247	19.9381	1.8218737						D		0	StandardPoodle08	Dogs	European_Dogs
StandardSchnauzer01		StandardSchnauzer01	Canis	familiaris	Standard_Schnauzer	SSNZ									0				PRJNA263947	SAMN03323676	Illumina HiSeq 2000		European_Dogs		M		17.4067	9.73945	1.78723645						D		0	StandardSchnauzer01	Dogs	European_Dogs
StandardSchnauzer02	CFA.107834	StandardSchnauzer02	Canis	familiaris	Standard_Schnauzer	SSNZ									0				PRJNA263947	SAMN06159669	HiSeq X Ten		European_Dogs		M		40.9733	22.6682	1.80752332						D		0	StandardSchnauzer02	Dogs	European_Dogs
StandardSchnauzer03	CFA.118001	StandardSchnauzer03	Canis	familiaris	Standard_Schnauzer	SSNZ									0				PRJNA263947	SAMN06159687	HiSeq X Ten		European_Dogs		F		38.4128	21.1652	1.81490371						D		0	StandardSchnauzer03	Dogs	European_Dogs
StandardSchnauzer04	CFA.118002	StandardSchnauzer04	Canis	familiaris	Standard_Schnauzer	SSNZ									0				PRJNA263947	SAMN06159688	HiSeq X Ten		European_Dogs		M		38.5761	38.1211	1.01193565						D		0	StandardSchnauzer04	Dogs	European_Dogs
StandardSchnauzer05	SRR8614056	StandardSchnauzer05	Canis	familiaris	Standard_Schnauzer	SSNZ									0				PRJNA263947	SAMN10940797	Illumina NovaSeq 6000		European_Dogs		M		43.8607	23.7794	1.84448304						D		0	StandardSchnauzer05	Dogs	European_Dogs
StandardSchnauzer06	SRR8614057	StandardSchnauzer06	Canis	familiaris	Standard_Schnauzer	SSNZ									0				PRJNA263947	SAMN10940784	HiSeq X Ten		European_Dogs		M		31.2394	17.2741	1.80845312						D		0	StandardSchnauzer06	Dogs	European_Dogs
StandardSchnauzer07	SRR8614083	StandardSchnauzer07	Canis	familiaris	Standard_Schnauzer	SSNZ									0				PRJNA263947	SAMN10940766	Illumina HiSeq 2000		European_Dogs		F		12.3107	6.92004	1.77899261						D		0	StandardSchnauzer07	Dogs	European_Dogs
StdManchesterTerrier01	CRR055167	StdManchesterTerrier01_33437	Canis	familiaris	Manchester_Terrier_Standard	MANT									0				PRJNA648123	SAMN15625911	Illumina HiSeq 3000		European_Dogs		M		18.9311	18.8334	1.00518759						D		0	StdManchesterTerrier01	Dogs	European_Dogs
StdManchesterTerrier02	CRR055170	StdManchesterTerrier02_33490	Canis	familiaris	Manchester_Terrier_Standard	MANT									0				PRJNA648123	SAMN15625912	Illumina HiSeq 3000		European_Dogs		F		22.1108	12.2625	1.80312334						D		0	StdManchesterTerrier02	Dogs	European_Dogs
StdManchesterTerrier03	CRR055171	StdManchesterTerrier03_33491	Canis	familiaris	Manchester_Terrier_Standard	MANT									0				PRJNA648123	SAMN15625913	Illumina HiSeq 3000		European_Dogs				18.777	18.7951	0.99903698						D		0	StdManchesterTerrier03	Dogs	European_Dogs
StdManchesterTerrier04	CRR078176	StdManchesterTerrier04_33492	Canis	familiaris	Manchester_Terrier_Standard	MANT									0				PRJNA648123	SAMN15626074	Illumina HiSeq 3000		European_Dogs				17.9475	18.029	0.99547951						D		0	StdManchesterTerrier04	Dogs	European_Dogs
StdManchesterTerrier05	CRR078177	StdManchesterTerrier05_33518	Canis	familiaris	Manchester_Terrier_Standard	MANT									0				PRJNA648123	SAMN15626075	Illumina HiSeq 3000		European_Dogs				20.744	11.5202	1.80066318						D		0	StdManchesterTerrier05	Dogs	European_Dogs
StdManchesterTerrier06	CRR078178	StdManchesterTerrier06_33540	Canis	familiaris	Manchester_Terrier_Standard	MANT									0				PRJNA648123	SAMN15626076	Illumina HiSeq 3000		European_Dogs		M		17.1269	9.55389	1.79266247						D		0	StdManchesterTerrier06	Dogs	European_Dogs
SussexSpaniel01	CRR037828	SussexSpaniel01_6098	Canis	familiaris	Sussex_Spaniel	SUSX									0				PRJNA648123	SAMN15626016	Illumina HiSeq 3000		European_Dogs		F		19.5467	10.8514	1.80130674						D		0	SussexSpaniel01	Dogs	European_Dogs
SussexSpaniel02	CRR037832	SussexSpaniel02_7640	Canis	familiaris	Sussex_Spaniel	SUSX									0				PRJNA648123	SAMN15626017	Illumina HiSeq 3000		European_Dogs		F		17.6449	17.5824	1.00355469						D		0	SussexSpaniel02	Dogs	European_Dogs
SussexSpaniel03	CRR037833	SussexSpaniel03_7643	Canis	familiaris	Sussex_Spaniel	SUSX									0				PRJNA648123	SAMN15626018	Illumina HiSeq 3000		European_Dogs				21.7001	21.6223	1.00359814						D		0	SussexSpaniel03	Dogs	European_Dogs
SussexSpaniel04	CRR078218	SussexSpaniel04_954	Canis	familiaris	Sussex_Spaniel	SUSX									0				PRJNA648123	SAMN15626013	Illumina HiSeq 3000		European_Dogs				17.8394	9.73847	1.83184833						D		0	SussexSpaniel04	Dogs	European_Dogs
SussexSpaniel05	CRR078219	SussexSpaniel05_5896	Canis	familiaris	Sussex_Spaniel	SUSX									0				PRJNA648123	SAMN15626014	Illumina HiSeq 3000		European_Dogs				17.2441	17.2952	0.99704542						D		0	SussexSpaniel05	Dogs	European_Dogs
SussexSpaniel06	CRR078220	SussexSpaniel06_5905	Canis	familiaris	Sussex_Spaniel	SUSX									0				PRJNA648123	SAMN15626015	Illumina HiSeq 3000		European_Dogs		F		17.0189	17.1248	0.99381599						D		0	SussexSpaniel06	Dogs	European_Dogs
SwedishLapphund01		SwedishLapphund01	Canis	familiaris	Swedish_Lapphund										0				PRJNA266585	SAMN03168387	Illumina HiSeq 2000		European_Dogs		M		18.5294	18.8429	0.98336243						D		0	SwedishLapphund01	Dogs	European_Dogs
SwedishVallhund01	CRR037844	SwedishVallhund01_10043	Canis	familiaris	Swedish_Vallhund	SVAL									0				PRJNA648123	SAMN15626019	Illumina HiSeq 3000		European_Dogs				18.153	10.1572	1.78720514						D		0	SwedishVallhund01	Dogs	European_Dogs
TeddyRooseveltTerrier01	CRR078221	TeddyRooseveltTerrier01_24735	Canis	familiaris	Teddy_Roosevelt_Terrier	TRTR									0				PRJNA648123	SAMN15625963	Illumina HiSeq 3000		American_European_Dogs				20.1807	11.3074	1.78473389						D		0	TeddyRooseveltTerrier01	Dogs	European_Dogs
TeddyRooseveltTerrier02	CRR078222	TeddyRooseveltTerrier02_24776	Canis	familiaris	Teddy_Roosevelt_Terrier	TRTR									0				PRJNA648123	SAMN15625964	Illumina HiSeq 3000		American_European_Dogs				21.1645	21.427	0.9877491						D		0	TeddyRooseveltTerrier02	Dogs	European_Dogs
TeddyRooseveltTerrier03	CRR078223	TeddyRooseveltTerrier03_24777	Canis	familiaris	Teddy_Roosevelt_Terrier	TRTR									0				PRJNA648123	SAMN15626021	Illumina HiSeq 3000		American_European_Dogs		M		21.0188	11.8887	1.76796454						D		0	TeddyRooseveltTerrier03	Dogs	European_Dogs
TibetanMastiff01		TibetanMastiff01	Canis	familiaris	Tibetan_Mastiff	TIBM									0				PRJNA192935	SAMN01974493	Illumina Genome Analyzer IIx		East_Asian_Dogs		M		13.5438	7.64685	1.77116067						D		0	TibetanMastiff01	Dogs	East_Asian_Dogs
TibetanMastiff02		TibetanMastiff02	Canis	familiaris	Tibetan_Mastiff_China	TIBM									0				PRJNA233638	SAMN02570458	Illumina HiSeq 2000		East_Asian_Dogs		F		16.3681	9.37709	1.74554153						D		0	TibetanMastiff02	Dogs	East_Asian_Dogs
TibetanMastiff03		TibetanMastiff03	Canis	familiaris	Tibetan_Mastiff_China	TIBM									0				PRJNA233638	SAMN02585152	Illumina HiSeq 2000		East_Asian_Dogs		F		14.6504	14.9079	0.98272728						D		0	TibetanMastiff03	Dogs	East_Asian_Dogs
TibetanMastiff04		TibetanMastiff04	Canis	familiaris	Tibetan_Mastiff_China	TIBM									0				PRJNA233638	SAMN02585153	Illumina HiSeq 2000		East_Asian_Dogs		F		14.9382	15.3054	0.97600847						D		0	TibetanMastiff04	Dogs	East_Asian_Dogs
TibetanMastiff05		TibetanMastiff05	Canis	familiaris	Tibetan_Mastiff_China	TIBM									0				PRJNA233638	SAMN02585154	Illumina HiSeq 2000		East_Asian_Dogs		M		14.2451	14.5909	0.9763003						D		0	TibetanMastiff05	Dogs	East_Asian_Dogs
TibetanMastiff06		TibetanMastiff06	Canis	familiaris	Tibetan_Mastiff_China	TIBM									0				PRJNA233638	SAMN02585155	Illumina HiSeq 2000		East_Asian_Dogs		M		15.2665	8.64009	1.76693761						D		0	TibetanMastiff06	Dogs	East_Asian_Dogs
TibetanMastiff07		TibetanMastiff07	Canis	familiaris	Tibetan_Mastiff_China	TIBM									0				PRJNA233638	SAMN02585156	Illumina HiSeq 2000		East_Asian_Dogs		F		15.8603	8.96317	1.76949673						D		0	TibetanMastiff07	Dogs	East_Asian_Dogs
TibetanMastiff08		TibetanMastiff08	Canis	familiaris	Tibetan_Mastiff_China	TIBM									0				PRJNA233638	SAMN02585157	Illumina HiSeq 2000		East_Asian_Dogs		F		16.9161	17.1649	0.9855053						D		0	TibetanMastiff08	Dogs	East_Asian_Dogs
TibetanMastiff09		TibetanMastiff09	Canis	familiaris	Tibetan_Mastiff_China	TIBM									0				PRJNA233638	SAMN02585158	Illumina HiSeq 2000		East_Asian_Dogs		F		15.0566	15.3657	0.97988377						D		0	TibetanMastiff09	Dogs	East_Asian_Dogs
TibetanMastiff10		TibetanMastiff10	Canis	familiaris	Tibetan_Mastiff_China	TIBM									0				PRJNA233638	SAMN02585159	Illumina HiSeq 2000		East_Asian_Dogs		F		16.9573	17.2711	0.98183092						D		0	TibetanMastiff10	Dogs	East_Asian_Dogs
TibetanMastiff11		TibetanMastiff11	Canis	familiaris	Tibetan_Mastiff_China	TIBM									0				PRJNA233638	SAMN02585160	Illumina HiSeq 2000		East_Asian_Dogs				16.9826	17.1316	0.99130262						D		0	TibetanMastiff11	Dogs	East_Asian_Dogs
TibetanSpaniel01		TibetanSpaniel01	Canis	familiaris	Tibetan_Spaniel	TIBS									0				PRJNA517114	SAMN10740999	Illumina HiSeq 2500		East_Asian_Dogs				12.4503	12.6998	0.98035402						D		0	TibetanSpaniel01	Dogs	East_Asian_Dogs
TibetanSpaniel02		TibetanSpaniel02	Canis	familiaris	Tibetan_Spaniel	TIBS									0				PRJNA517114	SAMN10740998	Illumina HiSeq 2500		East_Asian_Dogs				14.9322	8.53208	1.75012424						D		0	TibetanSpaniel02	Dogs	East_Asian_Dogs
TibetanSpaniel03		TibetanSpaniel03	Canis	familiaris	Tibetan_Spaniel	TIBS									0				PRJNA517114	SAMN10740997	Illumina HiSeq 2500		East_Asian_Dogs				13.4599	7.92679	1.69802657						D		0	TibetanSpaniel03	Dogs	East_Asian_Dogs
TibetanSpaniel04		TibetanSpaniel04	Canis	familiaris	Tibetan_Spaniel	TIBS									0				PRJNA517114	SAMN10740996	Illumina HiSeq 2500		East_Asian_Dogs				9.59757	9.7867	0.98067479						D		0	TibetanSpaniel04	Dogs	East_Asian_Dogs
TibetanSpaniel05		TibetanSpaniel05	Canis	familiaris	Tibetan_Spaniel	TIBS									0				PRJNA517114	SAMN10741003	Illumina HiSeq 2500		East_Asian_Dogs				7.86342	4.71511	1.66770659						D		0	TibetanSpaniel05	Dogs	East_Asian_Dogs
TibetanSpaniel06		TibetanSpaniel06	Canis	familiaris	Tibetan_Spaniel	TIBS									0				PRJNA517114	SAMN10741002	Illumina HiSeq 2500		East_Asian_Dogs				8.69679	5.2235	1.66493539						D		0	TibetanSpaniel06	Dogs	East_Asian_Dogs
TibetanSpaniel07		TibetanSpaniel07	Canis	familiaris	Tibetan_Spaniel	TIBS									0				PRJNA517114	SAMN10741001	Illumina HiSeq 2500		East_Asian_Dogs				8.91914	5.2734	1.69134524						D		0	TibetanSpaniel07	Dogs	East_Asian_Dogs
TibetanSpaniel08		TibetanSpaniel08	Canis	familiaris	Tibetan_Spaniel	TIBS									0				PRJNA517114	SAMN10741000	Illumina HiSeq 2500		East_Asian_Dogs				8.77976	5.29001	1.65968684						D		0	TibetanSpaniel08	Dogs	East_Asian_Dogs
TibetanSpaniel09		TibetanSpaniel09	Canis	familiaris	Tibetan_Spaniel	TIBS									0				PRJNA517114	SAMN10741005	Illumina HiSeq 2500		East_Asian_Dogs				7.05774	4.26796	1.65365655						D		0	TibetanSpaniel09	Dogs	East_Asian_Dogs
TibetanSpaniel10		TibetanSpaniel10	Canis	familiaris	Tibetan_Spaniel	TIBS									0				PRJNA517114	SAMN10741004	Illumina HiSeq 2500		East_Asian_Dogs				8.79317	5.2766	1.6664462						D		0	TibetanSpaniel10	Dogs	East_Asian_Dogs
TibetanSpaniel11		TibetanSpaniel11	Canis	familiaris	Tibetan_Spaniel	TIBS									0				PRJNA517114	SAMN10741006	Illumina HiSeq 2500		East_Asian_Dogs				12.1724	7.04214	1.72850866						D		0	TibetanSpaniel11	Dogs	East_Asian_Dogs
TibetanSpaniel12	CRR078224	TibetanSpaniel12_30674	Canis	familiaris	Tibetan_Spaniel	TIBS									0				PRJNA648123	SAMN15626022	Illumina HiSeq 3000		East_Asian_Dogs				12.2372	12.2539	0.99863717						D		0	TibetanSpaniel12	Dogs	East_Asian_Dogs
TibetanSpaniel13	CRR078225	TibetanSpaniel13_31251	Canis	familiaris	Tibetan_Spaniel	TIBS									0				PRJNA648123	SAMN15626023	Illumina HiSeq 3000		East_Asian_Dogs				11.9861	12.0169	0.99743694						D		0	TibetanSpaniel13	Dogs	East_Asian_Dogs
TibetanSpaniel14	CRR078226	TibetanSpaniel14_5381	Canis	familiaris	Tibetan_Spaniel	TIBS									0				PRJNA648123	SAMN15626020	Illumina HiSeq 3000		East_Asian_Dogs		M		17.0477	9.45573	1.80289623						D		0	TibetanSpaniel14	Dogs	East_Asian_Dogs
TibetanTerrier01		TibetanTerrier01	Canis	familiaris	Tibetan_Terrier	TIBT									0				PRJNA263947	SAMN03580403	Illumina HiSeq 2000		East_Asian_Dogs		M		27.7149	15.7307	1.76183514						D		0	TibetanTerrier01	Dogs	East_Asian_Dogs
TibetanTerrier02		TibetanTerrier02	Canis	familiaris	Tibetan_Terrier	TIBT									0				PRJNA263947	SAMN03580406	Illumina HiSeq 2000		East_Asian_Dogs		M		23.646	13.2996	1.77794821						D		0	TibetanTerrier02	Dogs	East_Asian_Dogs
TibetanTerrier03		TibetanTerrier03	Canis	familiaris	Tibetan_Terrier	TIBT									0				PRJNA263947	SAMN10940827	HiSeq X Ten		East_Asian_Dogs		M		33.6113	18.682	1.7991275						D		0	TibetanTerrier03	Dogs	East_Asian_Dogs
TibetanTerrier04		TibetanTerrier04	Canis	familiaris	Tibetan_Terrier	TIBT									0				PRJNA263947	SAMN10940798	Illumina NovaSeq 6000		East_Asian_Dogs		F		36.3959	20.1908	1.80259821						D		0	TibetanTerrier04	Dogs	East_Asian_Dogs
TibetanTerrier05	SRR10077569	TibetanTerrier05	Canis	familiaris	Tibetan_Terrier	TIBT									0				PRJNA263947	SAMN12700528	Illumina NovaSeq 6000		East_Asian_Dogs		M		34.0183	34.0008	1.00051469						D		0	TibetanTerrier05	Dogs	East_Asian_Dogs
TibetanTerrier06	SRR10077572	TibetanTerrier06	Canis	familiaris	Tibetan_Terrier	TIBT									0				PRJNA263947	SAMN12700525	Illumina NovaSeq 6000		East_Asian_Dogs				40.8323	22.6053	1.80631533						D		0	TibetanTerrier06	Dogs	East_Asian_Dogs
TimberWolf01	EasternTimberWolf_AlgonquinPark	TimberWolf01	Canis	familiaris	Eastern_Timber_Wolf	WOLF									0								North_American_Wolves		M										W		0	TimberWolf01	North_American_Wolves	Wolves
Tornjak01		Tornjak01	Canis	familiaris	Tornjak										0				PRJNA232497	SAMN02485567	Illumina HiSeq 2000		European_Dogs				6.55471	3.99978	1.63876763						D		0	Tornjak01	Dogs	European_Dogs
TosaInu01	CRR078227	TosaInu01_21914	Canis	familiaris	Tosa_Inu	Tosa									0				PRJNA648123	SAMN15626024	Illumina HiSeq 3000		East_Asian_Dogs				17.5934	9.80181	1.79491339						D		0	TosaInu01	Dogs	East_Asian_Dogs
TosaInu02	CRR078228	TosaInu02_25491	Canis	familiaris	Tosa_Inu	Tosa									0				PRJNA648123	SAMN15626025	Illumina HiSeq 3000		East_Asian_Dogs		F		17.8169	9.96225	1.78844137						D		0	TosaInu02	Dogs	East_Asian_Dogs
ToyFoxTerrier01	CRR055083	ToyFoxTerrier01_8963	Canis	familiaris	Toy_Fox_Terrier	TYFX									0				PRJNA648123	SAMN15626030	Illumina HiSeq 3000		American_European_Dogs		M		19.2274	19.0976	1.00679667						D		0	ToyFoxTerrier01	Dogs	European_Dogs
ToyFoxTerrier02	CRR055084	ToyFoxTerrier02_8969	Canis	familiaris	Toy_Fox_Terrier	TYFX									0				PRJNA648123	SAMN15626031	Illumina HiSeq 3000		American_European_Dogs		M		22.3827	12.3152	1.81748571						D		0	ToyFoxTerrier02	Dogs	European_Dogs
ToyFoxTerrier03	CRR055085	ToyFoxTerrier03_8973	Canis	familiaris	Toy_Fox_Terrier	TYFX									0				PRJNA648123	SAMN15626032	Illumina HiSeq 3000		American_European_Dogs		F		22.4817	12.5065	1.79760125						D		0	ToyFoxTerrier03	Dogs	European_Dogs
ToyFoxTerrier04	CRR055088	ToyFoxTerrier04_13139	Canis	familiaris	Toy_Fox_Terrier	TYFX									0				PRJNA648123	SAMN15626034	Illumina HiSeq 3000		American_European_Dogs		F		21.9148	21.9374	0.9989698						D		0	ToyFoxTerrier04	Dogs	European_Dogs
ToyFoxTerrier05	CRR055090	ToyFoxTerrier05_13287	Canis	familiaris	Toy_Fox_Terrier	TYFX									0				PRJNA648123	SAMN15626035	Illumina HiSeq 3000		American_European_Dogs		F		23.2216	23.0785	1.00620058						D		0	ToyFoxTerrier05	Dogs	European_Dogs
ToyFoxTerrier06	CRR055091	ToyFoxTerrier06_13289	Canis	familiaris	Toy_Fox_Terrier	TYFX									0				PRJNA648123	SAMN15626036	Illumina HiSeq 3000		American_European_Dogs				18.3206	18.0502	1.01498044						D		0	ToyFoxTerrier06	Dogs	European_Dogs
ToyFoxTerrier07	CRR078229	ToyFoxTerrier07_9014	Canis	familiaris	Toy_Fox_Terrier	TYFX									0				PRJNA648123	SAMN15626033	Illumina HiSeq 3000		American_European_Dogs		F		19.6255	20.0078	0.98089245						D		0	ToyFoxTerrier07	Dogs	European_Dogs
ToyPoodle01		ToyPoodle01_10442	Canis	familiaris	Toy_Poodle	TPOO									0				PRJNA288568	SAMN03801691	Illumina HiSeq 2000		European_Dogs		F		55.0973	55.6978	0.98921861			3/23/14			D		0	ToyPoodle01	Dogs	European_Dogs
ToyPoodle02		ToyPoodle02_24072	Canis	familiaris	Toy_Poodle	TPOO									0				PRJNA685036	SAMN17192125	Illumina NovaSeq 6000		European_Dogs		F										D		0	ToyPoodle02	Dogs	European_Dogs
ToyPoodle03		ToyPoodle03_28359	Canis	familiaris	Toy_Poodle	TPOO									0				PRJNA685036	SAMN17192126	Illumina NovaSeq 6000		European_Dogs												D		0	ToyPoodle03	Dogs	European_Dogs
ToyPoodle04	SRR10752626	ToyPoodle04	Canis	familiaris	Toy_Poodle	TPOO									0				PRJNA263947	SAMN13655917	Illumina NovaSeq 6000		European_Dogs		M		48.099	26.5894	1.80895394						D		0	ToyPoodle04	Dogs	European_Dogs
TreeingWalkerCoonhound01	CRR037883	TreeingWalkerCoonhound01_23115	Canis	familiaris	Treeing_Walker_Coonhound	Tree									0				PRJNA648123	SAMN15626028	Illumina HiSeq 3000		American_European_Dogs		M		17.3583	9.60155	1.80786436						D		0	TreeingWalkerCoonhound01	Dogs	European_Dogs
TreeingWalkerCoonhound02	CRR037892	TreeingWalkerCoonhound02_26987	Canis	familiaris	Treeing_Walker_Coonhound	Tree									0				PRJNA648123	SAMN15626029	Illumina HiSeq 3000		American_European_Dogs		F		18.5057	10.2961	1.79735045						D		0	TreeingWalkerCoonhound02	Dogs	European_Dogs
UnknownBreed03		UnknownBreed03	Canis	familiaris	UNKNOWN_Marked_Portuguese_Pointer_and_clusters_with_Dogue_De_Bordeaux	UNKN									0				PRJNA288568	SAMN03801677	Illumina HiSeq 2500		European_Dogs		F		10.4173	8.83439	1.17917593						D		0	UnknownBreed03	Dogs	European_Dogs
UnknownBreed04		UnknownBreed04	Canis	familiaris	UNKNOWN_Marked_Bassett_Hound_but_clusters_with_Xiasi/Chongqing_dogs_outside_of_the_Chow_Chow_clade	UNKN									0				PRJNA232497	SAMN02485573	Illumina HiSeq 2000		European_Dogs		M		6.46717	6.52879	0.9905618						D		0	UnknownBreed04	Dogs	European_Dogs
UnknownBreed05		UnknownBreed05	Canis	familiaris	UNKNOWN_Marked_Australian_Terrier_and_clusters_with_Clumber_Spaniels_Possible_Mixed_Breed	UNKN									0				PRJNA448733	SAMN08873321	Illumina HiSeq 2500		European_Dogs		F		7.63335	4.46429	1.70986876						D		0	UnknownBreed05	Dogs	European_Dogs
UnknownBreed07		UnknownBreed07	Canis	familiaris	"UNKNOWN_Marked_Dogue_De_Bordeaux_but_doesn't_cluster_completely,_possible_mixed_breed_"	UNKN									0				PRJNA288568	SAMN03801663	Illumina HiSeq 2500		European_Dogs		M		7.48944	7.70492	0.97203345						D		0	UnknownBreed07	Dogs	European_Dogs
UnknownBreed09		UnknownBreed09	Canis	familiaris	UNKNOWN_Marked_American_Staffordshire_Terrier_and_clusters_with_Staffordshire_Bull_Terriers_Possible_Mixed_Breed	UNKN									0				PRJEB16012	SAMEA4504831	Illumina HiSeq 3000		European_Dogs		F		7.70979	4.39217	1.75534872						D		0	UnknownBreed09	Dogs	European_Dogs
UnknownBreed10		UnknownBreed10	Canis	familiaris	UNKNOWN_Marked_Cavalier_King_Charles_Spaniel_but_clusters_outside_Toy_Spaniel_clade	UNKN									0				PRJNA288568	SAMN03801655	Illumina HiSeq 2500		European_Dogs		F		11.4371	11.6125	0.98489559						D		0	UnknownBreed10	Dogs	European_Dogs
UnknownBreed11		UnknownBreed11	Canis	familiaris	UNKNOWN_Marked_Australian_Shepherd_but_clusters_with_Australian_Cattle_Dog	UNKN									0				PRJNA263947	SAMN04196851	Illumina HiSeq 2500		European_Dogs		M		23.0361	23.0855	0.99786013						D		0	UnknownBreed11	Dogs	European_Dogs
UnknownBreed12		UnknownBreed12	Canis	familiaris	UNKNOWN_Marked_Unknown_clusters_near_Great_Pyrenees	UNKN									0				PRJNA299099	SAMN04195504	Illumina HiSeq 2000		European_Dogs		M		31.5589	17.736	1.77936964						D		0	UnknownBreed12	Dogs	European_Dogs
UnknownBreed13		UnknownBreed13	Canis	familiaris	UNKNOWN_Marked_Unknown_clusters_near_German_Shepherd_Dog	UNKN									0				PRJNA299099	SAMN04195507	Illumina HiSeq 2000		European_Dogs		M		29.1474	16.2297	1.79592968						D		0	UnknownBreed13	Dogs	European_Dogs
UnknownBreed14	AF14-170_S13	UnknownBreed14	Canis	familiaris	UNKNOWN_Marked_Wirehaired_Pointing_Griffon_but_clusters_with_German_Wirehaired_Pointer	UNKN									0				PRJNA448733	SAMN08873328	Illumina HiSeq 2500		European_Dogs		M		12.6708	7.16246	1.769057						D		0	UnknownBreed14	Dogs	European_Dogs
UnknownBreed15	AF14-259_S12	UnknownBreed15	Canis	familiaris	UNKNOWN_Marked_Wirehaired_Pointing_Griffon_but_clusters_with_German_Wirehaired_Pointer	UNKN									0				PRJNA448733	SAMN08873329	Illumina HiSeq 2500		European_Dogs		F		7.36001	4.26194	1.72691544						D		0	UnknownBreed15	Dogs	European_Dogs
UnknownBreed16	AF14-260_S7	UnknownBreed16	Canis	familiaris	UNKNOWN_Marked_Wirehaired_Pointing_Griffon_but_clusters_with_German_Wirehaired_Pointer	UNKN									0				PRJNA448733	SAMN08873330	Illumina HiSeq 2500		European_Dogs		M		7.7252	8.02978	0.9620687						D		0	UnknownBreed16	Dogs	European_Dogs
UnknownBreed17	AF14-296_S9	UnknownBreed17	Canis	familiaris	UNKNOWN_Marked_Wirehaired_Pointing_Griffon_but_clusters_with_German_Wirehaired_Pointer	UNKN									0				PRJNA448733	SAMN08873331	Illumina HiSeq 2500		European_Dogs		M		9.60968	5.51379	1.74284476						D		0	UnknownBreed17	Dogs	European_Dogs
UnknownBreed18	AF14-297_S10	UnknownBreed18	Canis	familiaris	UNKNOWN_Marked_Wirehaired_Pointing_Griffon_but_clusters_with_German_Wirehaired_Pointer	UNKN									0				PRJNA448733	SAMN08873332	Illumina HiSeq 2500		European_Dogs		M		7.54062	4.36854	1.72611902						D		0	UnknownBreed18	Dogs	European_Dogs
UnknownBreed19	AF15-019_S2	UnknownBreed19	Canis	familiaris	UNKNOWN_Marked_Wirehaired_Pointing_Griffon_but_clusters_with_German_Wirehaired_Pointer	UNKN									0				PRJNA448733	SAMN08873333	Illumina HiSeq 2500		European_Dogs		M		5.71909	3.429	1.66785943						D		0	UnknownBreed19	Dogs	European_Dogs
UnknownBreed20	AF15-074_S4	UnknownBreed20	Canis	familiaris	UNKNOWN_Marked_Wirehaired_Pointing_Griffon_but_clusters_with_German_Wirehaired_Pointer	UNKN									0				PRJNA448733	SAMN08873334	Illumina HiSeq 2500		European_Dogs		M		4.47414	2.76339	1.61907657						D		0	UnknownBreed20	Dogs	European_Dogs
UnknownBreed21	AF15-098_S11	UnknownBreed21	Canis	familiaris	UNKNOWN_Marked_Wirehaired_Pointing_Griffon_but_clusters_with_German_Wirehaired_Pointer	UNKN									0				PRJNA448733	SAMN08873335	Illumina HiSeq 2500		European_Dogs		M		9.50898	5.37189	1.77013677						D		0	UnknownBreed21	Dogs	European_Dogs
UnknownBreed22	NA13-359_S6	UnknownBreed22	Canis	familiaris	UNKNOWN_Marked_Wirehaired_Pointing_Griffon_but_clusters_with_German_Wirehaired_Pointer	UNKN									0				PRJNA448733	SAMN08873336	Illumina HiSeq 2500		European_Dogs		M		5.36607	3.44845	1.55608172						D		0	UnknownBreed22	Dogs	European_Dogs
UnknownBreed23	NA14-125_S8	UnknownBreed23	Canis	familiaris	UNKNOWN_Marked_Wirehaired_Pointing_Griffon_but_clusters_with_German_Wirehaired_Pointer	UNKN									0				PRJNA448733	SAMN08873337	Illumina HiSeq 2500		European_Dogs		F		8.99155	5.15151	1.74542028						D		0	UnknownBreed23	Dogs	European_Dogs
UnknownBreed24	NA14-126_S5	UnknownBreed24	Canis	familiaris	UNKNOWN_Marked_Wirehaired_Pointing_Griffon_but_clusters_with_German_Wirehaired_Pointer	UNKN									0				PRJNA448733	SAMN08873338	Illumina HiSeq 2500		European_Dogs		F		8.79236	8.96868	0.98034047						D		0	UnknownBreed24	Dogs	European_Dogs
UnknownBreed25	BAN00143	UnknownBreed25	Canis	familiaris	UNKNOWN_Marked_Yorkshire_Terrier_but_clusters_with_Silky_Terrier	UNKN									0				PRJNA448733	SAMN08873339	Illumina HiSeq 2500		European_Dogs		F		12.0423	12.3399	0.97588311						D		0	UnknownBreed25	Dogs	European_Dogs
UnknownBreed26	BH003	UnknownBreed26	Canis	familiaris	"UNKNOWN_Marked_Basset_Hound_but_doesn't_cluster_completely,_possible_mixed_breed"	UNKN									0				PRJEB16012	SAMEA4509488	Illumina HiSeq 2500		European_Dogs		M		24.3605	24.5061	0.99405862						D		0	UnknownBreed26	Dogs	European_Dogs
UnknownBreed27	JR0034	UnknownBreed27	Canis	familiaris	"UNKNOWN_Marked_Jack_Russell_Terrer_but_outside_Lakeland_Terrier,_Smooth_Fox_Terrier_and_Wire_Fox_Terrier_clade"	UNKN									0				PRJEB16012	SAMEA104125119	Illumina HiSeq 2500		European_Dogs		F		32.1909	17.9016	1.79821357						D		0	UnknownBreed27	Dogs	European_Dogs
UnknownBreed28	WGS-76N	UnknownBreed28	Canis	familiaris	UNKNOWN_Marked_Unknown_breed_but_clusters_with_American_Staffordshire_Terrier	UNKN									0				PRJNA203084	SAMN02144217	Illumina HiSeq 2000		European_Dogs		F		5.21471	4.53541	1.14977698						D		0	UnknownBreed28	Dogs	European_Dogs
UnknownBreed29	406434N	UnknownBreed29	Canis	familiaris	UNKNOWN_Marked_Unknown_breed_but_clusters_with_Shih_Tzu	UNKN									0				PRJNA203084	SAMN02144216	Illumina HiSeq 2000		European_Dogs		F		24.8395	25.6516	0.96834116						D		0	UnknownBreed29	Dogs	European_Dogs
UnknownPoodle01	PL116	UnknownPoodle01	Canis	familiaris	Poodle_unspecified_variety	UNKN									0				PRJEB16012	SAMEA4506891	Illumina HiSeq 2500		European_Dogs		F		19.8568	19.7412	1.00585577						D		0	UnknownPoodle01	Dogs	European_Dogs
VillDog_Africa01		VillDog_Africa01	Canis	familiaris	Village_Dog_Sub_Saharan_Africa	VILL									0				PRJNA232497	SAMN04851104	Illumina HiSeq 2000		African_NearEast_India_Dogs		F		8.65506	8.77837	0.98595297						D		0	VillDog_Africa01	Dogs	African_NearEast_India_Dogs
VillDog_Australia01		VillDog_Australia01	Canis	familiaris	Village_Dog_Aboriginal_Camp_Dog	VILL									0				PRJEB2162	SAMEA1521940	Illumina HiSeq 2000		East_Asian_Dogs				24.0154	23.6964	1.01346196						D		0	VillDog_Australia01	Dogs	East_Asian_Dogs
VillDog_Bali01	CRR032399	VillDog_Bali01	Canis	familiaris	Village_Dog_Bali	VILL									0				PRJNA648123		Illumina HiSeq 3000		East_Asian_Dogs		M										D		0	VillDog_Bali01	Dogs	East_Asian_Dogs
VillDog_Borneo01		VillDog_Borneo01	Canis	familiaris	Village_Dog_Borneo	VILL									0				PRJNA232497	SAMN02485592	Illumina HiSeq 2000		East_Asian_Dogs		F		5.31953	3.24093	1.64135912						D		0	VillDog_Borneo01	Dogs	East_Asian_Dogs
VillDog_Borneo02		VillDog_Borneo02	Canis	familiaris	Village_Dog_Borneo	VILL									0				PRJNA232497	SAMN02485593	Illumina HiSeq 2000		East_Asian_Dogs		M		6.96235	7.17935	0.96977442						D		0	VillDog_Borneo02	Dogs	East_Asian_Dogs
VillDog_Borneo03		VillDog_Borneo03	Canis	familiaris	Village_Dog_Borneo	VILL									0				PRJNA232497	SAMN02485594	Illumina HiSeq 2000		East_Asian_Dogs		F		5.58215	3.5115	1.58967678						D		0	VillDog_Borneo03	Dogs	East_Asian_Dogs
VillDog_China01		VillDog_China01	Canis	familiaris	Village_Dog_China	VILL									0				PRJNA192935	SAMN01974490	Illumina Genome Analyzer IIx		East_Asian_Dogs		F		20.3788	20.0813	1.01481478						D		0	VillDog_China01	Dogs	East_Asian_Dogs
VillDog_China02		VillDog_China02	Canis	familiaris	Village_Dog_China	VILL									0				PRJNA192935	SAMN01974491	Illumina Genome Analyzer IIx		East_Asian_Dogs		F		15.1522	15.7616	0.96133641						D		0	VillDog_China02	Dogs	East_Asian_Dogs
VillDog_China03		VillDog_China03	Canis	familiaris	Village_Dog_China	VILL									0				PRJNA192935	SAMN01974492	Illumina Genome Analyzer IIx		East_Asian_Dogs		F		10.4182	10.1776	1.02364015						D		0	VillDog_China03	Dogs	East_Asian_Dogs
VillDog_China04		VillDog_China04	Canis	familiaris	Village_Dog_China	VILL									0				PRJNA232497	SAMN02485568	Illumina HiSeq 2000		East_Asian_Dogs		M		7.06261	7.10661	0.99380858						D		0	VillDog_China04	Dogs	East_Asian_Dogs
VillDog_China05		VillDog_China05	Canis	familiaris	Village_Dog_China	VILL									0				PRJNA232497	SAMN02485569	Illumina HiSeq 2000		East_Asian_Dogs		M		7.69622	4.44521	1.73135128						D		0	VillDog_China05	Dogs	East_Asian_Dogs
VillDog_China06		VillDog_China06	Canis	familiaris	Village_Dog_China	VILL									0				PRJNA232497	SAMN02485570	Illumina HiSeq 2000		East_Asian_Dogs		F		7.52695	4.35132	1.72980843						D		0	VillDog_China06	Dogs	East_Asian_Dogs
VillDog_China07		VillDog_China07	Canis	familiaris	Village_Dog_China	VILL									0				PRJNA232497	SAMN02485571	Illumina HiSeq 2000		East_Asian_Dogs		F		6.99735	7.066	0.99028446						D		0	VillDog_China07	Dogs	East_Asian_Dogs
VillDog_China08		VillDog_China08	Canis	familiaris	Village_Dog_China	VILL									0				PRJNA232497	SAMN02485576	Illumina HiSeq 2000		East_Asian_Dogs		F		7.67934	7.69759	0.99762913						D		0	VillDog_China08	Dogs	East_Asian_Dogs
VillDog_China09		VillDog_China09	Canis	familiaris	Village_Dog_China	VILL									0				PRJNA232497	SAMN02485581	Illumina HiSeq 2000		East_Asian_Dogs		F		7.40727	7.49809	0.98788758						D		0	VillDog_China09	Dogs	East_Asian_Dogs
VillDog_China10		VillDog_China10	Canis	familiaris	Kunming_Dog	VILL									0				PRJNA233638	SAMN02585191	Illumina HiSeq 2000		East_Asian_Dogs		F		12.2383	12.3533	0.99069075						D		0	VillDog_China10	Dogs	East_Asian_Dogs
VillDog_China11		VillDog_China11	Canis	familiaris	Kunming_Dog	VILL									0				PRJNA233638	SAMN02585192	Illumina HiSeq 2000		East_Asian_Dogs		F		17.5894	17.797	0.98833511						D		0	VillDog_China11	Dogs	East_Asian_Dogs
VillDog_China12		VillDog_China12	Canis	familiaris	Kunming_Dog	VILL									0				PRJNA233638	SAMN02585193	Illumina HiSeq 2000		East_Asian_Dogs		F		16.7382	16.9426	0.98793574						D		0	VillDog_China12	Dogs	East_Asian_Dogs
VillDog_China13		VillDog_China13	Canis	familiaris	Kunming_Dog	VILL									0				PRJNA233638	SAMN02585194	Illumina HiSeq 2000		East_Asian_Dogs		F		17.2333	17.4248	0.98900992						D		0	VillDog_China13	Dogs	East_Asian_Dogs
VillDog_China14		VillDog_China14	Canis	familiaris	Kunming_Dog	VILL									0				PRJNA233638	SAMN02585195	Illumina HiSeq 2000		East_Asian_Dogs		M		17.0277	17.2609	0.9864897						D		0	VillDog_China14	Dogs	East_Asian_Dogs
VillDog_China15		VillDog_China15	Canis	familiaris	Kunming_Dog	VILL									0				PRJNA233638	SAMN02585196	Illumina HiSeq 2000		East_Asian_Dogs		M		16.4972	9.23974	1.7854615						D		0	VillDog_China15	Dogs	East_Asian_Dogs
VillDog_China16		VillDog_China16	Canis	familiaris	Kunming_Dog	VILL									0				PRJNA233638	SAMN02585197	Illumina HiSeq 2000		East_Asian_Dogs		M		18.4421	10.3621	1.77976472						D		0	VillDog_China16	Dogs	East_Asian_Dogs
VillDog_China17		VillDog_China17	Canis	familiaris	UNKNOWN_Entered_into_SRA_as_Kunming_Dog_but_clusters_with_Belgian_Malinois	VILL									0				PRJNA233638	SAMN02585198	Illumina HiSeq 2000		East_Asian_Dogs		M		14.6841	8.28656	1.7720381						D		0	VillDog_China17	Dogs	East_Asian_Dogs
VillDog_China18		VillDog_China18	Canis	familiaris	UNKNOWN_Entered_into_SRA_as_Kunming_Dog_but_clusters_with_Belgian_Malinois	VILL									0				PRJNA233638	SAMN02585199	Illumina HiSeq 2000		East_Asian_Dogs		M		14.9394	8.50777	1.75597131						D		0	VillDog_China18	Dogs	East_Asian_Dogs
VillDog_China19		VillDog_China19	Canis	familiaris	UNKNOWN_Entered_into_SRA_as_Kunming_Dog_but_clusters_with_Belgian_Malinois	VILL									0				PRJNA233638	SAMN02585200	Illumina HiSeq 2000		East_Asian_Dogs		M		17.4235	9.91801	1.75675362						D		0	VillDog_China19	Dogs	East_Asian_Dogs
VillDog_China20		VillDog_China20	Canis	familiaris	Village_Dog_China	VILL									0				PRJNA233638	SAMN02585181	Illumina HiSeq 2000		East_Asian_Dogs		M		17.1845	9.63989	1.78264482						D		0	VillDog_China20	Dogs	East_Asian_Dogs
VillDog_China21		VillDog_China21	Canis	familiaris	Village_Dog_China	VILL									0				PRJNA233638	SAMN02585182	Illumina HiSeq 2000		East_Asian_Dogs		F		15.3792	8.57642	1.79319576						D		0	VillDog_China21	Dogs	East_Asian_Dogs
VillDog_China22		VillDog_China22	Canis	familiaris	Village_Dog_China	VILL									0				PRJNA233638	SAMN02585183	Illumina HiSeq 2000		East_Asian_Dogs		M		14.9831	15.205	0.98540612						D		0	VillDog_China22	Dogs	East_Asian_Dogs
VillDog_China23		VillDog_China23	Canis	familiaris	Village_Dog_China	VILL									0				PRJNA233638	SAMN02585184	Illumina HiSeq 2000		East_Asian_Dogs		F		15.2322	8.58892	1.77347094						D		0	VillDog_China23	Dogs	East_Asian_Dogs
VillDog_China24		VillDog_China24	Canis	familiaris	Village_Dog_China	VILL									0				PRJNA233638	SAMN02585185	Illumina HiSeq 2000		East_Asian_Dogs		F		14.7504	14.7895	0.99735623						D		0	VillDog_China24	Dogs	East_Asian_Dogs
VillDog_China25		VillDog_China25	Canis	familiaris	Village_Dog_China	VILL									0				PRJNA233638	SAMN02585186	Illumina HiSeq 2000		East_Asian_Dogs		M		15.6232	15.8063	0.98841601						D		0	VillDog_China25	Dogs	East_Asian_Dogs
VillDog_China26		VillDog_China26	Canis	familiaris	Village_Dog_China	VILL									0				PRJNA233638	SAMN02585187	Illumina HiSeq 2000		East_Asian_Dogs		M		15.4322	8.80862	1.75194298						D		0	VillDog_China26	Dogs	East_Asian_Dogs
VillDog_China27		VillDog_China27	Canis	familiaris	Village_Dog_China	VILL									0				PRJNA233638	SAMN02585188	Illumina HiSeq 2000		East_Asian_Dogs		F		15.8183	9.01027	1.75558557						D		0	VillDog_China27	Dogs	East_Asian_Dogs
VillDog_China28		VillDog_China28	Canis	familiaris	Village_Dog_China	VILL									0				PRJNA233638	SAMN02585189	Illumina HiSeq 2000		East_Asian_Dogs		F		15.7868	16.0184	0.98554163						D		0	VillDog_China28	Dogs	East_Asian_Dogs
VillDog_China29		VillDog_China29	Canis	familiaris	Village_Dog_China	VILL									0				PRJNA233638	SAMN02585190	Illumina HiSeq 2000		East_Asian_Dogs		M		16.5363	16.7115	0.9895162						D		0	VillDog_China29	Dogs	East_Asian_Dogs
VillDog_China30		VillDog_China30	Canis	familiaris	Village_Dog_China	VILL									0				PRJNA233638	SAMN02585171	Illumina HiSeq 2000		East_Asian_Dogs		M		17.5467	10.0326	1.74896836						D		0	VillDog_China30	Dogs	East_Asian_Dogs
VillDog_China31		VillDog_China31	Canis	familiaris	Village_Dog_China	VILL									0				PRJNA233638	SAMN02585172	Illumina HiSeq 2000		East_Asian_Dogs		F		17.2388	9.85879	1.74857158						D		0	VillDog_China31	Dogs	East_Asian_Dogs
VillDog_China32		VillDog_China32	Canis	familiaris	Village_Dog_China	VILL									0				PRJNA233638	SAMN02585173	Illumina HiSeq 2000		East_Asian_Dogs		F		16.6378	16.9443	0.98191132						D		0	VillDog_China32	Dogs	East_Asian_Dogs
VillDog_China33		VillDog_China33	Canis	familiaris	Village_Dog_China	VILL									0				PRJNA233638	SAMN02585174	Illumina HiSeq 2000		East_Asian_Dogs		F		14.5606	14.6822	0.99171786						D		0	VillDog_China33	Dogs	East_Asian_Dogs
VillDog_China34		VillDog_China34	Canis	familiaris	Village_Dog_China	VILL									0				PRJNA233638	SAMN02585175	Illumina HiSeq 2000		East_Asian_Dogs		F		16.1085	16.5639	0.97250648						D		0	VillDog_China34	Dogs	East_Asian_Dogs
VillDog_China35		VillDog_China35	Canis	familiaris	Village_Dog_China	VILL									0				PRJNA233638	SAMN02585176	Illumina HiSeq 2000		East_Asian_Dogs		F		16.0727	16.2019	0.99202563						D		0	VillDog_China35	Dogs	East_Asian_Dogs
VillDog_China36		VillDog_China36	Canis	familiaris	Village_Dog_China	VILL									0				PRJNA233638	SAMN02585177	Illumina HiSeq 2000		East_Asian_Dogs		M		13.8105	13.7677	1.00310873						D		0	VillDog_China36	Dogs	East_Asian_Dogs
VillDog_China37		VillDog_China37	Canis	familiaris	Village_Dog_China	VILL									0				PRJNA233638	SAMN02585178	Illumina HiSeq 2000		East_Asian_Dogs		M		16.4093	9.2966	1.76508616						D		0	VillDog_China37	Dogs	East_Asian_Dogs
VillDog_China38		VillDog_China38	Canis	familiaris	Village_Dog_China	VILL									0				PRJNA233638	SAMN02585179	Illumina HiSeq 2000		East_Asian_Dogs		M		16.9564	9.75317	1.7385527						D		0	VillDog_China38	Dogs	East_Asian_Dogs
VillDog_China39		VillDog_China39	Canis	familiaris	Village_Dog_China	VILL									0				PRJNA233638	SAMN02585180	Illumina HiSeq 2000		East_Asian_Dogs		F		16.2836	9.39696	1.73285829						D		0	VillDog_China39	Dogs	East_Asian_Dogs
VillDog_China40		VillDog_China40	Canis	familiaris	Village_Dog_China	VILL									0				PRJNA233638	SAMN02585161	Illumina HiSeq 2000		East_Asian_Dogs		F		16.866	17.1867	0.98134022						D		0	VillDog_China40	Dogs	East_Asian_Dogs
VillDog_China41		VillDog_China41	Canis	familiaris	Village_Dog_China	VILL									0				PRJNA233638	SAMN02585162	Illumina HiSeq 2000		East_Asian_Dogs		F		17.5172	17.7471	0.98704577						D		0	VillDog_China41	Dogs	East_Asian_Dogs
VillDog_China42		VillDog_China42	Canis	familiaris	Village_Dog_China	VILL									0				PRJNA233638	SAMN02585163	Illumina HiSeq 2000		East_Asian_Dogs		F		15.3928	15.7378	0.97807826						D		0	VillDog_China42	Dogs	East_Asian_Dogs
VillDog_China43		VillDog_China43	Canis	familiaris	Village_Dog_China	VILL									0				PRJNA233638	SAMN02585164	Illumina HiSeq 2000		East_Asian_Dogs		F		16.0021	16.2738	0.98330445						D		0	VillDog_China43	Dogs	East_Asian_Dogs
VillDog_China44		VillDog_China44	Canis	familiaris	Village_Dog_China	VILL									0				PRJNA233638	SAMN02585165	Illumina HiSeq 2000		East_Asian_Dogs		F		16.7779	16.9994	0.98697013						D		0	VillDog_China44	Dogs	East_Asian_Dogs
VillDog_China45		VillDog_China45	Canis	familiaris	Village_Dog_China	VILL									0				PRJNA233638	SAMN02585166	Illumina HiSeq 2000		East_Asian_Dogs		M		14.1218	14.3434	0.98455039						D		0	VillDog_China45	Dogs	East_Asian_Dogs
VillDog_China46		VillDog_China46	Canis	familiaris	Village_Dog_China	VILL									0				PRJNA233638	SAMN02585167	Illumina HiSeq 2000		East_Asian_Dogs		M		17.2442	9.81115	1.75761251						D		0	VillDog_China46	Dogs	East_Asian_Dogs
VillDog_China47		VillDog_China47	Canis	familiaris	Village_Dog_China	VILL									0				PRJNA233638	SAMN02585168	Illumina HiSeq 2000		East_Asian_Dogs		F		13.5221	7.73561	1.7480328						D		0	VillDog_China47	Dogs	East_Asian_Dogs
VillDog_China48		VillDog_China48	Canis	familiaris	Village_Dog_China	VILL									0				PRJNA233638	SAMN02585169	Illumina HiSeq 2000		East_Asian_Dogs		M		15.2107	15.3963	0.98794516						D		0	VillDog_China48	Dogs	East_Asian_Dogs
VillDog_China49		VillDog_China49	Canis	familiaris	Village_Dog_China	VILL									0				PRJNA233638	SAMN02585170	Illumina HiSeq 2000		East_Asian_Dogs		M		16.6416	9.49607	1.75247234						D		0	VillDog_China49	Dogs	East_Asian_Dogs
VillDog_China50		VillDog_China50	Canis	familiaris	Village_Dog_China	VILL									0				PRJNA232497	SAMN04851103	Illumina HiSeq 2000		East_Asian_Dogs		M		11.659	7.058	1.65188439						D		0	VillDog_China50	Dogs	East_Asian_Dogs
VillDog_China51		VillDog_China51	Canis	familiaris	Village_Dog_China	VILL									0				PRJNA232497	SAMN02485575	Illumina HiSeq 2000		East_Asian_Dogs		F		6.95743	4.06153	1.71300717						D		0	VillDog_China51	Dogs	East_Asian_Dogs
VillDog_China52		VillDog_China52	Canis	familiaris	Village_Dog_China	VILL									0				PRJNA232497	SAMN02485572	Illumina HiSeq 2000		East_Asian_Dogs		M		7.73394	7.8579	0.98422479						D		0	VillDog_China52	Dogs	East_Asian_Dogs
VillDog_Egypt01		VillDog_Egypt01	Canis	familiaris	Village_Dog_Egypt	VILL									0				PRJNA232497	SAMN02485582	Illumina HiSeq 2000		African_NearEast_India_Dogs		M		8.39825	4.91195	1.70975885						D		0	VillDog_Egypt01	Dogs	African_NearEast_India_Dogs
VillDog_Egypt02		VillDog_Egypt02	Canis	familiaris	Village_Dog_Egypt	VILL									0				PRJNA232497	SAMN02485583	Illumina HiSeq 2000		African_NearEast_India_Dogs		M		7.44974	4.38378	1.69938729						D		0	VillDog_Egypt02	Dogs	African_NearEast_India_Dogs
VillDog_India01		VillDog_India01	Canis	familiaris	Village_Dog_India	VILL									0				PRJNA232497	SAMN02485586	Illumina HiSeq 2000		African_NearEast_India_Dogs		M		13.6318	7.85793	1.73478257						D		0	VillDog_India01	Dogs	African_NearEast_India_Dogs
VillDog_India02		VillDog_India02	Canis	familiaris	Village_Dog_India	VILL									0				PRJNA232497	SAMN02485587	Illumina HiSeq 2000		African_NearEast_India_Dogs		M		7.73987	4.57792	1.69069578						D		0	VillDog_India02	Dogs	African_NearEast_India_Dogs
VillDog_India03		VillDog_India03	Canis	familiaris	Village_Dog_India	VILL									0				PRJNA232497	SAMN02485588	Illumina HiSeq 2000		African_NearEast_India_Dogs		M		10.0385	5.77801	1.73736286						D		0	VillDog_India03	Dogs	African_NearEast_India_Dogs
VillDog_India04		VillDog_India04	Canis	familiaris	Village_Dog_India	VILL									0				PRJNA232497	SAMN02485590	Illumina HiSeq 2000		African_NearEast_India_Dogs		F		14.0065	8.12974	1.72287183						D		0	VillDog_India04	Dogs	African_NearEast_India_Dogs
VillDog_India05		VillDog_India05	Canis	familiaris	Village_Dog_India	VILL									0				PRJNA232497	SAMN02485591	Illumina HiSeq 2000		African_NearEast_India_Dogs		M		8.16308	8.49998	0.96036461						D		0	VillDog_India05	Dogs	African_NearEast_India_Dogs
VillDog_Lebanon01		VillDog_Lebanon01	Canis	familiaris	Village_Dog_Lebanon	VILL									0				PRJNA232497	SAMN02485595	Illumina HiSeq 2000		African_NearEast_India_Dogs		M		7.78411	4.60736	1.68949464						D		0	VillDog_Lebanon01	Dogs	African_NearEast_India_Dogs
VillDog_Lebanon02		VillDog_Lebanon02	Canis	familiaris	Village_Dog_Lebanon	VILL									0				PRJNA232497	SAMN02485596	Illumina HiSeq 2000		African_NearEast_India_Dogs		F		9.33971	5.47302	1.70650025						D		0	VillDog_Lebanon02	Dogs	African_NearEast_India_Dogs
VillDog_Lebanon03		VillDog_Lebanon03	Canis	familiaris	Village_Dog_Lebanon	VILL									0				PRJNA232497	SAMN02485597	Illumina HiSeq 2000		African_NearEast_India_Dogs		M		9.67734	10.0542	0.96251716						D		0	VillDog_Lebanon03	Dogs	African_NearEast_India_Dogs
VillDog_Namibia01		VillDog_Namibia01	Canis	familiaris	Village_Dog_Namibia	VILL									0				PRJNA232497	SAMN02485598	Illumina HiSeq 2000		African_NearEast_India_Dogs		F		8.19658	4.82122	1.70010495						D		0	VillDog_Namibia01	Dogs	African_NearEast_India_Dogs
VillDog_Namibia02		VillDog_Namibia02	Canis	familiaris	Village_Dog_Namibia	VILL									0				PRJNA232497	SAMN02485599	Illumina HiSeq 2000		African_NearEast_India_Dogs		M		14.0975	14.3337	0.98352135						D		0	VillDog_Namibia02	Dogs	African_NearEast_India_Dogs
VillDog_Namibia03		VillDog_Namibia03	Canis	familiaris	Village_Dog_Namibia	VILL									0				PRJNA232497	SAMN02485600	Illumina HiSeq 2000		African_NearEast_India_Dogs		F		7.22724	4.29456	1.68288253						D		0	VillDog_Namibia03	Dogs	African_NearEast_India_Dogs
VillDog_PapuaNG01		VillDog_PapuaNG01	Canis	familiaris	Village_Dog_Papua_New_Guinea	VILL									0				PRJNA232497	SAMN02485601	Illumina HiSeq 2000		East_Asian_Dogs		F		6.68216	6.89015	0.96981343						D		0	VillDog_PapuaNG01	Dogs	East_Asian_Dogs
VillDog_PapuaNG02		VillDog_PapuaNG02	Canis	familiaris	Village_Dog_Papua_New_Guinea	VILL									0				PRJNA232497	SAMN02485602	Illumina HiSeq 2000		East_Asian_Dogs		M		6.38566	6.42257	0.99425308						D		0	VillDog_PapuaNG02	Dogs	East_Asian_Dogs
VillDog_PapuaNG03		VillDog_PapuaNG03	Canis	familiaris	Village_Dog_Papua_New_Guinea	VILL									0				PRJNA232497	SAMN02485603	Illumina HiSeq 2000		East_Asian_Dogs		F		12.1304	7.18169	1.68907319						D		0	VillDog_PapuaNG03	Dogs	East_Asian_Dogs
VillDog_Portugal01		VillDog_Portugal01	Canis	familiaris	Village_Dog_Portugal	VILL									0				PRJNA232497	SAMN02485604	Illumina HiSeq 2000		European_Dogs		M		17.6645	17.9508	0.98405085						D		0	VillDog_Portugal01	Dogs	European_Dogs
VillDog_Portugal02		VillDog_Portugal02	Canis	familiaris	Village_Dog_Portugal	VILL									0				PRJNA232497	SAMN02485605	Illumina HiSeq 2000		European_Dogs		M		14.7144	8.45397	1.74053137						D		0	VillDog_Portugal02	Dogs	European_Dogs
VillDog_Portugal03	PT49	VillDog_Portugal03	Canis	familiaris	Village_Dog_Portugal	VILL									0				PRJNA232497	SAMN04851101	Illumina HiSeq 2000		European_Dogs		F		15.2057	8.6874	1.75031655						D		0	VillDog_Portugal03	Dogs	European_Dogs
VillDog_Qatar01		VillDog_Qatar01	Canis	familiaris	Village_Dog_Qatar	VILL									0				PRJNA232497	SAMN02485606	Illumina HiSeq 2000		African_NearEast_India_Dogs		M		12.4428	12.8183	0.97070594						D		0	VillDog_Qatar01	Dogs	African_NearEast_India_Dogs
VillDog_Qatar02		VillDog_Qatar02	Canis	familiaris	Village_Dog_Qatar	VILL									0				PRJNA232497	SAMN02485607	Illumina HiSeq 2000		African_NearEast_India_Dogs		F		6.74328	4.09958	1.64487094						D		0	VillDog_Qatar02	Dogs	African_NearEast_India_Dogs
VillDog_Taiwan01		VillDog_Taiwan01	Canis	familiaris	Village_Dog_Taiwan	VILL									0				PRJNA232497	SAMN02485608	Illumina HiSeq 2000		East_Asian_Dogs		F		14.7023	14.8825	0.98789182						D		0	VillDog_Taiwan01	Dogs	East_Asian_Dogs
VillDog_Vietnam01		VillDog_Vietnam01	Canis	familiaris	Village_Dog_Vietnam	VILL									0				PRJNA232497	SAMN02485609	Illumina HiSeq 2000		East_Asian_Dogs		F		10.2108	10.5722	0.96581601						D		0	VillDog_Vietnam01	Dogs	East_Asian_Dogs
VillDog_Vietnam02		VillDog_Vietnam02	Canis	familiaris	Village_Dog_Vietnam	VILL									0				PRJNA232497	SAMN02485610	Illumina HiSeq 2000		East_Asian_Dogs		M		7.86412	8.16296	0.96339073						D		0	VillDog_Vietnam02	Dogs	East_Asian_Dogs
VillDog_Vietnam03		VillDog_Vietnam03	Canis	familiaris	Village_Dog_Vietnam	VILL									0				PRJNA232497	SAMN02485611	Illumina HiSeq 2000		East_Asian_Dogs		F		9.55021	5.51025	1.73317182						D		0	VillDog_Vietnam03	Dogs	East_Asian_Dogs
VillDog_Vietnam04		VillDog_Vietnam04	Canis	familiaris	Village_Dog_Vietnam	VILL									0				PRJNA232497	SAMN02485612	Illumina HiSeq 2000		East_Asian_Dogs		M		9.31348	9.61096	0.96904784						D		0	VillDog_Vietnam04	Dogs	East_Asian_Dogs
VillDog_Vietnam05		VillDog_Vietnam05	Canis	familiaris	Village_Dog_Vietnam	VILL									0				PRJNA232497	SAMN02485613	Illumina HiSeq 2000		East_Asian_Dogs		M		9.48179	5.5373	1.71234898						D		0	VillDog_Vietnam05	Dogs	East_Asian_Dogs
VillDog_Vietnam06		VillDog_Vietnam06	Canis	familiaris	Village_Dog_Vietnam	VILL									0				PRJNA232497	SAMN02485614	Illumina HiSeq 2000		East_Asian_Dogs		F		6.70974	4.02086	1.66873256						D		0	VillDog_Vietnam06	Dogs	East_Asian_Dogs
Vizsla01		Vizsla01	Canis	familiaris	Vizsla	VIZS									0				PRJEB12339	SAMEA3724570	Illumina HiSeq 2500		European_Dogs		M		32.2351	32.6989	0.98581604						D		0	Vizsla01	Dogs	European_Dogs
Vizsla02	CRR055114	Vizsla02_27015	Canis	familiaris	Vizsla	VIZS									0				PRJNA648123	SAMN15626037	Illumina HiSeq 3000		European_Dogs		F		19.51	10.9038	1.78928447						D		0	Vizsla02	Dogs	European_Dogs
Vizsla03	CRR055115	Vizsla03_27073	Canis	familiaris	Vizsla	VIZS									0				PRJNA648123	SAMN15626038	Illumina HiSeq 3000		European_Dogs		F		16.3772	16.2879	1.0054826						D		0	Vizsla03	Dogs	European_Dogs
Weimaraner01	WE006	Weimaraner01	Canis	familiaris	Weimaraner	WEIM									0				PRJEB16012	SAMEA4506902	Illumina HiSeq 2500		European_Dogs		F		23.9851	24.3319	0.98574711						D		0	Weimaraner01	Dogs	European_Dogs
Weimaraner02	CRR055096	Weimaraner02_15384	Canis	familiaris	Weimaraner	WEIM									0				PRJNA648123	SAMN15626040	Illumina HiSeq 3000		European_Dogs				19.7544	19.5556	1.01016589						D		0	Weimaraner02	Dogs	European_Dogs
Weimaraner03	CRR078230	Weimaraner03_13307	Canis	familiaris	Weimaraner	WEIM									0				PRJNA648123	SAMN15626039	Illumina HiSeq 3000		European_Dogs				17.9854	17.9849	1.0000278						D		0	Weimaraner03	Dogs	European_Dogs
Weimaraner04	SRR10752640	Weimaraner04	Canis	familiaris	Weimaraner	WEIM									0				PRJNA263947	SAMN13655904	Illumina NovaSeq 6000		European_Dogs				41.5105	41.0953	1.01010335						D		0	Weimaraner04	Dogs	European_Dogs
Weimaraner05	SRR10752641	Weimaraner05	Canis	familiaris	Weimaraner	WEIM									0				PRJNA263947	SAMN13655903	Illumina NovaSeq 6000		European_Dogs		F		33.3111	33.0238	1.00869979						D		0	Weimaraner05	Dogs	European_Dogs
WelshSpringerSpaniel01	CRR055113	WelshSpringerSpaniel01_27011	Canis	familiaris	Welsh_Springer_Spaniel	WSSP									0				PRJNA648123	SAMN15626051	Illumina HiSeq 3000		European_Dogs		M		14.2663	14.2476	1.0013125						D		0	WelshSpringerSpaniel01	Dogs	European_Dogs
WelshSpringerSpaniel02	CRR055132	WelshSpringerSpaniel02_30504	Canis	familiaris	Welsh_Springer_Spaniel	WSSP									0				PRJNA648123	SAMN15626052	Illumina HiSeq 3000		European_Dogs				22.8302	12.5208	1.82338189						D		0	WelshSpringerSpaniel02	Dogs	European_Dogs
WelshTerrier01		WelshTerrier01	Canis	familiaris	Welsh_Terrier	WELT									0				PRJNA263947	SAMN10940816	HiSeq X Ten		European_Dogs												D		0	WelshTerrier01	Dogs	European_Dogs
WelshTerrier02	CRR078231	WelshTerrier02_1024	Canis	familiaris	Welsh_Terrier	WELT									0				PRJNA648123	SAMN15626041	Illumina HiSeq 3000		European_Dogs				19.0021	18.9359	1.00349601						D		0	WelshTerrier02	Dogs	European_Dogs
WelshTerrier03	CRR078232	WelshTerrier03_22235	Canis	familiaris	Welsh_Terrier	WELT									0				PRJNA648123	SAMN15626042	Illumina HiSeq 3000		European_Dogs				18.4541	10.2879	1.79376744						D		0	WelshTerrier03	Dogs	European_Dogs
WelshTerrier04	CRR078233	WelshTerrier04_22244	Canis	familiaris	Welsh_Terrier	WELT									0				PRJNA648123	SAMN15626043	Illumina HiSeq 3000		European_Dogs		F		19.328	10.7107	1.80455059						D		0	WelshTerrier04	Dogs	European_Dogs
WestHighlandWhiteTerr01		WestHighlandWhiteTerr01	Canis	familiaris	West_Highland_White_Terrier	WHWT									0				PRJNA288568	SAMN03801693	Illumina Genome Analyzer IIx		European_Dogs		F		12.0722	12.3693	0.97598086						D		0	WestHighlandWhiteTerr01	Dogs	European_Dogs
WestHighlandWhiteTerr02		WestHighlandWhiteTerr02	Canis	familiaris	West_Highland_White_Terrier	WHWT									0				PRJNA448733	SAMN08873423	Illumina HiSeq 2500		European_Dogs		M		45.2258	46.1725	0.97949645			10/29/14			D		0	WestHighlandWhiteTerr02	Dogs	European_Dogs
WestHighlandWhiteTerr03		WestHighlandWhiteTerr03	Canis	familiaris	West_Highland_White_Terrier	WHWT									0				PRJNA263947	SAMN03580395	Illumina HiSeq 2000		European_Dogs		F		37.0882	20.6664	1.79461348						D		0	WestHighlandWhiteTerr03	Dogs	European_Dogs
WestHighlandWhiteTerr04		WestHighlandWhiteTerr04	Canis	familiaris	West_Highland_White_Terrier	WHWT									0				PRJNA263947	SAMN03580396	Illumina HiSeq 2000		European_Dogs		F		36.279	36.0663	1.00589747						D		0	WestHighlandWhiteTerr04	Dogs	European_Dogs
WestHighlandWhiteTerr05		WestHighlandWhiteTerr05	Canis	familiaris	West_Highland_White_Terrier	WHWT									0				PRJNA263947	SAMN03580397	Illumina HiSeq 2000		European_Dogs		F		34.6542	34.4604	1.00562385						D		0	WestHighlandWhiteTerr05	Dogs	European_Dogs
WestHighlandWhiteTerr06		WestHighlandWhiteTerr06	Canis	familiaris	West_Highland_White_Terrier	WHWT									0				PRJNA263947	SAMN03580398	Illumina HiSeq 2000		European_Dogs		F		37.0259	35.9336	1.03039773						D		0	WestHighlandWhiteTerr06	Dogs	European_Dogs
WestHighlandWhiteTerr08		WestHighlandWhiteTerr08	Canis	familiaris	West_Highland_White_Terrier	WHWT									0				PRJNA448733	SAMN08873428	Illumina HiSeq 2500		European_Dogs		F		18.7929	19.5373	0.96189852						D		0	WestHighlandWhiteTerr08	Dogs	European_Dogs
WestHighlandWhiteTerr09		WestHighlandWhiteTerr09	Canis	familiaris	West_Highland_White_Terrier	WHWT									0				PRJNA448733	SAMN08873429	Illumina HiSeq 2500		European_Dogs		F		27.8929	28.2348	0.98789083						D		0	WestHighlandWhiteTerr09	Dogs	European_Dogs
WestHighlandWhiteTerr10	WW174	WestHighlandWhiteTerr10	Canis	familiaris	West_Highland_White_Terrier	WHWT									0				PRJEB16012	SAMEA4506901	Illumina HiSeq 3000		European_Dogs		M		21.642	21.9186	0.98738058						D		0	WestHighlandWhiteTerr10	Dogs	European_Dogs
WestHighlandWhiteTerr11	WW362	WestHighlandWhiteTerr11	Canis	familiaris	West_Highland_White_Terrier	WHWT									0				PRJEB16012	SAMEA4509489	Illumina NovaSeq 6000		European_Dogs		F		19.2508	10.8149	1.78002571						D		0	WestHighlandWhiteTerr11	Dogs	European_Dogs
WestHighlandWhiteTerr12	WW558	WestHighlandWhiteTerr12	Canis	familiaris	West_Highland_White_Terrier	WHWT									0				PRJEB16012	SAMEA104091561	Illumina HiSeq 2500		European_Dogs		F		36.4366	36.1237	1.0086619						D		0	WestHighlandWhiteTerr12	Dogs	European_Dogs
WestHighlandWhiteTerr13		WestHighlandWhiteTerr13_10023	Canis	familiaris	West_Highland_White_Terrier	WHWT									0				PRJNA685036	SAMN17192127	Illumina NovaSeq 6000		European_Dogs		M							12/05/2018			D		0	WestHighlandWhiteTerr13	Dogs	European_Dogs
WestHighlandWhiteTerr15		WestHighlandWhiteTerr15_21964	Canis	familiaris	West_Highland_White_Terrier	WHWT									0				PRJNA685036	SAMN17192128	Illumina NovaSeq 6000		European_Dogs		M							12/05/2018			D		0	WestHighlandWhiteTerr15	Dogs	European_Dogs
WestHighlandWhiteTerr16		WestHighlandWhiteTerr16_21971	Canis	familiaris	West_Highland_White_Terrier	WHWT									0				PRJNA685036	SAMN17192129	Illumina NovaSeq 6000		European_Dogs		M							12/05/2018			D		0	WestHighlandWhiteTerr16	Dogs	European_Dogs
WestHighlandWhiteTerr17		WestHighlandWhiteTerr17_23537	Canis	familiaris	West_Highland_White_Terrier	WHWT									0				PRJNA685036	SAMN17192130	Illumina NovaSeq 6000		European_Dogs		F							12/05/2018			D		0	WestHighlandWhiteTerr17	Dogs	European_Dogs
WestHighlandWhiteTerr18		WestHighlandWhiteTerr18_24496	Canis	familiaris	West_Highland_White_Terrier	WHWT									0				PRJNA685036	SAMN17192131	Illumina NovaSeq 6000		European_Dogs									12/05/2018			D		0	WestHighlandWhiteTerr18	Dogs	European_Dogs
WestHighlandWhiteTerr19	ERR2750975	WestHighlandWhiteTerr19	Canis	familiaris	West_Highland_White_Terrier	WHWT									0				PRJEB16012	SAMEA4848706	Illumina HiSeq 3000		European_Dogs				31.2047	4.22047	7.39365521						D		0	WestHighlandWhiteTerr19	Dogs	European_Dogs
WestHighlandWhiteTerr20	ERR2865324	WestHighlandWhiteTerr20	Canis	familiaris	West_Highland_White_Terrier	WHWT									0				PRJEB16012	SAMEA5059501	Illumina NovaSeq 6000		European_Dogs				10.7433	2.4244	4.43132321						D		0	WestHighlandWhiteTerr20	Dogs	European_Dogs
WestHighlandWhiteTerr21	ERR2865325	WestHighlandWhiteTerr21	Canis	familiaris	West_Highland_White_Terrier	WHWT									0				PRJEB16012	SAMEA5059502	Illumina HiSeq 2500		European_Dogs				9.41255	2.62337	3.58796129						D		0	WestHighlandWhiteTerr21	Dogs	European_Dogs
WestHighlandWhiteTerr22	ERR2865326	WestHighlandWhiteTerr22	Canis	familiaris	West_Highland_White_Terrier	WHWT									0				PRJEB16012	SAMEA5059503	Illumina HiSeq 2500		European_Dogs				7.34365	2.55689	2.87210244						D		0	WestHighlandWhiteTerr22	Dogs	European_Dogs
WestHighlandWhiteTerr23	ERR2865327	WestHighlandWhiteTerr23	Canis	familiaris	West_Highland_White_Terrier	WHWT									0				PRJEB16012	SAMEA5059504	Illumina HiSeq 2500		European_Dogs				14.7843	2.86699	5.15673232						D		0	WestHighlandWhiteTerr23	Dogs	European_Dogs
WestHighlandWhiteTerr24	ERR2865328	WestHighlandWhiteTerr24	Canis	familiaris	West_Highland_White_Terrier	WHWT									0				PRJEB16012	SAMEA5059505	Illumina HiSeq 2500		European_Dogs				11.7749	2.80242	4.20168997						D		0	WestHighlandWhiteTerr24	Dogs	European_Dogs
WestHighlandWhiteTerr25	ERR2865329	WestHighlandWhiteTerr25	Canis	familiaris	West_Highland_White_Terrier	WHWT									0				PRJEB16012	SAMEA5059506	Illumina HiSeq 2500		European_Dogs				7.63702	2.2717	3.36180834						D		0	WestHighlandWhiteTerr25	Dogs	European_Dogs
WestHighlandWhiteTerr26	ERR2865330	WestHighlandWhiteTerr26	Canis	familiaris	West_Highland_White_Terrier	WHWT									0				PRJEB16012	SAMEA5059507	Illumina HiSeq 2500		European_Dogs				10.343	2.4303	4.25585319						D		0	WestHighlandWhiteTerr26	Dogs	European_Dogs
WestHighlandWhiteTerr27	ERR2865331	WestHighlandWhiteTerr27	Canis	familiaris	West_Highland_White_Terrier	WHWT									0				PRJEB16012	SAMEA5059508	Illumina HiSeq 2500		European_Dogs				10.6589	2.7885	3.82244935						D		0	WestHighlandWhiteTerr27	Dogs	European_Dogs
WestHighlandWhiteTerr28	ERR2865332	WestHighlandWhiteTerr28	Canis	familiaris	West_Highland_White_Terrier	WHWT									0				PRJEB16012	SAMEA5059509	Illumina HiSeq 2500		European_Dogs				6.91127	2.13324	3.23979955						D		0	WestHighlandWhiteTerr28	Dogs	European_Dogs
WestHighlandWhiteTerr29	ERR2865333	WestHighlandWhiteTerr29	Canis	familiaris	West_Highland_White_Terrier	WHWT									0				PRJEB16012	SAMEA5059510	Illumina HiSeq 2500		European_Dogs		M		10.8313	2.932	3.6941678						D		0	WestHighlandWhiteTerr29	Dogs	European_Dogs
Whippet01		Whippet01	Canis	familiaris	Whippet	WHIP									0				PRJEB16012	SAMEA4506886	Illumina HiSeq 2500		European_Dogs		F		26.5844	14.8847	1.78602189						D		0	Whippet01	Dogs	European_Dogs
Whippet02	CRR037899	Whippet02_27884	Canis	familiaris	Whippet	WHIP									0				PRJNA648123	SAMN15626044	Illumina HiSeq 3000		European_Dogs		M		20.9507	20.8463	1.00500808						D		0	Whippet02	Dogs	European_Dogs
Whippet03	CRR037900	Whippet03_27897	Canis	familiaris	Whippet	WHIP									0				PRJNA648123	SAMN15626045	Illumina HiSeq 3000		European_Dogs				19.5402	10.8161	1.80658463						D		0	Whippet03	Dogs	European_Dogs
Whippet04	SRR10752617	Whippet04	Canis	familiaris	Whippet	WHIP									0				PRJNA263947	SAMN13655893	Illumina NovaSeq 6000		European_Dogs		F		34.6495	19.0099	1.82270817						D		0	Whippet04	Dogs	European_Dogs
WireFoxTerrier01	CRR055082	WireFoxTerrier01_8391	Canis	familiaris	Wire_Fox_Terrier	WIFX									0				PRJNA648123	SAMN15626049	Illumina HiSeq 3000		European_Dogs		F		18.5254	18.3679	1.00857474						D		0	WireFoxTerrier01	Dogs	European_Dogs
WireFoxTerrier02	CRR055086	WireFoxTerrier02_11119	Canis	familiaris	Wire_Fox_Terrier	WIFX									0				PRJNA648123	SAMN15626050	Illumina HiSeq 3000		European_Dogs		M		23.1895	22.8656	1.01416538						D		0	WireFoxTerrier02	Dogs	European_Dogs
WirehairedPointingGriffon01	CRR055117	WirehairedPointingGriffon01_27154	Canis	familiaris	Wirehaired_Pointing_Griffon	WHPG									0				PRJNA648123	SAMN15626046	Illumina HiSeq 3000		European_Dogs		F		20.8028	20.7686	1.00164672						D		0	WirehairedPointingGriffon01	Dogs	European_Dogs
WirehairedPointingGriffon02	CRR055118	WirehairedPointingGriffon02_27155	Canis	familiaris	Wirehaired_Pointing_Griffon	WHPG									0				PRJNA648123	SAMN15626047	Illumina HiSeq 3000		European_Dogs				21.3499	21.3815	0.99852209						D		0	WirehairedPointingGriffon02	Dogs	European_Dogs
WirehairedPointingGriffon03	CRR078234	WirehairedPointingGriffon03_27549	Canis	familiaris	Wirehaired_Pointing_Griffon	WHPG									0				PRJNA648123	SAMN15626048	Illumina HiSeq 3000		European_Dogs		F		18.089	10.1247	1.78662084						D		0	WirehairedPointingGriffon03	Dogs	European_Dogs
Wolf01	SRS402038	Wolf01	Canis	lupus	Grey_Wolf	WOLF									0				PRJNA192935	SAMN01974486	Illumina Genome Analyzer IIx		Eastern_Eurasian_Wolves		F		12.4528	13.6125	0.91480624						W	"Altai, Russia"	0	Wolf01	Eastern_Eurasian_Wolves	Wolves
Wolf02	SRS402061	Wolf02	Canis	lupus	Grey_Wolf	WOLF									0				PRJNA192935	SAMN01974487	Illumina Genome Analyzer IIx		Eastern_Eurasian_Wolves		F		9.6649	8.96912	1.07757506						W	"Chukotka, Russia"	0	Wolf02	Eastern_Eurasian_Wolves	Wolves
Wolf03	SRS402066	Wolf03	Canis	lupus	Grey_Wolf	WOLF									0				PRJNA192935	SAMN01974488	Illumina Genome Analyzer IIx		Western_Eurasian_Wolves		F		13.5477	12.8373	1.05533874						W	"Bryansk, Russia"	0	Wolf03	Western_Eurasian_Wolves	Wolves
Wolf04	SRS401789	GW4	Canis	lupus	Grey_Wolf	WOLF									0				PRJNA192935	SAMN01974489	Illumina Genome Analyzer IIx		Eastern_Eurasian_Wolves		F		9.33504	9.76403	0.95606425						W		0	Wolf04	Western_Eurasian_Wolves	Wolves
Wolf05	RKW13451	Wolf05	Canis	lupus	Grey_Wolf_China	WOLF									0				PRJNA274504	SAMN03366711	Illumina HiSeq 2000		Eastern_Eurasian_Wolves		F		28.1687	28.1775	0.99968769						W	China	0	Wolf05	Eastern_Eurasian_Wolves	Wolves
Wolf06	RKW3919	Wolf06	Canis	lupus	Grey_Wolf_Croatian	WOLF									0				PRJNA274504	SAMN03366712	Illumina HiSeq 2000		Western_Eurasian_Wolves		F		8.98274	9.37689	0.95796581						W		0	Wolf06	Western_Eurasian_Wolves	Wolves
Wolf07	RKW13759	Wolf07	Canis	lupus	Grey_Wolf_Israeli	WOLF									0				PRJNA274504	SAMN03366710	Illumina HiSeq 2000		Western_Eurasian_Wolves		M		7.0194	7.19562	0.9755101						W		0	Wolf07	Western_Eurasian_Wolves	Wolves
Wolf08		Wolf08	Canis	lupus	Grey_Wolf	WOLF									0				PRJNA288568	SAMN03801694	Illumina Genome Analyzer IIx		Unknown				22.284	12.5956	1.76918924						W		0	Wolf08	Western_Eurasian_Wolves	Wolves
Wolf100	IsleRoyale_CL25	Wolf100	Canis	lupus	Grey_Wolf	WOLF									0				PRJNA512209	SAMN10662586	Illumina HiSeq 4000		North_American_Wolves												W		0	Wolf100	North_American_Wolves	Wolves
Wolf101	IsleRoyale_CL55	Wolf101	Canis	lupus	Grey_Wolf	WOLF									0				PRJNA512209	SAMN10662590	Illumina HiSeq 4000		North_American_Wolves												W		0	Wolf101	North_American_Wolves	Wolves
Wolf102	IsleRoyale_CL61	Wolf102	Canis	lupus	Grey_Wolf	WOLF									0				PRJNA512209	SAMN10662582	Illumina HiSeq 4000		North_American_Wolves												W		0	Wolf102	North_American_Wolves	Wolves
Wolf103	IsleRoyale_CL62	Wolf103	Canis	lupus	Grey_Wolf	WOLF									0				PRJNA512209	SAMN10662587	Illumina HiSeq 4000		North_American_Wolves												W		0	Wolf103	North_American_Wolves	Wolves
Wolf104	IsleRoyale_CL65	Wolf104	Canis	lupus	Grey_Wolf	WOLF									0				PRJNA512209	SAMN10662579	Illumina HiSeq 4000		North_American_Wolves												W		0	Wolf104	North_American_Wolves	Wolves
Wolf105	IsleRoyale_CL67	Wolf105	Canis	lupus	Grey_Wolf	WOLF									0				PRJNA512209	SAMN10662571	Illumina HiSeq 4000		North_American_Wolves												W		0	Wolf105	North_American_Wolves	Wolves
Wolf106	IsleRoyale_CL75	Wolf106	Canis	lupus	Grey_Wolf	WOLF									0				PRJNA512209	SAMN10662581	Illumina HiSeq 4000		North_American_Wolves												W		0	Wolf106	North_American_Wolves	Wolves
Wolf107	RKW119	RWJR007	Canis	lupus	Grey_Wolf	WOLF									0				PRJNA512209	SAMN10662583	Illumina HiSeq 4000		North_American_Wolves												W	"Minnesota, USA"	0	Wolf107	North_American_Wolves	Wolves
Wolf108	RKW2515	RWJR016	Canis	lupus	Grey_Wolf	WOLF									0				PRJNA512209	SAMN10662591	Illumina HiSeq 4000		North_American_Wolves												W	"Minnesota, USA"	0	Wolf108	North_American_Wolves	Wolves
Wolf109	RKW2518	RWJR012	Canis	lupus	Grey_Wolf	WOLF									0				PRJNA512209	SAMN10662588	Illumina HiSeq 4000		North_American_Wolves												W	"Minnesota, USA"	0	Wolf109	North_American_Wolves	Wolves
Wolf110	RKW2524	RWJR003	Canis	lupus	Grey_Wolf	WOLF									0				PRJNA512209	SAMN10662580	Illumina HiSeq 4000		North_American_Wolves												W	"Minnesota, USA"	0	Wolf110	North_American_Wolves	Wolves
Wolf111	ohc	Wolf111	Canis	latrans	Coyote	WOLF									0				PRJNA331222	SAMN05879408	Illumina HiSeq 2000		Coyotes												C		0	Wolf111	Outgroup	Coyotes
Wolf112	WisconsinWolf	rwsh5	Canis	lupus	Grey_Wolf	WOLF									0				PRJNA331222	SAMN05879409	Illumina HiSeq 2000		North_American_Wolves		M										W		0	Wolf112	North_American_Wolves	Wolves
Wolf18	glw	Wolf18	Canis	lupus	Grey_Wolf_Great_Lakes	WOLF									0				PRJNA255370	SAMN02921310	Illumina HiSeq 1500		North_American_Wolves		M		26.3129	14.7184	1.78775546						W	Great Lakes	0	Wolf18	North_American_Wolves	Wolves
Wolf19	inw	Wolf19	Canis	lupus	Grey_Wolf_India	WOLF									0				PRJNA255370	SAMN02921311	Illumina HiSeq 1500		Eastern_Eurasian_Wolves		F		27.129	15.0257	1.80550657						W	India	0	Wolf19	Eastern_Eurasian_Wolves	Wolves
Wolf20	irw	Wolf20	Canis	lupus	Grey_Wolf_Iran	WOLF									0				PRJNA255370	SAMN02921312	Illumina HiSeq 1000		Western_Eurasian_Wolves		M		29.65	29.8495	0.99331647						W	Iran	0	Wolf20	Western_Eurasian_Wolves	Wolves
Wolf21	ita	Wolf21	Canis	lupus	Grey_Wolf_Italy	WOLF									0				PRJNA255370	SAMN02921313	Illumina HiSeq 1000		Western_Eurasian_Wolves		F		6.68044	3.90077	1.71259521						W		0	Wolf21	Western_Eurasian_Wolves	Wolves
Wolf22	mxa	Wolf22	Canis	lupus	Grey_Wolf_Mexico	WOLF									0				PRJNA255370	SAMN02921314	Illumina HiSeq 1000		North_American_Wolves		F		25.3472	25.303	1.00174683						W	Mexico	0	Wolf22	North_American_Wolves	Wolves
Wolf23	mxb	Wolf23	Canis	lupus	Grey_Wolf_Mexico	WOLF									0				PRJNA255370	SAMN02921315	Illumina HiSeq 1000		North_American_Wolves		F		6.13001	6.09244	1.00616666						W		0	Wolf23	North_American_Wolves	Wolves
Wolf24	ptw	Wolf24	Canis	lupus	Grey_Wolf_Portugal	WOLF									0				PRJNA255370	SAMN02921316	Illumina HiSeq 1500		Western_Eurasian_Wolves		F		27.7977	27.9569	0.99430552						W	Portugal	0	Wolf24	Western_Eurasian_Wolves	Wolves
Wolf25	rwa	Wolf25	Canis	rufus	Red_Wolf	RWLF									0				PRJNA255370	SAMN02921317	Illumina HiSeq 1000		Red_Eastern_Wolves		F		28.5001	15.8748	1.79530451						R		0	Wolf25	Red_Eastern_Wolves	Wolves
Wolf26	rwb	Wolf26	Canis	rufus	Red_Wolf	RWLF									0				PRJNA255370	SAMN02921318	Illumina HiSeq 1000		Red_Eastern_Wolves		F		7.12487	7.13036	0.99923005						R		0	Wolf26	North_American_Wolves	Wolves
Wolf27	spw	Wolf27	Canis	lupus	Grey_Wolf_Spain	WOLF									0				PRJNA255370	SAMN02921319	Illumina HiSeq 1000		Western_Eurasian_Wolves		F		27.37	27.552	0.99339431						W	Spain	0	Wolf27	Western_Eurasian_Wolves	Wolves
Wolf28	ysa	Wolf28	Canis	lupus	Grey_Wolf_Yellowstone	WOLF									0				PRJNA255370	SAMN02921320	Illumina HiSeq 1000		North_American_Wolves		M		27.9369	27.7152	1.00799922						W	Yellowstone	0	Wolf28	North_American_Wolves	Wolves
Wolf29	ysb	Wolf29	Canis	lupus	Grey_Wolf_Yellowstone	WOLF									0				PRJNA255370	SAMN02921321	Illumina HiSeq 1000		North_American_Wolves		M		25.8537	14.2722	1.81147265						W	Yellowstone	0	Wolf29	North_American_Wolves	Wolves
Wolf30	ysc	Wolf30	Canis	lupus	Grey_Wolf_Yellowstone	WOLF									0				PRJNA255370	SAMN02921322	Illumina HiSeq 1000		Eastern_Eurasian_Wolves		F		6.48707	3.95368	1.64076759						W		0	Wolf30	Eastern_Eurasian_Wolves	Wolves
Wolf31	LUPWCHN00003	Wolf31	Canis	lupus	Grey_Wolf_China	WOLF									0				PRJNA266585	SAMN03168394	Illumina HiSeq 2000		Eastern_Eurasian_Wolves		M		17.2259	17.1142	1.00652674						W	China	0	Wolf31	Eastern_Eurasian_Wolves	Wolves
Wolf32	LUPWCHN00008	Wolf32	Canis	lupus	Grey_Wolf_China	WOLF									0				PRJNA266585	SAMN03168397	Illumina HiSeq 2000		Eastern_Eurasian_Wolves		M		15.1332	9.02475	1.67685532						W	China	0	Wolf32	Eastern_Eurasian_Wolves	Wolves
Wolf33	LUPWCHN00010	Wolf33	Canis	lupus	Grey_Wolf_China	WOLF									0				PRJNA266585	SAMN03168399	Illumina HiSeq 2000		Eastern_Eurasian_Wolves		M		19.0856	10.691	1.78520251						W	China	0	Wolf33	Eastern_Eurasian_Wolves	Wolves
Wolf34	LUPZCHN00006	Wolf34	Canis	lupus	Grey_Wolf_China	WOLF									0				PRJNA266585	SAMN03168396	Illumina HiSeq 2000		Eastern_Eurasian_Wolves		F		17.4116	10.2606	1.6969378						W	China	0	Wolf34	Eastern_Eurasian_Wolves	Wolves
Wolf35	LUPWCHN00009	Wolf35	Canis	lupus	Grey_Wolf_China	WOLF									0				PRJNA266585	SAMN03168398	Illumina HiSeq 2000		Eastern_Eurasian_Wolves		M		31.8593	37.4715	0.85022751						W	China	0	Wolf35	Eastern_Eurasian_Wolves	Wolves
Wolf36	LUPWCHN00013	Wolf36	Canis	lupus	Grey_Wolf_China	WOLF									0				PRJNA266585	SAMN03168400	Illumina HiSeq 2000		Eastern_Eurasian_Wolves		M		21.2439	14.2272	1.4931891						W	China	0	Wolf36	Eastern_Eurasian_Wolves	Wolves
Wolf37	LUPZCHN00002	Wolf37	Canis	lupus	Grey_Wolf_China	WOLF									0				PRJNA266585	SAMN03168393	Illumina HiSeq 2000		Eastern_Eurasian_Wolves		M		11.0496	6.56237	1.68378193						W	China	0	Wolf37	Eastern_Eurasian_Wolves	Wolves
Wolf38	LUPZCHN00005	Wolf38	Canis	lupus	Grey_Wolf_China	WOLF									0				PRJNA266585	SAMN03168395	Illumina HiSeq 2000		Eastern_Eurasian_Wolves		F		9.22011	5.52132	1.66991046						W		0	Wolf38	Eastern_Eurasian_Wolves	Wolves
Wolf39	Penelope	Wolf39	Canis	lupus	Grey_Wolf_Iberian	WOLF									0				PRJNA318403	SAMN04851099	Illumina HiSeq 2500		Western_Eurasian_Wolves		F		38.6133	39.1645	0.98592603						W	Iberia	0	Wolf39	Western_Eurasian_Wolves	Wolves
Wolf40	RKW1387	Wolf40	Canis	lupus	Grey_Wolf_IsleRoyale	WOLF									0				PRJNA299506	SAMN04209256	Illumina HiSeq 2000		North_American_Wolves		M		16.4303	16.3265	1.00635776						W	Isle Royale	0	Wolf40	North_American_Wolves	Wolves
Wolf41	im5	Wolf41	Canis	lupus	Wolf	WOLF									0				PRJNA361023	SAMN06219538	Illumina HiSeq 2000		Eastern_Eurasian_Wolves		F		45.4468	25.4691	1.78438971						W		0	Wolf41	North_American_Wolves	Wolves
Wolf42	ti3	Wolf42	Canis	lupus	Wolf	WOLF									0				PRJNA361023	SAMN06219539	Illumina HiSeq 2000		Eastern_Eurasian_Wolves				42.5143	42.2128	1.00714238						W		0	Wolf42	North_American_Wolves	Wolves
Wolf43	D-05-18	Wolf43	Canis	lupus	Grey_Wolf	WOLF									0				PRJEB20635	SAMEA104090978	Illumina HiSeq X Ten		Western_Eurasian_Wolves												W	Norway	0	Wolf43	Western_Eurasian_Wolves	Wolves
Wolf44	D-77-01	Wolf44	Canis	lupus	Grey_Wolf	WOLF									0				PRJEB20635	SAMEA104091004	Illumina HiSeq X Ten		Western_Eurasian_Wolves												W	Sweden	0	Wolf44	Western_Eurasian_Wolves	Wolves
Wolf45	D-79-01	Wolf45	Canis	lupus	Grey_Wolf	WOLF									0				PRJEB20635	SAMEA104091005	Illumina HiSeq X Ten		Western_Eurasian_Wolves												W	Sweden	0	Wolf45	Western_Eurasian_Wolves	Wolves
Wolf46	D-85-01	Wolf46	Canis	lupus	Grey_Wolf	WOLF									0				PRJEB20635	SAMEA104091007	Illumina HiSeq X Ten		Western_Eurasian_Wolves												W	Sweden	0	Wolf46	Western_Eurasian_Wolves	Wolves
Wolf47	G23-13	Wolf47	Canis	lupus	Grey_Wolf	WOLF									0				PRJEB20635	SAMEA104091033	Illumina HiSeq X Ten		Western_Eurasian_Wolves												W	Sweden	0	Wolf47	Western_Eurasian_Wolves	Wolves
Wolf48	G31-13	Wolf48	Canis	lupus	Grey_Wolf	WOLF									0				PRJEB20635	SAMEA104091035	Illumina HiSeq X Ten		Western_Eurasian_Wolves												W	Sweden	0	Wolf48	Western_Eurasian_Wolves	Wolves
Wolf49	G82-10	Wolf49	Canis	lupus	Grey_Wolf	WOLF									0				PRJEB20635	SAMEA104091044	Illumina HiSeq X Ten		Western_Eurasian_Wolves												W	Sweden	0	Wolf49	Western_Eurasian_Wolves	Wolves
Wolf50	M-02-15	Wolf50	Canis	lupus	Grey_Wolf	WOLF									0				PRJEB20635	SAMEA104091053	Illumina HiSeq X Ten		Western_Eurasian_Wolves												W	Sweden	0	Wolf50	Western_Eurasian_Wolves	Wolves
Wolf51	M-05-01	Wolf51	Canis	lupus	Grey_Wolf	WOLF									0				PRJEB20635	SAMEA104091056	Illumina HiSeq X Ten		Western_Eurasian_Wolves												W	Sweden	0	Wolf51	Western_Eurasian_Wolves	Wolves
Wolf52	M-07-02	Wolf52	Canis	lupus	Grey_Wolf	WOLF									0				PRJEB20635	SAMEA104091060	Illumina HiSeq X Ten		Western_Eurasian_Wolves												W		0	Wolf52	Western_Eurasian_Wolves	Wolves
Wolf53	M-09-03	Wolf53	Canis	lupus	Grey_Wolf	WOLF									0				PRJEB20635	SAMEA104091062	Illumina HiSeq X Ten		Western_Eurasian_Wolves												W	Sweden	0	Wolf53	Western_Eurasian_Wolves	Wolves
Wolf54	M-10-10	Wolf54	Canis	lupus	Grey_Wolf	WOLF									0				PRJEB20635	SAMEA104091066	Illumina HiSeq X Ten		Western_Eurasian_Wolves												W	Norway	0	Wolf54	Western_Eurasian_Wolves	Wolves
Wolf55	GreyWolf_SaudiArabia	Wolf55	Canis	lupus	Grey_Wolf	WOLF									0				PRJNA494815	SAMN10180428	Illumina HiSeq 2500		Western_Eurasian_Wolves												W		0	Wolf55	Western_Eurasian_Wolves	Wolves
Wolf56	GreyWolf_Syria	Wolf56	Canis	lupus	Grey_Wolf	WOLF									0				PRJNA494815	SAMN10180429	Illumina HiSeq 2500		Western_Eurasian_Wolves												W		0	Wolf56	Western_Eurasian_Wolves	Wolves
Wolf57	GreyWolf_Greenland	Wolf57	Canis	lupus	Grey_Wolf	WOLF									0				PRJNA494815	SAMN10180430	Illumina HiSeq 2500		North_American_Wolves												W		0	Wolf57	North_American_Wolves	Wolves
Wolf58	GreyWolf_Alaska1	Wolf58	Canis	lupus	Grey_Wolf	WOLF									0				PRJNA496590	SAMN10246085	Illumina HiSeq 2500		North_American_Wolves												W		0	Wolf58	North_American_Wolves	Wolves
Wolf59	GreyWolf_AtlanticCoast	Wolf59	Canis	lupus	Grey_Wolf	WOLF									0				PRJNA496590	SAMN10246086	Illumina HiSeq 2500		North_American_Wolves												W		0	Wolf59	North_American_Wolves	Wolves
Wolf60	GreyWolf_BaffinNorth	Wolf60	Canis	lupus	Grey_Wolf	WOLF									0				PRJNA496590	SAMN10246087	Illumina HiSeq 2500		North_American_Wolves												W		0	Wolf60	North_American_Wolves	Wolves
Wolf61	GreyWolf_BaffinSouth	Wolf61	Canis	lupus	Grey_Wolf	WOLF									0				PRJNA496590	SAMN10246088	Illumina HiSeq 2500		North_American_Wolves												W		0	Wolf61	North_American_Wolves	Wolves
Wolf62	GreyWolf_BanksIsland	Wolf62	Canis	lupus	Grey_Wolf	WOLF									0				PRJNA496590	SAMN10246089	Illumina HiSeq 2500		North_American_Wolves												W		0	Wolf62	North_American_Wolves	Wolves
Wolf63	GreyWolf_Ellesmere2	Wolf63	Canis	lupus	Grey_Wolf	WOLF									0				PRJNA496590	SAMN10246090	Illumina HiSeq 2500		North_American_Wolves												W		0	Wolf63	North_American_Wolves	Wolves
Wolf64	GreyWolf_PacificCoast	Wolf64	Canis	lupus	Grey_Wolf	WOLF									0				PRJNA496590	SAMN10246091	Illumina HiSeq 2500		North_American_Wolves												W		0	Wolf64	North_American_Wolves	Wolves
Wolf65	GreyWolf_Qamanirjuaq	Wolf65	Canis	lupus	Grey_Wolf	WOLF									0				PRJNA496590	SAMN10246092	Illumina HiSeq 2500		North_American_Wolves												W		0	Wolf65	North_American_Wolves	Wolves
Wolf66	GreyWolf_Saskatchewan	Wolf66	Canis	lupus	Grey_Wolf	WOLF									0				PRJNA496590	SAMN10246093	Illumina HiSeq 2500		North_American_Wolves												W		0	Wolf66	North_American_Wolves	Wolves
Wolf67	GreyWolf_StLawrenceIsland	Wolf67	Canis	lupus	Grey_Wolf	WOLF									0				PRJNA496590	SAMN10246094	Illumina HiSeq 2500		North_American_Wolves												W		0	Wolf67	North_American_Wolves	Wolves
Wolf68	GreyWolf_Toronto	Wolf68	Canis	lupus	Grey_Wolf	WOLF									0				PRJNA496590	SAMN10246095	Illumina HiSeq 2500		North_American_Wolves												W		0	Wolf68	North_American_Wolves	Wolves
Wolf69	GreyWolf_VictoriaIsland	Wolf69	Canis	lupus	Grey_Wolf	WOLF									0				PRJNA496590	SAMN10246096	Illumina HiSeq 2500		North_American_Wolves												W		0	Wolf69	North_American_Wolves	Wolves
Wolf70	GW1	Wolf70	Canis	lupus	Grey_Wolf	WOLF									0				PRJCA001183	SAMC052941	Illumina HiSeq 2500		Western_Eurasian_Wolves												W	Iran	0	Wolf70	Western_Eurasian_Wolves	Wolves
Wolf71	GW2	Wolf71	Canis	lupus	Grey_Wolf	WOLF									0				PRJCA001183	SAMC052942	Illumina HiSeq 2500		Western_Eurasian_Wolves												W	Iran	0	Wolf71	Western_Eurasian_Wolves	Wolves
Wolf72	GW3	Wolf72	Canis	lupus	Grey_Wolf	WOLF									0				PRJCA001183	SAMC052943	Illumina HiSeq 2500		Western_Eurasian_Wolves												W	Iran	0	Wolf72	Western_Eurasian_Wolves	Wolves
Wolf73	LUP006645	Wolf73	Canis	lupus	Grey_Wolf	WOLF									0				PRJNA648123	SAMN17023516	Illumina HiSeq 3000		Western_Eurasian_Wolves												W	Sweden	0	Wolf73	Western_Eurasian_Wolves	Wolves
Wolf74	LUP006646	Wolf74	Canis	lupus	Grey_Wolf	WOLF									0				PRJNA648123	SAMN17023517	Illumina HiSeq 3000		Western_Eurasian_Wolves												W	Sweden	0	Wolf74	Western_Eurasian_Wolves	Wolves
Wolf75	LUP006647	Wolf75	Canis	lupus	Grey_Wolf	WOLF									0				PRJNA648123	SAMN17023518	Illumina HiSeq 3000		Western_Eurasian_Wolves												W	Sweden	0	Wolf75	Western_Eurasian_Wolves	Wolves
Wolf76	LUP006648	Wolf76	Canis	lupus	Grey_Wolf	WOLF									0				PRJNA648123	SAMN17023519	Illumina HiSeq 3000		Western_Eurasian_Wolves												W	Sweden	0	Wolf76	Western_Eurasian_Wolves	Wolves
Wolf77	LUP006649	Wolf77	Canis	lupus	Grey_Wolf	WOLF									0				PRJNA648123	SAMN17023520	Illumina HiSeq 3000		Western_Eurasian_Wolves												W	Sweden	0	Wolf77	Western_Eurasian_Wolves	Wolves
Wolf78	LUP006650	Wolf78	Canis	lupus	Grey_Wolf	WOLF									0				PRJNA648123	SAMN17023521	Illumina HiSeq 3000		Western_Eurasian_Wolves												W	Sweden	0	Wolf78	Western_Eurasian_Wolves	Wolves
Wolf79	LUP006817	Wolf79	Canis	lupus	Grey_Wolf	WOLF									0				PRJNA648123	SAMN17023496	Illumina HiSeq 3000		Western_Eurasian_Wolves												W	Greece	0	Wolf79	Western_Eurasian_Wolves	Wolves
Wolf80	LUP006818	Wolf80	Canis	lupus	Grey_Wolf	WOLF									0				PRJNA648123	SAMN17023497	Illumina HiSeq 3000		Western_Eurasian_Wolves												W	Greece	0	Wolf80	Western_Eurasian_Wolves	Wolves
Wolf81	LUP006819	Wolf81	Canis	lupus	Grey_Wolf	WOLF									0				PRJNA648123	SAMN17023498	Illumina HiSeq 3000		Western_Eurasian_Wolves												W	Greece	0	Wolf81	Western_Eurasian_Wolves	Wolves
Wolf82	LUP006820	Wolf82	Canis	lupus	Grey_Wolf	WOLF									0				PRJNA648123	SAMN17023499	Illumina HiSeq 3000		Western_Eurasian_Wolves												W	Greece	0	Wolf82	Western_Eurasian_Wolves	Wolves
Wolf83	LUP006821	Wolf83	Canis	lupus	Grey_Wolf	WOLF									0				PRJNA648123	SAMN17023500	Illumina HiSeq 3000		Western_Eurasian_Wolves												W	Greece	0	Wolf83	Western_Eurasian_Wolves	Wolves
Wolf84	LUP006822	Wolf84	Canis	lupus	Grey_Wolf	WOLF									0				PRJNA648123	SAMN17023501	Illumina HiSeq 3000		Western_Eurasian_Wolves												W	Greece	0	Wolf84	Western_Eurasian_Wolves	Wolves
Wolf85	LUP006823	Wolf85	Canis	lupus	Grey_Wolf	WOLF									0				PRJNA648123	SAMN17023502	Illumina HiSeq 3000		Western_Eurasian_Wolves												W	Greece	0	Wolf85	Western_Eurasian_Wolves	Wolves
Wolf86	LUP006824	Wolf86	Canis	lupus	Grey_Wolf	WOLF									0				PRJNA648123	SAMN17023503	Illumina HiSeq 3000		Western_Eurasian_Wolves												W	Greece	0	Wolf86	Western_Eurasian_Wolves	Wolves
Wolf87	LUP006825	Wolf87	Canis	lupus	Grey_Wolf	WOLF									0				PRJNA648123	SAMN17023504	Illumina HiSeq 3000		Western_Eurasian_Wolves												W	Greece	0	Wolf87	Western_Eurasian_Wolves	Wolves
Wolf88	LUP006826	Wolf88	Canis	lupus	Grey_Wolf	WOLF									0				PRJNA648123	SAMN17023505	Illumina HiSeq 3000		Western_Eurasian_Wolves												W	Greece	0	Wolf88	Western_Eurasian_Wolves	Wolves
Wolf89	LUP006827	Wolf89	Canis	lupus	Grey_Wolf	WOLF									0				PRJNA648123	SAMN17023506	Illumina HiSeq 3000		Western_Eurasian_Wolves												W	Greece	0	Wolf89	Western_Eurasian_Wolves	Wolves
Wolf90	LUP006828	Wolf90	Canis	lupus	Grey_Wolf	WOLF									0				PRJNA648123	SAMN17023507	Illumina HiSeq 3000		Western_Eurasian_Wolves												W	Greece	0	Wolf90	Western_Eurasian_Wolves	Wolves
Wolf91	gw_montana	Wolf91	Canis	lupus	Grey_Wolf	WOLF									0				PRJEB31639	SAMEA7091403	Illumina NovaSeq 6000		North_American_Wolves												W		0	Wolf91	North_American_Wolves	Wolves
Wolf92	Buffin_CD130	RKW7639	Canis	lupus	Grey_Wolf	WOLF									0				PRJNA512209	SAMN10662574	HiSeq X Ten		North_American_Wolves												W		0	Wolf92	North_American_Wolves	Wolves
Wolf93	Ellesmere_GF44	Wolf93	Canis	lupus	Grey_Wolf	WOLF									0				PRJNA512209	SAMN10662575	HiSeq X Ten		North_American_Wolves												W		0	Wolf93	North_American_Wolves	Wolves
Wolf94	Nunavut	Wolf94	Canis	lupus	Grey_Wolf	WOLF									0				PRJNA512209	SAMN10662576	HiSeq X Ten		North_American_Wolves												W		0	Wolf94	North_American_Wolves	Wolves
Wolf95	Victoria_CB125	RKW7619	Canis	lupus	Grey_Wolf	WOLF									0				PRJNA512209	SAMN10662573	HiSeq X Ten		North_American_Wolves												W		0	Wolf95	North_American_Wolves	Wolves
Wolf96	IsleRoyale_CL141	Wolf96	Canis	lupus	Grey_Wolf	WOLF									0				PRJNA512209	SAMN10662572	Illumina HiSeq 4000		North_American_Wolves												W		0	Wolf96	North_American_Wolves	Wolves
Wolf97	IsleRoyale_CL152	Wolf97	Canis	lupus	Grey_Wolf	WOLF									0				PRJNA512209	SAMN10662578	Illumina HiSeq 4000		North_American_Wolves												W		0	Wolf97	North_American_Wolves	Wolves
Wolf98	IsleRoyale_CL175	Wolf98	Canis	lupus	Grey_Wolf	WOLF									0				PRJNA512209	SAMN10662589	Illumina HiSeq 4000		North_American_Wolves												W		0	Wolf98	North_American_Wolves	Wolves
Wolf99	IsleRoyale_CL189	Wolf99	Canis	lupus	Grey_Wolf	WOLF									0				PRJNA512209	SAMN10662584	Illumina HiSeq 4000		North_American_Wolves		M										W		0	Wolf99	North_American_Wolves	Wolves
WolfTibetan01	BGI-01505070008	WolfTibetan01	Canis	lupus	Grey_Wolf	WOLF						27.317	15.3202	1.78307072	0				PRJNA448733	SAMN03652997	Illumina HiSeq 2000		Eastern_Eurasian_Wolves		F										W		0	WolfTibetan01	Eastern_Eurasian_Wolves	Wolves
WolfTibetan02	BGI-01505070001	WolfTibetan02	Canis	lupus	Grey_Wolf_Tibet	WOLF						27.2582	27.3894	0.99520983	0				PRJNA448733	SAMN03653003	Illumina HiSeq 2000		Eastern_Eurasian_Wolves		F										W		0	WolfTibetan02	Eastern_Eurasian_Wolves	Wolves
WolfTibetan03	BGI-01505070002	WolfTibetan03	Canis	lupus	Grey_Wolf_Tibet	WOLF						27.7631	27.7865	0.99915786	0				PRJNA448733	SAMN03652998	Illumina HiSeq 2000		Eastern_Eurasian_Wolves		M										W		0	WolfTibetan03	Eastern_Eurasian_Wolves	Wolves
WolfTibetan04	BGI-01505070003	WolfTibetan04	Canis	lupus	Grey_Wolf_Tibet	WOLF						27.7412	15.129	1.833644	0				PRJNA448733	SAMN03653001	Illumina HiSeq 2000		Eastern_Eurasian_Wolves		M										W		0	WolfTibetan04	Eastern_Eurasian_Wolves	Wolves
WolfTibetan05	BGI-01505070004	WolfTibetan05	Canis	lupus	Grey_Wolf_Tibet	WOLF						25.147	13.4971	1.86314097	0				PRJNA448733	SAMN03653004	Illumina HiSeq 2000		Eastern_Eurasian_Wolves		M										W		0	WolfTibetan05	Eastern_Eurasian_Wolves	Wolves
WolfTibetan06	BGI-01505070005	WolfTibetan06	Canis	lupus	Grey_Wolf_Tibet	WOLF						27.3937	15.2522	1.7960491	0				PRJNA448733	SAMN03652999	Illumina HiSeq 2000		Eastern_Eurasian_Wolves		F										W		0	WolfTibetan06	Eastern_Eurasian_Wolves	Wolves
WolfTibetan07	BGI-01505070007	WolfTibetan07	Canis	lupus	Grey_Wolf_Tibet	WOLF						25.1953	24.9461	1.00998954	0				PRJNA448733	SAMN03653000	Illumina HiSeq 2000		Eastern_Eurasian_Wolves		M										W		0	WolfTibetan07	Eastern_Eurasian_Wolves	Wolves
WolfTibetan08	BGI-01505070006	WolfTibetan08	Canis	lupus	Grey_Wolf_Tibet	WOLF						27.8366	15.0485	1.84979234	0				PRJNA448733	SAMN03653002	Illumina HiSeq 2000		Eastern_Eurasian_Wolves		F										W		0	WolfTibetan08	Eastern_Eurasian_Wolves	Wolves
Wolf_WO001_895		Wolf_WO001_895	Canis	lupus	Wolf	WOLF						27.1138	27.2122	0.99638398	0				PRJEB16012	SAMEA104091563	Illumina HiSeq 3000		North_American_Wolves		M										W		0	Wolf_WO001_895	North_American_Wolves	Wolves
Wolf_WO002_732		Wolf_WO002_732	Canis	lupus	Wolf	WOLF						22.166	12.4671	1.77795959	0				PRJEB16012	SAMEA104091564	Illumina HiSeq 3000		North_American_Wolves		F										W		0	Wolf_WO002_732	North_American_Wolves	Wolves
Wolf_WO003_636		Wolf_WO003_636	Canis	lupus	Wolf	WOLF						26.028	38.0625	0.68382266	0				PRJEB16012	SAMEA104091565	Illumina HiSeq 3000		North_American_Wolves		M										W		0	Wolf_WO003_636	North_American_Wolves	Wolves
XiasiDog01		XiasiDog01	Canis	familiaris	Xiasi_Dog							7.57159	4.39306	1.72353439	0				PRJNA232497	SAMN02485580	Illumina HiSeq 2000		East_Asian_Dogs		M										D		0	XiasiDog01	Dogs	East_Asian_Dogs
Xoloitzcuintli01		Xoloitzcuintli01	Canis	familiaris	Xoloitzcuintli	XOLO						15.0686	8.62311	1.74746698	0				PRJNA232497	SAMN02485566	Illumina HiSeq 2000		American_Dogs												D		0	Xoloitzcuintli01	Dogs	Americas_Dogs
Xoloitzcuintli02	CRR078235	Xoloitzcuintli02_30509	Canis	familiaris	Xoloitzcuintli	XOLO						15.6767	8.84476	1.77242797	0				PRJNA648123	SAMN15626053	Illumina HiSeq 3000		American_Dogs												D		0	Xoloitzcuintli02	Dogs	Americas_Dogs
Xoloitzcuintli03	CRR078236	Xoloitzcuintli03_34496	Canis	familiaris	Xoloitzcuintli	XOLO						11.6269	6.56641	1.77066312	0				PRJNA648123	SAMN15626054	Illumina HiSeq 3000		American_Dogs		M										D		0	Xoloitzcuintli03	Dogs	Americas_Dogs
YorkshireTerrier01		YorkshireTerrier01	Canis	familiaris	Yorkshire_Terrier	YORK						21.1802	11.8895	1.78142058	0				PRJEB13468	SAMEA3928145	Illumina HiSeq 3000		European_Dogs		M										D		0	YorkshireTerrier01	Dogs	European_Dogs
YorkshireTerrier02		YorkshireTerrier02	Canis	familiaris	Yorkshire_Terrier	YORK						32.9757	18.4432	1.78795979	0				PRJNA299099	SAMN04195509	Illumina HiSeq 3000		European_Dogs		M										D		0	YorkshireTerrier02	Dogs	European_Dogs
YorkshireTerrier03	BAN00315	YorkshireTerrier03	Canis	familiaris	Yorkshire_Terrier	YORK						19.353	11.1797	1.73108402	0				PRJNA448733	SAMN08873447	Illumina HiSeq 2500		European_Dogs		F										D		0	YorkshireTerrier03	Dogs	European_Dogs
YorkshireTerrier05	BAN00032	YorkshireTerrier05	Canis	familiaris	Yorkshire_Terrier	YORK						26.4946	26.9631	0.9826244	0				PRJNA448733	SAMN08873449	Illumina HiSeq 2500		European_Dogs		M										D		0	YorkshireTerrier05	Dogs	European_Dogs
YorkshireTerrier06	BAN00041	YorkshireTerrier06	Canis	familiaris	Yorkshire_Terrier	YORK						22.8335	12.9493	1.76329995	0				PRJNA448733	SAMN08873450	Illumina HiSeq 2500		European_Dogs		F										D		0	YorkshireTerrier06	Dogs	European_Dogs
YorkshireTerrier08	BAN00127	YorkshireTerrier08	Canis	familiaris	Yorkshire_Terrier	YORK						22.0469	22.0152	1.00143991	0				PRJNA448733	SAMN08873452	Illumina HiSeq 2500		European_Dogs		M										D		0	YorkshireTerrier08	Dogs	European_Dogs
YorkshireTerrier09	BAN00133	YorkshireTerrier09	Canis	familiaris	Yorkshire_Terrier	YORK						16.148	10.6901	1.5105565	0				PRJNA448733	SAMN08873453	Illumina HiSeq 2500		European_Dogs		F										D		0	YorkshireTerrier09	Dogs	European_Dogs
YorkshireTerrier11	BAN00150	YorkshireTerrier11	Canis	familiaris	Yorkshire_Terrier	YORK						7.22173	8.38727	0.86103464	0				PRJNA448733	SAMN08873455	Illumina HiSeq 2500		European_Dogs		F										D		0	YorkshireTerrier11	Dogs	European_Dogs
YorkshireTerrier12	BAN00183	YorkshireTerrier12	Canis	familiaris	Yorkshire_Terrier	YORK						16.4806	19.3382	0.8522303	0				PRJNA448733	SAMN08873456	Illumina HiSeq 2500		European_Dogs		M										D		0	YorkshireTerrier12	Dogs	European_Dogs
YorkshireTerrier13	BAN00235	YorkshireTerrier13	Canis	familiaris	Yorkshire_Terrier	YORK						14.9118	8.8657	1.68196533	0				PRJNA448733	SAMN08873457	Illumina HiSeq 2500		European_Dogs		M										D		0	YorkshireTerrier13	Dogs	European_Dogs
YorkshireTerrier14	BAN00283	YorkshireTerrier14	Canis	familiaris	Yorkshire_Terrier	YORK						17.3395	9.77873	1.77318527	0				PRJNA448733	SAMN08873458	Illumina HiSeq 2500		European_Dogs		M										D		0	YorkshireTerrier14	Dogs	European_Dogs
YorkshireTerrier15	BAN00289	YorkshireTerrier15	Canis	familiaris	Yorkshire_Terrier	YORK						17.0266	9.59989	1.77362449	0				PRJNA448733	SAMN08873459	Illumina HiSeq 2500		European_Dogs		M										D		0	YorkshireTerrier15	Dogs	European_Dogs
YorkshireTerrier16	BAN00368	YorkshireTerrier16	Canis	familiaris	Yorkshire_Terrier	YORK						18.1167	10.2367	1.76977932	0				PRJNA448733	SAMN08873460	Illumina HiSeq 2500		European_Dogs		M										D		0	YorkshireTerrier16	Dogs	European_Dogs
YorkshireTerrier17	BAN00380	YorkshireTerrier17	Canis	familiaris	Yorkshire_Terrier	YORK						16.1476	10.4277	1.5485294	0				PRJNA448733	SAMN08873461	Illumina HiSeq 2500		European_Dogs		F										D		0	YorkshireTerrier17	Dogs	European_Dogs
YorkshireTerrier18	BAN00437	YorkshireTerrier18	Canis	familiaris	Yorkshire_Terrier	YORK						16.001	18.1529	0.88145696	0				PRJNA448733	SAMN08873462	Illumina HiSeq 2500		European_Dogs		M										D		0	YorkshireTerrier18	Dogs	European_Dogs
YorkshireTerrier19	BAN00449	YorkshireTerrier19	Canis	familiaris	Yorkshire_Terrier	YORK						16.3589	10.2272	1.59954826	0				PRJNA448733	SAMN08873463	Illumina HiSeq 2500		European_Dogs		F										D		0	YorkshireTerrier19	Dogs	European_Dogs
YorkshireTerrier21	PER00016	YorkshireTerrier21	Canis	familiaris	Yorkshire_Terrier	YORK						17.4385	17.797	0.97985616	0				PRJNA448733	SAMN08873465	Illumina HiSeq 2500		European_Dogs		M										D		0	YorkshireTerrier21	Dogs	European_Dogs
YorkshireTerrier22	PER00018	YorkshireTerrier22	Canis	familiaris	Yorkshire_Terrier	YORK						16.8927	9.60748	1.75828625	0				PRJNA448733	SAMN08873466	Illumina HiSeq 2500		European_Dogs		M										D		0	YorkshireTerrier22	Dogs	European_Dogs
YorkshireTerrier23	PER00025	YorkshireTerrier23	Canis	familiaris	Yorkshire_Terrier	YORK						15.008	9.34462	1.60605782	0				PRJNA448733	SAMN08873467	Illumina HiSeq 2500		European_Dogs		F										D		0	YorkshireTerrier23	Dogs	European_Dogs
YorkshireTerrier24	PER00061	YorkshireTerrier24	Canis	familiaris	Yorkshire_Terrier	YORK						15.1091	15.5024	0.97462974	0				PRJNA448733	SAMN08873468	Illumina HiSeq 2500		European_Dogs		F										D		0	YorkshireTerrier24	Dogs	European_Dogs
YorkshireTerrier25	PER00064	YorkshireTerrier25	Canis	familiaris	Yorkshire_Terrier	YORK						15.7338	16.1587	0.97370457	0				PRJNA448733	SAMN08873469	Illumina HiSeq 2500		European_Dogs		F										D		0	YorkshireTerrier25	Dogs	European_Dogs
YorkshireTerrier26	PER00075	YorkshireTerrier26	Canis	familiaris	Yorkshire_Terrier	YORK						26.5454	27.3537	0.97045007	0				PRJNA448733	SAMN08873470	Illumina HiSeq 2500		European_Dogs		M										D		0	YorkshireTerrier26	Dogs	European_Dogs
YorkshireTerrier27	PER00107	YorkshireTerrier27	Canis	familiaris	Yorkshire_Terrier	YORK						17.2962	9.91872	1.74379355	0				PRJNA448733	SAMN08873471	Illumina HiSeq 2500		European_Dogs		M										D		0	YorkshireTerrier27	Dogs	European_Dogs
YorkshireTerrier28	PER00138	YorkshireTerrier28	Canis	familiaris	Yorkshire_Terrier	YORK						14.88	8.00913	1.8578797	0				PRJNA448733	SAMN08873472	Illumina HiSeq 2500		European_Dogs		M										D		0	YorkshireTerrier28	Dogs	European_Dogs
YorkshireTerrier29	PER00142	YorkshireTerrier29	Canis	familiaris	Yorkshire_Terrier	YORK						9.98982	5.99017	1.66770225	0				PRJNA448733	SAMN08873473	Illumina HiSeq 2500		European_Dogs		M										D		0	YorkshireTerrier29	Dogs	European_Dogs
YorkshireTerrier30	PER00144	YorkshireTerrier30	Canis	familiaris	Yorkshire_Terrier	YORK						14.2286	8.21185	1.73269117	0				PRJNA448733	SAMN08873474	Illumina HiSeq 2500		European_Dogs		F										D		0	YorkshireTerrier30	Dogs	European_Dogs
YorkshireTerrier31	PER00152	YorkshireTerrier31	Canis	familiaris	Yorkshire_Terrier	YORK						9.05932	10.4765	0.86472772	0				PRJNA448733	SAMN08873475	Illumina HiSeq 2500		European_Dogs		F										D		0	YorkshireTerrier31	Dogs	European_Dogs
YorkshireTerrier32	PER00204	YorkshireTerrier32	Canis	familiaris	Yorkshire_Terrier	YORK						26.5229	27.2849	0.97207247	0				PRJNA448733	SAMN08873476	Illumina HiSeq 2500		European_Dogs		M										D		0	YorkshireTerrier32	Dogs	European_Dogs
YorkshireTerrier33	PER00226	YorkshireTerrier33	Canis	familiaris	Yorkshire_Terrier	YORK						15.3642	8.94715	1.71721721	0				PRJNA448733	SAMN08873477	Illumina HiSeq 2500		European_Dogs		F										D		0	YorkshireTerrier33	Dogs	European_Dogs
YorkshireTerrier34	PER00259	YorkshireTerrier34	Canis	familiaris	Yorkshire_Terrier	YORK						16.0037	18.0432	0.88696573	0				PRJNA448733	SAMN08873478	Illumina HiSeq 2500		European_Dogs		M										D		0	YorkshireTerrier34	Dogs	European_Dogs
YorkshireTerrier35	PER00274	YorkshireTerrier35	Canis	familiaris	Yorkshire_Terrier	YORK						15.9438	9.81224	1.62488891	0				PRJNA448733	SAMN08873479	Illumina HiSeq 2500		European_Dogs		M										D		0	YorkshireTerrier35	Dogs	European_Dogs
YorkshireTerrier36	PER00313	YorkshireTerrier36	Canis	familiaris	Yorkshire_Terrier	YORK						13.1307	8.622	1.52292972	0				PRJNA448733	SAMN08873480	Illumina HiSeq 2500		European_Dogs		F										D		0	YorkshireTerrier36	Dogs	European_Dogs
YorkshireTerrier37	PER00314	YorkshireTerrier37	Canis	familiaris	Yorkshire_Terrier	YORK						15.0818	15.4944	0.97337102	0				PRJNA448733	SAMN08873481	Illumina HiSeq 2500		European_Dogs		M										D		0	YorkshireTerrier37	Dogs	European_Dogs
YorkshireTerrier38	PER00321	YorkshireTerrier38	Canis	familiaris	Yorkshire_Terrier	YORK						10.2633	6.11747	1.67770336	0				PRJNA448733	SAMN08873482	Illumina HiSeq 2500		European_Dogs		F										D		0	YorkshireTerrier38	Dogs	European_Dogs
YorkshireTerrier39	PER00324	YorkshireTerrier39	Canis	familiaris	Yorkshire_Terrier	YORK						12.3038	14.3224	0.85905993	0				PRJNA448733	SAMN08873483	Illumina HiSeq 2500		European_Dogs		M										D		0	YorkshireTerrier39	Dogs	European_Dogs
YorkshireTerrier40	PER00327	YorkshireTerrier40	Canis	familiaris	Yorkshire_Terrier	YORK						15.5473	8.96644	1.73394346	0				PRJNA448733	SAMN08873484	Illumina HiSeq 2500		European_Dogs		M										D		0	YorkshireTerrier40	Dogs	European_Dogs
YorkshireTerrier41	PER00344	YorkshireTerrier41	Canis	familiaris	Yorkshire_Terrier	YORK						15.5962	10.028	1.55526526	0				PRJNA448733	SAMN08873485	Illumina HiSeq 2500		European_Dogs		M										D		0	YorkshireTerrier41	Dogs	European_Dogs
YorkshireTerrier42	PER00361	YorkshireTerrier42	Canis	familiaris	Yorkshire_Terrier	YORK						18.3128	10.4182	1.75777006	0				PRJNA448733	SAMN08873486	Illumina HiSeq 2500		European_Dogs		F										D		0	YorkshireTerrier42	Dogs	European_Dogs
YorkshireTerrier43	PER00393	YorkshireTerrier43	Canis	familiaris	Yorkshire_Terrier	YORK						15.8463	14.0005	1.13183815	0				PRJNA448733	SAMN08873487	Illumina HiSeq 2500		European_Dogs		M										D		0	YorkshireTerrier43	Dogs	European_Dogs
YorkshireTerrier44	PER00394	YorkshireTerrier44	Canis	familiaris	Yorkshire_Terrier	YORK						18.6027	10.5093	1.7701179	0				PRJNA448733	SAMN08873488	Illumina HiSeq 2500		European_Dogs		M										D		0	YorkshireTerrier44	Dogs	European_Dogs
YorkshireTerrier45	PER00408	YorkshireTerrier45	Canis	familiaris	Yorkshire_Terrier	YORK						11.3213	7.34945	1.5404282	0				PRJNA448733	SAMN08873489	Illumina HiSeq 2500		European_Dogs		F										D		0	YorkshireTerrier45	Dogs	European_Dogs
YorkshireTerrier46	PER00409	YorkshireTerrier46	Canis	familiaris	Yorkshire_Terrier	YORK						22.8567	25.7694	0.88697059	0				PRJNA448733	SAMN08873490	Illumina HiSeq 2500		European_Dogs		M										D		0	YorkshireTerrier46	Dogs	European_Dogs
YorkshireTerrier47	PER00425	YorkshireTerrier47	Canis	familiaris	Yorkshire_Terrier	YORK						14.5863	8.39505	1.73748816	0				PRJNA448733	SAMN08873491	Illumina HiSeq 2500		European_Dogs		M										D		0	YorkshireTerrier47	Dogs	European_Dogs
YorkshireTerrier48	PER00429	YorkshireTerrier48	Canis	familiaris	Yorkshire_Terrier	YORK						7.73449	5.03599	1.535843	0				PRJNA448733	SAMN08873492	Illumina HiSeq 2500		European_Dogs		M										D		0	YorkshireTerrier48	Dogs	European_Dogs
YorkshireTerrier49	PER00438	YorkshireTerrier49	Canis	familiaris	Yorkshire_Terrier	YORK						4.65315	3.16718	1.46917763	0				PRJNA448733	SAMN08873493	Illumina HiSeq 2500		European_Dogs		M										D		0	YorkshireTerrier49	Dogs	European_Dogs
YorkshireTerrier50	PER00454	YorkshireTerrier50	Canis	familiaris	Yorkshire_Terrier	YORK						14.5241	8.8129	1.64805002	0				PRJNA448733	SAMN08873494	Illumina HiSeq 2500		European_Dogs		M										D		0	YorkshireTerrier50	Dogs	European_Dogs
YorkshireTerrier51	PER00462	YorkshireTerrier51	Canis	familiaris	Yorkshire_Terrier	YORK						16.5551	9.56881	1.73011064	0				PRJNA448733	SAMN08873495	Illumina HiSeq 2500		European_Dogs		M										D		0	YorkshireTerrier51	Dogs	European_Dogs
YorkshireTerrier52	PER00465	YorkshireTerrier52	Canis	familiaris	Yorkshire_Terrier	YORK						19.9313	11.3844	1.75075542	0				PRJNA448733	SAMN08873496	Illumina HiSeq 2500		European_Dogs		M										D		0	YorkshireTerrier52	Dogs	European_Dogs
YorkshireTerrier53	PER00481	YorkshireTerrier53	Canis	familiaris	Yorkshire_Terrier	YORK						17.4416	10.0239	1.7400014	0				PRJNA448733	SAMN08873497	Illumina HiSeq 2500		European_Dogs		F										D		0	YorkshireTerrier53	Dogs	European_Dogs
YorkshireTerrier54	PER00484	YorkshireTerrier54	Canis	familiaris	Yorkshire_Terrier	YORK						15.383	17.721	0.86806614	0				PRJNA448733	SAMN08873498	Illumina HiSeq 2500		European_Dogs		M										D		0	YorkshireTerrier54	Dogs	European_Dogs
YorkshireTerrier55	PER00550	YorkshireTerrier55	Canis	familiaris	Yorkshire_Terrier	YORK						14.6754	8.89278	1.6502601	0				PRJNA448733	SAMN08873499	Illumina HiSeq 2500		European_Dogs		F										D		0	YorkshireTerrier55	Dogs	European_Dogs
YorkshireTerrier56	PER00594	YorkshireTerrier56	Canis	familiaris	Yorkshire_Terrier	YORK						13.0763	13.3404	0.98020299	0				PRJNA448733	SAMN08873500	Illumina HiSeq 2500		European_Dogs		M										D		0	YorkshireTerrier56	Dogs	European_Dogs
YorkshireTerrier57	PER00602	YorkshireTerrier57	Canis	familiaris	Yorkshire_Terrier	YORK						8.77357	5.34962	1.64003612	0				PRJNA448733	SAMN08873501	Illumina HiSeq 2500		European_Dogs		M										D		0	YorkshireTerrier57	Dogs	European_Dogs
YorkshireTerrier58	PER00605	YorkshireTerrier58	Canis	familiaris	Yorkshire_Terrier	YORK						17.3192	11.4168	1.5169925	0				PRJNA448733	SAMN08873502	Illumina HiSeq 2500		European_Dogs		M										D		0	YorkshireTerrier58	Dogs	European_Dogs
YorkshireTerrier59	PER00606	YorkshireTerrier59	Canis	familiaris	Yorkshire_Terrier	YORK						16.1339	10.1717	1.58615571	0				PRJNA448733	SAMN08873503	Illumina HiSeq 2500		European_Dogs		M										D		0	YorkshireTerrier59	Dogs	European_Dogs
YorkshireTerrier62	PER00626	YorkshireTerrier62	Canis	familiaris	Yorkshire_Terrier	YORK						16.057	10.4663	1.53416203	0				PRJNA448733	SAMN08873506	Illumina HiSeq 2500		European_Dogs		M										D		0	YorkshireTerrier62	Dogs	European_Dogs
YorkshireTerrier63	PER00640	YorkshireTerrier63	Canis	familiaris	Yorkshire_Terrier	YORK						4.72104	3.0735	1.53604685	0				PRJNA448733	SAMN08873507	Illumina HiSeq 2500		European_Dogs		F										D		0	YorkshireTerrier63	Dogs	European_Dogs
YorkshireTerrier64	PER00642	YorkshireTerrier64	Canis	familiaris	Yorkshire_Terrier	YORK						14.4015	14.5686	0.98853013	0				PRJNA448733	SAMN08873508	Illumina HiSeq 2500		European_Dogs		F										D		0	YorkshireTerrier64	Dogs	European_Dogs
YorkshireTerrier65	PER00646	YorkshireTerrier65	Canis	familiaris	Yorkshire_Terrier	YORK						14.9534	15.1791	0.98513087	0				PRJNA448733	SAMN08873509	Illumina HiSeq 2500		European_Dogs		M										D		0	YorkshireTerrier65	Dogs	European_Dogs
YorkshireTerrier66	PER00650	YorkshireTerrier66	Canis	familiaris	Yorkshire_Terrier	YORK						13.6795	7.83068	1.74691087	0				PRJNA448733	SAMN08873510	Illumina HiSeq 2500		European_Dogs		M										D		0	YorkshireTerrier66	Dogs	European_Dogs
YorkshireTerrier67	PER00658	YorkshireTerrier67	Canis	familiaris	Yorkshire_Terrier	YORK						18.4241	10.6219	1.73453902	0				PRJNA448733	SAMN08873511	Illumina HiSeq 2500		European_Dogs		M										D		0	YorkshireTerrier67	Dogs	European_Dogs
YorkshireTerrier68	PER00738	YorkshireTerrier68	Canis	familiaris	Yorkshire_Terrier	YORK						15.8011	9.13564	1.72961062	0				PRJNA448733	SAMN08873512	Illumina HiSeq 2500		European_Dogs		F										D		0	YorkshireTerrier68	Dogs	European_Dogs
YorkshireTerrier69	PER00739	YorkshireTerrier69	Canis	familiaris	Yorkshire_Terrier	YORK						15.3187	15.3926	0.99519899	0				PRJNA448733	SAMN08873513	Illumina HiSeq 2500		European_Dogs		F										D		0	YorkshireTerrier69	Dogs	European_Dogs
YorkshireTerrier70	PER00747	YorkshireTerrier70	Canis	familiaris	Yorkshire_Terrier	YORK						2.03087	2.08501	0.9740337	0				PRJNA448733	SAMN08873514	Illumina HiSeq 2500		European_Dogs		M										D		0	YorkshireTerrier70	Dogs	European_Dogs
YorkshireTerrier71	PER00750	YorkshireTerrier71	Canis	familiaris	Yorkshire_Terrier	YORK						15.3373	8.87857	1.72745161	0				PRJNA448733	SAMN08873515	Illumina HiSeq 2500		European_Dogs		F										D		0	YorkshireTerrier71	Dogs	European_Dogs
YorkshireTerrier72	PER00758	YorkshireTerrier72	Canis	familiaris	Yorkshire_Terrier	YORK						15.6075	16.4201	0.95051187	0				PRJNA448733	SAMN08873516	Illumina HiSeq 2500		European_Dogs		M										D		0	YorkshireTerrier72	Dogs	European_Dogs
YorkshireTerrier73	PER00777	YorkshireTerrier73	Canis	familiaris	Yorkshire_Terrier	YORK						16.5023	9.73722	1.69476504	0				PRJNA448733	SAMN08873517	Illumina HiSeq 2500		European_Dogs		M										D		0	YorkshireTerrier73	Dogs	European_Dogs
YorkshireTerrier74	PER00806	YorkshireTerrier74	Canis	familiaris	Yorkshire_Terrier	YORK						13.4288	8.77737	1.52993437	0				PRJNA448733	SAMN08873518	Illumina HiSeq 2500		European_Dogs		M										D		0	YorkshireTerrier74	Dogs	European_Dogs
YorkshireTerrier75	PER00816	YorkshireTerrier75	Canis	familiaris	Yorkshire_Terrier	YORK						16.0582	9.56801	1.67832182	0				PRJNA448733	SAMN08873519	Illumina HiSeq 2500		European_Dogs		F										D		0	YorkshireTerrier75	Dogs	European_Dogs
YorkshireTerrier76	CRR055094	YorkshireTerrier76_14941	Canis	familiaris	Yorkshire_Terrier	YORK						19.0691	19.1589	0.99531288	0				PRJNA648123	SAMN15626055	Illumina HiSeq 3000		European_Dogs		M										D		0	YorkshireTerrier76	Dogs	European_Dogs
YorkshireTerrier77	CRR055095	YorkshireTerrier77_14954	Canis	familiaris	Yorkshire_Terrier	YORK						18.0691	18.0691	1	0				PRJNA648123	SAMN15626056	Illumina HiSeq 3000		European_Dogs												D		0	YorkshireTerrier77	Dogs	European_Dogs